food_key,food_ja,scope,n_sources,layer,n_pubmed,n_openalex,n_cinii,pubmed_query,openalex_query,cinii_query
banana,バナナ,core,14,L1,7842,,4052,banana[tiab],,バナナ
banana,バナナ,core,14,L2,47,3346,,"banana[tiab] AND (""body temperature""[tiab] OR ""core temperature""[tiab] OR ""skin temperature""[tiab] OR ""tympanic temperature""[tiab] OR ""axillary temperature""[tiab] OR ""rectal temperature""[tiab] OR ""oral temperature""[tiab] OR thermogenesis[tiab] OR ""thermic effect""[tiab] OR ""heat production""[tiab] OR ""energy expenditure""[tiab] OR ""metabolic rate""[tiab] OR ""peripheral circulation""[tiab] OR ""blood flow""[tiab] OR microcirculation[tiab] OR thermoregulation[tiab] OR ""cold tolerance""[tiab] OR ""cold exposure""[tiab] OR ""thermal sensation""[tiab] OR ""thermal comfort""[tiab] OR ""cold sensitivity""[tiab] OR ""cold hypersensitivity""[tiab])","banana AND (""body temperature"" OR ""core temperature"" OR ""skin temperature"" OR ""tympanic temperature"" OR ""axillary temperature"" OR ""rectal temperature"" OR ""oral temperature"" OR thermogenesis OR ""thermic effect"" OR ""heat production"" OR ""energy expenditure"" OR ""metabolic rate"" OR ""peripheral circulation"" OR ""blood flow"" OR microcirculation OR thermoregulation OR ""cold tolerance"" OR ""cold exposure"" OR ""thermal sensation"" OR ""thermal comfort"" OR ""cold sensitivity"" OR ""cold hypersensitivity"")",
banana,バナナ,core,14,L3,1,,,"banana[tiab] AND (""body temperature""[tiab] OR ""core temperature""[tiab] OR ""skin temperature""[tiab] OR ""tympanic temperature""[tiab] OR ""axillary temperature""[tiab] OR ""rectal temperature""[tiab] OR ""oral temperature""[tiab] OR thermogenesis[tiab] OR ""thermic effect""[tiab] OR ""heat production""[tiab] OR ""energy expenditure""[tiab] OR ""metabolic rate""[tiab] OR ""peripheral circulation""[tiab] OR ""blood flow""[tiab] OR microcirculation[tiab] OR thermoregulation[tiab] OR ""cold tolerance""[tiab] OR ""cold exposure""[tiab] OR ""thermal sensation""[tiab] OR ""thermal comfort""[tiab] OR ""cold sensitivity""[tiab] OR ""cold hypersensitivity""[tiab]) AND ""randomized controlled trial""[pt]",,
carrot,にんじん,core,13,L1,5702,,4690,carrot[tiab],,にんじん
carrot,にんじん,core,13,L2,12,2391,,"carrot[tiab] AND (""body temperature""[tiab] OR ""core temperature""[tiab] OR ""skin temperature""[tiab] OR ""tympanic temperature""[tiab] OR ""axillary temperature""[tiab] OR ""rectal temperature""[tiab] OR ""oral temperature""[tiab] OR thermogenesis[tiab] OR ""thermic effect""[tiab] OR ""heat production""[tiab] OR ""energy expenditure""[tiab] OR ""metabolic rate""[tiab] OR ""peripheral circulation""[tiab] OR ""blood flow""[tiab] OR microcirculation[tiab] OR thermoregulation[tiab] OR ""cold tolerance""[tiab] OR ""cold exposure""[tiab] OR ""thermal sensation""[tiab] OR ""thermal comfort""[tiab] OR ""cold sensitivity""[tiab] OR ""cold hypersensitivity""[tiab])","carrot AND (""body temperature"" OR ""core temperature"" OR ""skin temperature"" OR ""tympanic temperature"" OR ""axillary temperature"" OR ""rectal temperature"" OR ""oral temperature"" OR thermogenesis OR ""thermic effect"" OR ""heat production"" OR ""energy expenditure"" OR ""metabolic rate"" OR ""peripheral circulation"" OR ""blood flow"" OR microcirculation OR thermoregulation OR ""cold tolerance"" OR ""cold exposure"" OR ""thermal sensation"" OR ""thermal comfort"" OR ""cold sensitivity"" OR ""cold hypersensitivity"")",
carrot,にんじん,core,13,L3,0,,,"carrot[tiab] AND (""body temperature""[tiab] OR ""core temperature""[tiab] OR ""skin temperature""[tiab] OR ""tympanic temperature""[tiab] OR ""axillary temperature""[tiab] OR ""rectal temperature""[tiab] OR ""oral temperature""[tiab] OR thermogenesis[tiab] OR ""thermic effect""[tiab] OR ""heat production""[tiab] OR ""energy expenditure""[tiab] OR ""metabolic rate""[tiab] OR ""peripheral circulation""[tiab] OR ""blood flow""[tiab] OR microcirculation[tiab] OR thermoregulation[tiab] OR ""cold tolerance""[tiab] OR ""cold exposure""[tiab] OR ""thermal sensation""[tiab] OR ""thermal comfort""[tiab] OR ""cold sensitivity""[tiab] OR ""cold hypersensitivity""[tiab]) AND ""randomized controlled trial""[pt]",,
tomato,トマト,core,13,L1,38050,,26813,tomato[tiab],,トマト
tomato,トマト,core,13,L2,200,5125,,"tomato[tiab] AND (""body temperature""[tiab] OR ""core temperature""[tiab] OR ""skin temperature""[tiab] OR ""tympanic temperature""[tiab] OR ""axillary temperature""[tiab] OR ""rectal temperature""[tiab] OR ""oral temperature""[tiab] OR thermogenesis[tiab] OR ""thermic effect""[tiab] OR ""heat production""[tiab] OR ""energy expenditure""[tiab] OR ""metabolic rate""[tiab] OR ""peripheral circulation""[tiab] OR ""blood flow""[tiab] OR microcirculation[tiab] OR thermoregulation[tiab] OR ""cold tolerance""[tiab] OR ""cold exposure""[tiab] OR ""thermal sensation""[tiab] OR ""thermal comfort""[tiab] OR ""cold sensitivity""[tiab] OR ""cold hypersensitivity""[tiab])","tomato AND (""body temperature"" OR ""core temperature"" OR ""skin temperature"" OR ""tympanic temperature"" OR ""axillary temperature"" OR ""rectal temperature"" OR ""oral temperature"" OR thermogenesis OR ""thermic effect"" OR ""heat production"" OR ""energy expenditure"" OR ""metabolic rate"" OR ""peripheral circulation"" OR ""blood flow"" OR microcirculation OR thermoregulation OR ""cold tolerance"" OR ""cold exposure"" OR ""thermal sensation"" OR ""thermal comfort"" OR ""cold sensitivity"" OR ""cold hypersensitivity"")",
tomato,トマト,core,13,L3,1,,,"tomato[tiab] AND (""body temperature""[tiab] OR ""core temperature""[tiab] OR ""skin temperature""[tiab] OR ""tympanic temperature""[tiab] OR ""axillary temperature""[tiab] OR ""rectal temperature""[tiab] OR ""oral temperature""[tiab] OR thermogenesis[tiab] OR ""thermic effect""[tiab] OR ""heat production""[tiab] OR ""energy expenditure""[tiab] OR ""metabolic rate""[tiab] OR ""peripheral circulation""[tiab] OR ""blood flow""[tiab] OR microcirculation[tiab] OR thermoregulation[tiab] OR ""cold tolerance""[tiab] OR ""cold exposure""[tiab] OR ""thermal sensation""[tiab] OR ""thermal comfort""[tiab] OR ""cold sensitivity""[tiab] OR ""cold hypersensitivity""[tiab]) AND ""randomized controlled trial""[pt]",,
cucumber,きゅうり,core,12,L1,12174,,19216,cucumber[tiab],,きゅうり
cucumber,きゅうり,core,12,L2,67,1938,,"cucumber[tiab] AND (""body temperature""[tiab] OR ""core temperature""[tiab] OR ""skin temperature""[tiab] OR ""tympanic temperature""[tiab] OR ""axillary temperature""[tiab] OR ""rectal temperature""[tiab] OR ""oral temperature""[tiab] OR thermogenesis[tiab] OR ""thermic effect""[tiab] OR ""heat production""[tiab] OR ""energy expenditure""[tiab] OR ""metabolic rate""[tiab] OR ""peripheral circulation""[tiab] OR ""blood flow""[tiab] OR microcirculation[tiab] OR thermoregulation[tiab] OR ""cold tolerance""[tiab] OR ""cold exposure""[tiab] OR ""thermal sensation""[tiab] OR ""thermal comfort""[tiab] OR ""cold sensitivity""[tiab] OR ""cold hypersensitivity""[tiab])","cucumber AND (""body temperature"" OR ""core temperature"" OR ""skin temperature"" OR ""tympanic temperature"" OR ""axillary temperature"" OR ""rectal temperature"" OR ""oral temperature"" OR thermogenesis OR ""thermic effect"" OR ""heat production"" OR ""energy expenditure"" OR ""metabolic rate"" OR ""peripheral circulation"" OR ""blood flow"" OR microcirculation OR thermoregulation OR ""cold tolerance"" OR ""cold exposure"" OR ""thermal sensation"" OR ""thermal comfort"" OR ""cold sensitivity"" OR ""cold hypersensitivity"")",
cucumber,きゅうり,core,12,L3,1,,,"cucumber[tiab] AND (""body temperature""[tiab] OR ""core temperature""[tiab] OR ""skin temperature""[tiab] OR ""tympanic temperature""[tiab] OR ""axillary temperature""[tiab] OR ""rectal temperature""[tiab] OR ""oral temperature""[tiab] OR thermogenesis[tiab] OR ""thermic effect""[tiab] OR ""heat production""[tiab] OR ""energy expenditure""[tiab] OR ""metabolic rate""[tiab] OR ""peripheral circulation""[tiab] OR ""blood flow""[tiab] OR microcirculation[tiab] OR thermoregulation[tiab] OR ""cold tolerance""[tiab] OR ""cold exposure""[tiab] OR ""thermal sensation""[tiab] OR ""thermal comfort""[tiab] OR ""cold sensitivity""[tiab] OR ""cold hypersensitivity""[tiab]) AND ""randomized controlled trial""[pt]",,
miso,味噌,core,12,L1,1158,,9172,"(miso[tiab] OR ""fermented soybean paste""[tiab])",,味噌
miso,味噌,core,12,L2,15,407,,"(miso[tiab] OR ""fermented soybean paste""[tiab]) AND (""body temperature""[tiab] OR ""core temperature""[tiab] OR ""skin temperature""[tiab] OR ""tympanic temperature""[tiab] OR ""axillary temperature""[tiab] OR ""rectal temperature""[tiab] OR ""oral temperature""[tiab] OR thermogenesis[tiab] OR ""thermic effect""[tiab] OR ""heat production""[tiab] OR ""energy expenditure""[tiab] OR ""metabolic rate""[tiab] OR ""peripheral circulation""[tiab] OR ""blood flow""[tiab] OR microcirculation[tiab] OR thermoregulation[tiab] OR ""cold tolerance""[tiab] OR ""cold exposure""[tiab] OR ""thermal sensation""[tiab] OR ""thermal comfort""[tiab] OR ""cold sensitivity""[tiab] OR ""cold hypersensitivity""[tiab])","(miso OR ""fermented soybean paste"") AND (""body temperature"" OR ""core temperature"" OR ""skin temperature"" OR ""tympanic temperature"" OR ""axillary temperature"" OR ""rectal temperature"" OR ""oral temperature"" OR thermogenesis OR ""thermic effect"" OR ""heat production"" OR ""energy expenditure"" OR ""metabolic rate"" OR ""peripheral circulation"" OR ""blood flow"" OR microcirculation OR thermoregulation OR ""cold tolerance"" OR ""cold exposure"" OR ""thermal sensation"" OR ""thermal comfort"" OR ""cold sensitivity"" OR ""cold hypersensitivity"")",
miso,味噌,core,12,L3,0,,,"(miso[tiab] OR ""fermented soybean paste""[tiab]) AND (""body temperature""[tiab] OR ""core temperature""[tiab] OR ""skin temperature""[tiab] OR ""tympanic temperature""[tiab] OR ""axillary temperature""[tiab] OR ""rectal temperature""[tiab] OR ""oral temperature""[tiab] OR thermogenesis[tiab] OR ""thermic effect""[tiab] OR ""heat production""[tiab] OR ""energy expenditure""[tiab] OR ""metabolic rate""[tiab] OR ""peripheral circulation""[tiab] OR ""blood flow""[tiab] OR microcirculation[tiab] OR thermoregulation[tiab] OR ""cold tolerance""[tiab] OR ""cold exposure""[tiab] OR ""thermal sensation""[tiab] OR ""thermal comfort""[tiab] OR ""cold sensitivity""[tiab] OR ""cold hypersensitivity""[tiab]) AND ""randomized controlled trial""[pt]",,
pumpkin,かぼちゃ,core,12,L1,2631,,2389,pumpkin[tiab],,かぼちゃ
pumpkin,かぼちゃ,core,12,L2,15,921,,"pumpkin[tiab] AND (""body temperature""[tiab] OR ""core temperature""[tiab] OR ""skin temperature""[tiab] OR ""tympanic temperature""[tiab] OR ""axillary temperature""[tiab] OR ""rectal temperature""[tiab] OR ""oral temperature""[tiab] OR thermogenesis[tiab] OR ""thermic effect""[tiab] OR ""heat production""[tiab] OR ""energy expenditure""[tiab] OR ""metabolic rate""[tiab] OR ""peripheral circulation""[tiab] OR ""blood flow""[tiab] OR microcirculation[tiab] OR thermoregulation[tiab] OR ""cold tolerance""[tiab] OR ""cold exposure""[tiab] OR ""thermal sensation""[tiab] OR ""thermal comfort""[tiab] OR ""cold sensitivity""[tiab] OR ""cold hypersensitivity""[tiab])","pumpkin AND (""body temperature"" OR ""core temperature"" OR ""skin temperature"" OR ""tympanic temperature"" OR ""axillary temperature"" OR ""rectal temperature"" OR ""oral temperature"" OR thermogenesis OR ""thermic effect"" OR ""heat production"" OR ""energy expenditure"" OR ""metabolic rate"" OR ""peripheral circulation"" OR ""blood flow"" OR microcirculation OR thermoregulation OR ""cold tolerance"" OR ""cold exposure"" OR ""thermal sensation"" OR ""thermal comfort"" OR ""cold sensitivity"" OR ""cold hypersensitivity"")",
pumpkin,かぼちゃ,core,12,L3,0,,,"pumpkin[tiab] AND (""body temperature""[tiab] OR ""core temperature""[tiab] OR ""skin temperature""[tiab] OR ""tympanic temperature""[tiab] OR ""axillary temperature""[tiab] OR ""rectal temperature""[tiab] OR ""oral temperature""[tiab] OR thermogenesis[tiab] OR ""thermic effect""[tiab] OR ""heat production""[tiab] OR ""energy expenditure""[tiab] OR ""metabolic rate""[tiab] OR ""peripheral circulation""[tiab] OR ""blood flow""[tiab] OR microcirculation[tiab] OR thermoregulation[tiab] OR ""cold tolerance""[tiab] OR ""cold exposure""[tiab] OR ""thermal sensation""[tiab] OR ""thermal comfort""[tiab] OR ""cold sensitivity""[tiab] OR ""cold hypersensitivity""[tiab]) AND ""randomized controlled trial""[pt]",,
burdock,ごぼう,core,12,L1,323,,2098,burdock[tiab],,ごぼう
burdock,ごぼう,core,12,L2,0,241,,"burdock[tiab] AND (""body temperature""[tiab] OR ""core temperature""[tiab] OR ""skin temperature""[tiab] OR ""tympanic temperature""[tiab] OR ""axillary temperature""[tiab] OR ""rectal temperature""[tiab] OR ""oral temperature""[tiab] OR thermogenesis[tiab] OR ""thermic effect""[tiab] OR ""heat production""[tiab] OR ""energy expenditure""[tiab] OR ""metabolic rate""[tiab] OR ""peripheral circulation""[tiab] OR ""blood flow""[tiab] OR microcirculation[tiab] OR thermoregulation[tiab] OR ""cold tolerance""[tiab] OR ""cold exposure""[tiab] OR ""thermal sensation""[tiab] OR ""thermal comfort""[tiab] OR ""cold sensitivity""[tiab] OR ""cold hypersensitivity""[tiab])","burdock AND (""body temperature"" OR ""core temperature"" OR ""skin temperature"" OR ""tympanic temperature"" OR ""axillary temperature"" OR ""rectal temperature"" OR ""oral temperature"" OR thermogenesis OR ""thermic effect"" OR ""heat production"" OR ""energy expenditure"" OR ""metabolic rate"" OR ""peripheral circulation"" OR ""blood flow"" OR microcirculation OR thermoregulation OR ""cold tolerance"" OR ""cold exposure"" OR ""thermal sensation"" OR ""thermal comfort"" OR ""cold sensitivity"" OR ""cold hypersensitivity"")",
burdock,ごぼう,core,12,L3,0,,,"burdock[tiab] AND (""body temperature""[tiab] OR ""core temperature""[tiab] OR ""skin temperature""[tiab] OR ""tympanic temperature""[tiab] OR ""axillary temperature""[tiab] OR ""rectal temperature""[tiab] OR ""oral temperature""[tiab] OR thermogenesis[tiab] OR ""thermic effect""[tiab] OR ""heat production""[tiab] OR ""energy expenditure""[tiab] OR ""metabolic rate""[tiab] OR ""peripheral circulation""[tiab] OR ""blood flow""[tiab] OR microcirculation[tiab] OR thermoregulation[tiab] OR ""cold tolerance""[tiab] OR ""cold exposure""[tiab] OR ""thermal sensation""[tiab] OR ""thermal comfort""[tiab] OR ""cold sensitivity""[tiab] OR ""cold hypersensitivity""[tiab]) AND ""randomized controlled trial""[pt]",,
eggplant,なす,core,11,L1,2072,,151994,eggplant[tiab],,なす
eggplant,なす,core,11,L2,13,420,,"eggplant[tiab] AND (""body temperature""[tiab] OR ""core temperature""[tiab] OR ""skin temperature""[tiab] OR ""tympanic temperature""[tiab] OR ""axillary temperature""[tiab] OR ""rectal temperature""[tiab] OR ""oral temperature""[tiab] OR thermogenesis[tiab] OR ""thermic effect""[tiab] OR ""heat production""[tiab] OR ""energy expenditure""[tiab] OR ""metabolic rate""[tiab] OR ""peripheral circulation""[tiab] OR ""blood flow""[tiab] OR microcirculation[tiab] OR thermoregulation[tiab] OR ""cold tolerance""[tiab] OR ""cold exposure""[tiab] OR ""thermal sensation""[tiab] OR ""thermal comfort""[tiab] OR ""cold sensitivity""[tiab] OR ""cold hypersensitivity""[tiab])","eggplant AND (""body temperature"" OR ""core temperature"" OR ""skin temperature"" OR ""tympanic temperature"" OR ""axillary temperature"" OR ""rectal temperature"" OR ""oral temperature"" OR thermogenesis OR ""thermic effect"" OR ""heat production"" OR ""energy expenditure"" OR ""metabolic rate"" OR ""peripheral circulation"" OR ""blood flow"" OR microcirculation OR thermoregulation OR ""cold tolerance"" OR ""cold exposure"" OR ""thermal sensation"" OR ""thermal comfort"" OR ""cold sensitivity"" OR ""cold hypersensitivity"")",
eggplant,なす,core,11,L3,0,,,"eggplant[tiab] AND (""body temperature""[tiab] OR ""core temperature""[tiab] OR ""skin temperature""[tiab] OR ""tympanic temperature""[tiab] OR ""axillary temperature""[tiab] OR ""rectal temperature""[tiab] OR ""oral temperature""[tiab] OR thermogenesis[tiab] OR ""thermic effect""[tiab] OR ""heat production""[tiab] OR ""energy expenditure""[tiab] OR ""metabolic rate""[tiab] OR ""peripheral circulation""[tiab] OR ""blood flow""[tiab] OR microcirculation[tiab] OR thermoregulation[tiab] OR ""cold tolerance""[tiab] OR ""cold exposure""[tiab] OR ""thermal sensation""[tiab] OR ""thermal comfort""[tiab] OR ""cold sensitivity""[tiab] OR ""cold hypersensitivity""[tiab]) AND ""randomized controlled trial""[pt]",,
ginger,しょうが,core,11,L1,5730,,371583,ginger[tiab],,しょうが
ginger,しょうが,core,11,L2,70,3172,,"ginger[tiab] AND (""body temperature""[tiab] OR ""core temperature""[tiab] OR ""skin temperature""[tiab] OR ""tympanic temperature""[tiab] OR ""axillary temperature""[tiab] OR ""rectal temperature""[tiab] OR ""oral temperature""[tiab] OR thermogenesis[tiab] OR ""thermic effect""[tiab] OR ""heat production""[tiab] OR ""energy expenditure""[tiab] OR ""metabolic rate""[tiab] OR ""peripheral circulation""[tiab] OR ""blood flow""[tiab] OR microcirculation[tiab] OR thermoregulation[tiab] OR ""cold tolerance""[tiab] OR ""cold exposure""[tiab] OR ""thermal sensation""[tiab] OR ""thermal comfort""[tiab] OR ""cold sensitivity""[tiab] OR ""cold hypersensitivity""[tiab])","ginger AND (""body temperature"" OR ""core temperature"" OR ""skin temperature"" OR ""tympanic temperature"" OR ""axillary temperature"" OR ""rectal temperature"" OR ""oral temperature"" OR thermogenesis OR ""thermic effect"" OR ""heat production"" OR ""energy expenditure"" OR ""metabolic rate"" OR ""peripheral circulation"" OR ""blood flow"" OR microcirculation OR thermoregulation OR ""cold tolerance"" OR ""cold exposure"" OR ""thermal sensation"" OR ""thermal comfort"" OR ""cold sensitivity"" OR ""cold hypersensitivity"")",
ginger,しょうが,core,11,L3,12,,,"ginger[tiab] AND (""body temperature""[tiab] OR ""core temperature""[tiab] OR ""skin temperature""[tiab] OR ""tympanic temperature""[tiab] OR ""axillary temperature""[tiab] OR ""rectal temperature""[tiab] OR ""oral temperature""[tiab] OR thermogenesis[tiab] OR ""thermic effect""[tiab] OR ""heat production""[tiab] OR ""energy expenditure""[tiab] OR ""metabolic rate""[tiab] OR ""peripheral circulation""[tiab] OR ""blood flow""[tiab] OR microcirculation[tiab] OR thermoregulation[tiab] OR ""cold tolerance""[tiab] OR ""cold exposure""[tiab] OR ""thermal sensation""[tiab] OR ""thermal comfort""[tiab] OR ""cold sensitivity""[tiab] OR ""cold hypersensitivity""[tiab]) AND ""randomized controlled trial""[pt]",,
chicken,鶏肉,core,10,L1,94310,,3494,chicken[tiab],,鶏肉
chicken,鶏肉,core,10,L2,702,26267,,"chicken[tiab] AND (""body temperature""[tiab] OR ""core temperature""[tiab] OR ""skin temperature""[tiab] OR ""tympanic temperature""[tiab] OR ""axillary temperature""[tiab] OR ""rectal temperature""[tiab] OR ""oral temperature""[tiab] OR thermogenesis[tiab] OR ""thermic effect""[tiab] OR ""heat production""[tiab] OR ""energy expenditure""[tiab] OR ""metabolic rate""[tiab] OR ""peripheral circulation""[tiab] OR ""blood flow""[tiab] OR microcirculation[tiab] OR thermoregulation[tiab] OR ""cold tolerance""[tiab] OR ""cold exposure""[tiab] OR ""thermal sensation""[tiab] OR ""thermal comfort""[tiab] OR ""cold sensitivity""[tiab] OR ""cold hypersensitivity""[tiab])","chicken AND (""body temperature"" OR ""core temperature"" OR ""skin temperature"" OR ""tympanic temperature"" OR ""axillary temperature"" OR ""rectal temperature"" OR ""oral temperature"" OR thermogenesis OR ""thermic effect"" OR ""heat production"" OR ""energy expenditure"" OR ""metabolic rate"" OR ""peripheral circulation"" OR ""blood flow"" OR microcirculation OR thermoregulation OR ""cold tolerance"" OR ""cold exposure"" OR ""thermal sensation"" OR ""thermal comfort"" OR ""cold sensitivity"" OR ""cold hypersensitivity"")",
chicken,鶏肉,core,10,L3,11,,,"chicken[tiab] AND (""body temperature""[tiab] OR ""core temperature""[tiab] OR ""skin temperature""[tiab] OR ""tympanic temperature""[tiab] OR ""axillary temperature""[tiab] OR ""rectal temperature""[tiab] OR ""oral temperature""[tiab] OR thermogenesis[tiab] OR ""thermic effect""[tiab] OR ""heat production""[tiab] OR ""energy expenditure""[tiab] OR ""metabolic rate""[tiab] OR ""peripheral circulation""[tiab] OR ""blood flow""[tiab] OR microcirculation[tiab] OR thermoregulation[tiab] OR ""cold tolerance""[tiab] OR ""cold exposure""[tiab] OR ""thermal sensation""[tiab] OR ""thermal comfort""[tiab] OR ""cold sensitivity""[tiab] OR ""cold hypersensitivity""[tiab]) AND ""randomized controlled trial""[pt]",,
mango,マンゴー,core,10,L1,3627,,2854,mango[tiab],,マンゴー
mango,マンゴー,core,10,L2,14,1705,,"mango[tiab] AND (""body temperature""[tiab] OR ""core temperature""[tiab] OR ""skin temperature""[tiab] OR ""tympanic temperature""[tiab] OR ""axillary temperature""[tiab] OR ""rectal temperature""[tiab] OR ""oral temperature""[tiab] OR thermogenesis[tiab] OR ""thermic effect""[tiab] OR ""heat production""[tiab] OR ""energy expenditure""[tiab] OR ""metabolic rate""[tiab] OR ""peripheral circulation""[tiab] OR ""blood flow""[tiab] OR microcirculation[tiab] OR thermoregulation[tiab] OR ""cold tolerance""[tiab] OR ""cold exposure""[tiab] OR ""thermal sensation""[tiab] OR ""thermal comfort""[tiab] OR ""cold sensitivity""[tiab] OR ""cold hypersensitivity""[tiab])","mango AND (""body temperature"" OR ""core temperature"" OR ""skin temperature"" OR ""tympanic temperature"" OR ""axillary temperature"" OR ""rectal temperature"" OR ""oral temperature"" OR thermogenesis OR ""thermic effect"" OR ""heat production"" OR ""energy expenditure"" OR ""metabolic rate"" OR ""peripheral circulation"" OR ""blood flow"" OR microcirculation OR thermoregulation OR ""cold tolerance"" OR ""cold exposure"" OR ""thermal sensation"" OR ""thermal comfort"" OR ""cold sensitivity"" OR ""cold hypersensitivity"")",
mango,マンゴー,core,10,L3,0,,,"mango[tiab] AND (""body temperature""[tiab] OR ""core temperature""[tiab] OR ""skin temperature""[tiab] OR ""tympanic temperature""[tiab] OR ""axillary temperature""[tiab] OR ""rectal temperature""[tiab] OR ""oral temperature""[tiab] OR thermogenesis[tiab] OR ""thermic effect""[tiab] OR ""heat production""[tiab] OR ""energy expenditure""[tiab] OR ""metabolic rate""[tiab] OR ""peripheral circulation""[tiab] OR ""blood flow""[tiab] OR microcirculation[tiab] OR thermoregulation[tiab] OR ""cold tolerance""[tiab] OR ""cold exposure""[tiab] OR ""thermal sensation""[tiab] OR ""thermal comfort""[tiab] OR ""cold sensitivity""[tiab] OR ""cold hypersensitivity""[tiab]) AND ""randomized controlled trial""[pt]",,
watermelon,スイカ,core,10,L1,3146,,18614,watermelon[tiab],,スイカ
watermelon,スイカ,core,10,L2,31,716,,"watermelon[tiab] AND (""body temperature""[tiab] OR ""core temperature""[tiab] OR ""skin temperature""[tiab] OR ""tympanic temperature""[tiab] OR ""axillary temperature""[tiab] OR ""rectal temperature""[tiab] OR ""oral temperature""[tiab] OR thermogenesis[tiab] OR ""thermic effect""[tiab] OR ""heat production""[tiab] OR ""energy expenditure""[tiab] OR ""metabolic rate""[tiab] OR ""peripheral circulation""[tiab] OR ""blood flow""[tiab] OR microcirculation[tiab] OR thermoregulation[tiab] OR ""cold tolerance""[tiab] OR ""cold exposure""[tiab] OR ""thermal sensation""[tiab] OR ""thermal comfort""[tiab] OR ""cold sensitivity""[tiab] OR ""cold hypersensitivity""[tiab])","watermelon AND (""body temperature"" OR ""core temperature"" OR ""skin temperature"" OR ""tympanic temperature"" OR ""axillary temperature"" OR ""rectal temperature"" OR ""oral temperature"" OR thermogenesis OR ""thermic effect"" OR ""heat production"" OR ""energy expenditure"" OR ""metabolic rate"" OR ""peripheral circulation"" OR ""blood flow"" OR microcirculation OR thermoregulation OR ""cold tolerance"" OR ""cold exposure"" OR ""thermal sensation"" OR ""thermal comfort"" OR ""cold sensitivity"" OR ""cold hypersensitivity"")",
watermelon,スイカ,core,10,L3,3,,,"watermelon[tiab] AND (""body temperature""[tiab] OR ""core temperature""[tiab] OR ""skin temperature""[tiab] OR ""tympanic temperature""[tiab] OR ""axillary temperature""[tiab] OR ""rectal temperature""[tiab] OR ""oral temperature""[tiab] OR thermogenesis[tiab] OR ""thermic effect""[tiab] OR ""heat production""[tiab] OR ""energy expenditure""[tiab] OR ""metabolic rate""[tiab] OR ""peripheral circulation""[tiab] OR ""blood flow""[tiab] OR microcirculation[tiab] OR thermoregulation[tiab] OR ""cold tolerance""[tiab] OR ""cold exposure""[tiab] OR ""thermal sensation""[tiab] OR ""thermal comfort""[tiab] OR ""cold sensitivity""[tiab] OR ""cold hypersensitivity""[tiab]) AND ""randomized controlled trial""[pt]",,
white sugar,白砂糖,core,10,L1,85454,,87,"(""white sugar""[tiab] OR sucrose[tiab] OR ""refined sugar""[tiab])",,白砂糖
white sugar,白砂糖,core,10,L2,812,27093,,"(""white sugar""[tiab] OR sucrose[tiab] OR ""refined sugar""[tiab]) AND (""body temperature""[tiab] OR ""core temperature""[tiab] OR ""skin temperature""[tiab] OR ""tympanic temperature""[tiab] OR ""axillary temperature""[tiab] OR ""rectal temperature""[tiab] OR ""oral temperature""[tiab] OR thermogenesis[tiab] OR ""thermic effect""[tiab] OR ""heat production""[tiab] OR ""energy expenditure""[tiab] OR ""metabolic rate""[tiab] OR ""peripheral circulation""[tiab] OR ""blood flow""[tiab] OR microcirculation[tiab] OR thermoregulation[tiab] OR ""cold tolerance""[tiab] OR ""cold exposure""[tiab] OR ""thermal sensation""[tiab] OR ""thermal comfort""[tiab] OR ""cold sensitivity""[tiab] OR ""cold hypersensitivity""[tiab])","(""white sugar"" OR sucrose OR ""refined sugar"") AND (""body temperature"" OR ""core temperature"" OR ""skin temperature"" OR ""tympanic temperature"" OR ""axillary temperature"" OR ""rectal temperature"" OR ""oral temperature"" OR thermogenesis OR ""thermic effect"" OR ""heat production"" OR ""energy expenditure"" OR ""metabolic rate"" OR ""peripheral circulation"" OR ""blood flow"" OR microcirculation OR thermoregulation OR ""cold tolerance"" OR ""cold exposure"" OR ""thermal sensation"" OR ""thermal comfort"" OR ""cold sensitivity"" OR ""cold hypersensitivity"")",
white sugar,白砂糖,core,10,L3,38,,,"(""white sugar""[tiab] OR sucrose[tiab] OR ""refined sugar""[tiab]) AND (""body temperature""[tiab] OR ""core temperature""[tiab] OR ""skin temperature""[tiab] OR ""tympanic temperature""[tiab] OR ""axillary temperature""[tiab] OR ""rectal temperature""[tiab] OR ""oral temperature""[tiab] OR thermogenesis[tiab] OR ""thermic effect""[tiab] OR ""heat production""[tiab] OR ""energy expenditure""[tiab] OR ""metabolic rate""[tiab] OR ""peripheral circulation""[tiab] OR ""blood flow""[tiab] OR microcirculation[tiab] OR thermoregulation[tiab] OR ""cold tolerance""[tiab] OR ""cold exposure""[tiab] OR ""thermal sensation""[tiab] OR ""thermal comfort""[tiab] OR ""cold sensitivity""[tiab] OR ""cold hypersensitivity""[tiab]) AND ""randomized controlled trial""[pt]",,
apple,りんご,core,9,L1,23770,,19149,apple[tiab],,りんご
apple,りんご,core,9,L2,176,10535,,"apple[tiab] AND (""body temperature""[tiab] OR ""core temperature""[tiab] OR ""skin temperature""[tiab] OR ""tympanic temperature""[tiab] OR ""axillary temperature""[tiab] OR ""rectal temperature""[tiab] OR ""oral temperature""[tiab] OR thermogenesis[tiab] OR ""thermic effect""[tiab] OR ""heat production""[tiab] OR ""energy expenditure""[tiab] OR ""metabolic rate""[tiab] OR ""peripheral circulation""[tiab] OR ""blood flow""[tiab] OR microcirculation[tiab] OR thermoregulation[tiab] OR ""cold tolerance""[tiab] OR ""cold exposure""[tiab] OR ""thermal sensation""[tiab] OR ""thermal comfort""[tiab] OR ""cold sensitivity""[tiab] OR ""cold hypersensitivity""[tiab])","apple AND (""body temperature"" OR ""core temperature"" OR ""skin temperature"" OR ""tympanic temperature"" OR ""axillary temperature"" OR ""rectal temperature"" OR ""oral temperature"" OR thermogenesis OR ""thermic effect"" OR ""heat production"" OR ""energy expenditure"" OR ""metabolic rate"" OR ""peripheral circulation"" OR ""blood flow"" OR microcirculation OR thermoregulation OR ""cold tolerance"" OR ""cold exposure"" OR ""thermal sensation"" OR ""thermal comfort"" OR ""cold sensitivity"" OR ""cold hypersensitivity"")",
apple,りんご,core,9,L3,5,,,"apple[tiab] AND (""body temperature""[tiab] OR ""core temperature""[tiab] OR ""skin temperature""[tiab] OR ""tympanic temperature""[tiab] OR ""axillary temperature""[tiab] OR ""rectal temperature""[tiab] OR ""oral temperature""[tiab] OR thermogenesis[tiab] OR ""thermic effect""[tiab] OR ""heat production""[tiab] OR ""energy expenditure""[tiab] OR ""metabolic rate""[tiab] OR ""peripheral circulation""[tiab] OR ""blood flow""[tiab] OR microcirculation[tiab] OR thermoregulation[tiab] OR ""cold tolerance""[tiab] OR ""cold exposure""[tiab] OR ""thermal sensation""[tiab] OR ""thermal comfort""[tiab] OR ""cold sensitivity""[tiab] OR ""cold hypersensitivity""[tiab]) AND ""randomized controlled trial""[pt]",,
green onion,ねぎ,core,9,L1,401,,13520,"(""green onion""[tiab] OR scallion[tiab] OR ""spring onion""[tiab] OR ""Welsh onion""[tiab])",,ねぎ
green onion,ねぎ,core,9,L2,1,142,,"(""green onion""[tiab] OR scallion[tiab] OR ""spring onion""[tiab] OR ""Welsh onion""[tiab]) AND (""body temperature""[tiab] OR ""core temperature""[tiab] OR ""skin temperature""[tiab] OR ""tympanic temperature""[tiab] OR ""axillary temperature""[tiab] OR ""rectal temperature""[tiab] OR ""oral temperature""[tiab] OR thermogenesis[tiab] OR ""thermic effect""[tiab] OR ""heat production""[tiab] OR ""energy expenditure""[tiab] OR ""metabolic rate""[tiab] OR ""peripheral circulation""[tiab] OR ""blood flow""[tiab] OR microcirculation[tiab] OR thermoregulation[tiab] OR ""cold tolerance""[tiab] OR ""cold exposure""[tiab] OR ""thermal sensation""[tiab] OR ""thermal comfort""[tiab] OR ""cold sensitivity""[tiab] OR ""cold hypersensitivity""[tiab])","(""green onion"" OR scallion OR ""spring onion"" OR ""Welsh onion"") AND (""body temperature"" OR ""core temperature"" OR ""skin temperature"" OR ""tympanic temperature"" OR ""axillary temperature"" OR ""rectal temperature"" OR ""oral temperature"" OR thermogenesis OR ""thermic effect"" OR ""heat production"" OR ""energy expenditure"" OR ""metabolic rate"" OR ""peripheral circulation"" OR ""blood flow"" OR microcirculation OR thermoregulation OR ""cold tolerance"" OR ""cold exposure"" OR ""thermal sensation"" OR ""thermal comfort"" OR ""cold sensitivity"" OR ""cold hypersensitivity"")",
green onion,ねぎ,core,9,L3,0,,,"(""green onion""[tiab] OR scallion[tiab] OR ""spring onion""[tiab] OR ""Welsh onion""[tiab]) AND (""body temperature""[tiab] OR ""core temperature""[tiab] OR ""skin temperature""[tiab] OR ""tympanic temperature""[tiab] OR ""axillary temperature""[tiab] OR ""rectal temperature""[tiab] OR ""oral temperature""[tiab] OR thermogenesis[tiab] OR ""thermic effect""[tiab] OR ""heat production""[tiab] OR ""energy expenditure""[tiab] OR ""metabolic rate""[tiab] OR ""peripheral circulation""[tiab] OR ""blood flow""[tiab] OR microcirculation[tiab] OR thermoregulation[tiab] OR ""cold tolerance""[tiab] OR ""cold exposure""[tiab] OR ""thermal sensation""[tiab] OR ""thermal comfort""[tiab] OR ""cold sensitivity""[tiab] OR ""cold hypersensitivity""[tiab]) AND ""randomized controlled trial""[pt]",,
lotus root,れんこん,core,9,L1,270,,1023,"""lotus root""[tiab]",,れんこん
lotus root,れんこん,core,9,L2,5,66,,"""lotus root""[tiab] AND (""body temperature""[tiab] OR ""core temperature""[tiab] OR ""skin temperature""[tiab] OR ""tympanic temperature""[tiab] OR ""axillary temperature""[tiab] OR ""rectal temperature""[tiab] OR ""oral temperature""[tiab] OR thermogenesis[tiab] OR ""thermic effect""[tiab] OR ""heat production""[tiab] OR ""energy expenditure""[tiab] OR ""metabolic rate""[tiab] OR ""peripheral circulation""[tiab] OR ""blood flow""[tiab] OR microcirculation[tiab] OR thermoregulation[tiab] OR ""cold tolerance""[tiab] OR ""cold exposure""[tiab] OR ""thermal sensation""[tiab] OR ""thermal comfort""[tiab] OR ""cold sensitivity""[tiab] OR ""cold hypersensitivity""[tiab])","""lotus root"" AND (""body temperature"" OR ""core temperature"" OR ""skin temperature"" OR ""tympanic temperature"" OR ""axillary temperature"" OR ""rectal temperature"" OR ""oral temperature"" OR thermogenesis OR ""thermic effect"" OR ""heat production"" OR ""energy expenditure"" OR ""metabolic rate"" OR ""peripheral circulation"" OR ""blood flow"" OR microcirculation OR thermoregulation OR ""cold tolerance"" OR ""cold exposure"" OR ""thermal sensation"" OR ""thermal comfort"" OR ""cold sensitivity"" OR ""cold hypersensitivity"")",
lotus root,れんこん,core,9,L3,1,,,"""lotus root""[tiab] AND (""body temperature""[tiab] OR ""core temperature""[tiab] OR ""skin temperature""[tiab] OR ""tympanic temperature""[tiab] OR ""axillary temperature""[tiab] OR ""rectal temperature""[tiab] OR ""oral temperature""[tiab] OR thermogenesis[tiab] OR ""thermic effect""[tiab] OR ""heat production""[tiab] OR ""energy expenditure""[tiab] OR ""metabolic rate""[tiab] OR ""peripheral circulation""[tiab] OR ""blood flow""[tiab] OR microcirculation[tiab] OR thermoregulation[tiab] OR ""cold tolerance""[tiab] OR ""cold exposure""[tiab] OR ""thermal sensation""[tiab] OR ""thermal comfort""[tiab] OR ""cold sensitivity""[tiab] OR ""cold hypersensitivity""[tiab]) AND ""randomized controlled trial""[pt]",,
natto,納豆,core,9,L1,1685,,2652,"(natto[tiab] OR ""fermented soybean""[tiab] OR ""fermented soybeans""[tiab])",,納豆
natto,納豆,core,9,L2,9,499,,"(natto[tiab] OR ""fermented soybean""[tiab] OR ""fermented soybeans""[tiab]) AND (""body temperature""[tiab] OR ""core temperature""[tiab] OR ""skin temperature""[tiab] OR ""tympanic temperature""[tiab] OR ""axillary temperature""[tiab] OR ""rectal temperature""[tiab] OR ""oral temperature""[tiab] OR thermogenesis[tiab] OR ""thermic effect""[tiab] OR ""heat production""[tiab] OR ""energy expenditure""[tiab] OR ""metabolic rate""[tiab] OR ""peripheral circulation""[tiab] OR ""blood flow""[tiab] OR microcirculation[tiab] OR thermoregulation[tiab] OR ""cold tolerance""[tiab] OR ""cold exposure""[tiab] OR ""thermal sensation""[tiab] OR ""thermal comfort""[tiab] OR ""cold sensitivity""[tiab] OR ""cold hypersensitivity""[tiab])","(natto OR ""fermented soybean"" OR ""fermented soybeans"") AND (""body temperature"" OR ""core temperature"" OR ""skin temperature"" OR ""tympanic temperature"" OR ""axillary temperature"" OR ""rectal temperature"" OR ""oral temperature"" OR thermogenesis OR ""thermic effect"" OR ""heat production"" OR ""energy expenditure"" OR ""metabolic rate"" OR ""peripheral circulation"" OR ""blood flow"" OR microcirculation OR thermoregulation OR ""cold tolerance"" OR ""cold exposure"" OR ""thermal sensation"" OR ""thermal comfort"" OR ""cold sensitivity"" OR ""cold hypersensitivity"")",
natto,納豆,core,9,L3,1,,,"(natto[tiab] OR ""fermented soybean""[tiab] OR ""fermented soybeans""[tiab]) AND (""body temperature""[tiab] OR ""core temperature""[tiab] OR ""skin temperature""[tiab] OR ""tympanic temperature""[tiab] OR ""axillary temperature""[tiab] OR ""rectal temperature""[tiab] OR ""oral temperature""[tiab] OR thermogenesis[tiab] OR ""thermic effect""[tiab] OR ""heat production""[tiab] OR ""energy expenditure""[tiab] OR ""metabolic rate""[tiab] OR ""peripheral circulation""[tiab] OR ""blood flow""[tiab] OR microcirculation[tiab] OR thermoregulation[tiab] OR ""cold tolerance""[tiab] OR ""cold exposure""[tiab] OR ""thermal sensation""[tiab] OR ""thermal comfort""[tiab] OR ""cold sensitivity""[tiab] OR ""cold hypersensitivity""[tiab]) AND ""randomized controlled trial""[pt]",,
tofu,豆腐,core,9,L1,1188,,3972,"(tofu[tiab] OR ""bean curd""[tiab])",,豆腐
tofu,豆腐,core,9,L2,3,545,,"(tofu[tiab] OR ""bean curd""[tiab]) AND (""body temperature""[tiab] OR ""core temperature""[tiab] OR ""skin temperature""[tiab] OR ""tympanic temperature""[tiab] OR ""axillary temperature""[tiab] OR ""rectal temperature""[tiab] OR ""oral temperature""[tiab] OR thermogenesis[tiab] OR ""thermic effect""[tiab] OR ""heat production""[tiab] OR ""energy expenditure""[tiab] OR ""metabolic rate""[tiab] OR ""peripheral circulation""[tiab] OR ""blood flow""[tiab] OR microcirculation[tiab] OR thermoregulation[tiab] OR ""cold tolerance""[tiab] OR ""cold exposure""[tiab] OR ""thermal sensation""[tiab] OR ""thermal comfort""[tiab] OR ""cold sensitivity""[tiab] OR ""cold hypersensitivity""[tiab])","(tofu OR ""bean curd"") AND (""body temperature"" OR ""core temperature"" OR ""skin temperature"" OR ""tympanic temperature"" OR ""axillary temperature"" OR ""rectal temperature"" OR ""oral temperature"" OR thermogenesis OR ""thermic effect"" OR ""heat production"" OR ""energy expenditure"" OR ""metabolic rate"" OR ""peripheral circulation"" OR ""blood flow"" OR microcirculation OR thermoregulation OR ""cold tolerance"" OR ""cold exposure"" OR ""thermal sensation"" OR ""thermal comfort"" OR ""cold sensitivity"" OR ""cold hypersensitivity"")",
tofu,豆腐,core,9,L3,0,,,"(tofu[tiab] OR ""bean curd""[tiab]) AND (""body temperature""[tiab] OR ""core temperature""[tiab] OR ""skin temperature""[tiab] OR ""tympanic temperature""[tiab] OR ""axillary temperature""[tiab] OR ""rectal temperature""[tiab] OR ""oral temperature""[tiab] OR thermogenesis[tiab] OR ""thermic effect""[tiab] OR ""heat production""[tiab] OR ""energy expenditure""[tiab] OR ""metabolic rate""[tiab] OR ""peripheral circulation""[tiab] OR ""blood flow""[tiab] OR microcirculation[tiab] OR thermoregulation[tiab] OR ""cold tolerance""[tiab] OR ""cold exposure""[tiab] OR ""thermal sensation""[tiab] OR ""thermal comfort""[tiab] OR ""cold sensitivity""[tiab] OR ""cold hypersensitivity""[tiab]) AND ""randomized controlled trial""[pt]",,
chili pepper,唐辛子,core,8,L1,1943,,404,"(""chili pepper""[tiab] OR ""hot pepper""[tiab] OR ""red pepper""[tiab])",,唐辛子
chili pepper,唐辛子,core,8,L2,50,1748,,"(""chili pepper""[tiab] OR ""hot pepper""[tiab] OR ""red pepper""[tiab]) AND (""body temperature""[tiab] OR ""core temperature""[tiab] OR ""skin temperature""[tiab] OR ""tympanic temperature""[tiab] OR ""axillary temperature""[tiab] OR ""rectal temperature""[tiab] OR ""oral temperature""[tiab] OR thermogenesis[tiab] OR ""thermic effect""[tiab] OR ""heat production""[tiab] OR ""energy expenditure""[tiab] OR ""metabolic rate""[tiab] OR ""peripheral circulation""[tiab] OR ""blood flow""[tiab] OR microcirculation[tiab] OR thermoregulation[tiab] OR ""cold tolerance""[tiab] OR ""cold exposure""[tiab] OR ""thermal sensation""[tiab] OR ""thermal comfort""[tiab] OR ""cold sensitivity""[tiab] OR ""cold hypersensitivity""[tiab])","(""chili pepper"" OR ""hot pepper"" OR ""red pepper"") AND (""body temperature"" OR ""core temperature"" OR ""skin temperature"" OR ""tympanic temperature"" OR ""axillary temperature"" OR ""rectal temperature"" OR ""oral temperature"" OR thermogenesis OR ""thermic effect"" OR ""heat production"" OR ""energy expenditure"" OR ""metabolic rate"" OR ""peripheral circulation"" OR ""blood flow"" OR microcirculation OR thermoregulation OR ""cold tolerance"" OR ""cold exposure"" OR ""thermal sensation"" OR ""thermal comfort"" OR ""cold sensitivity"" OR ""cold hypersensitivity"")",
chili pepper,唐辛子,core,8,L3,6,,,"(""chili pepper""[tiab] OR ""hot pepper""[tiab] OR ""red pepper""[tiab]) AND (""body temperature""[tiab] OR ""core temperature""[tiab] OR ""skin temperature""[tiab] OR ""tympanic temperature""[tiab] OR ""axillary temperature""[tiab] OR ""rectal temperature""[tiab] OR ""oral temperature""[tiab] OR thermogenesis[tiab] OR ""thermic effect""[tiab] OR ""heat production""[tiab] OR ""energy expenditure""[tiab] OR ""metabolic rate""[tiab] OR ""peripheral circulation""[tiab] OR ""blood flow""[tiab] OR microcirculation[tiab] OR thermoregulation[tiab] OR ""cold tolerance""[tiab] OR ""cold exposure""[tiab] OR ""thermal sensation""[tiab] OR ""thermal comfort""[tiab] OR ""cold sensitivity""[tiab] OR ""cold hypersensitivity""[tiab]) AND ""randomized controlled trial""[pt]",,
pineapple,パイナップル,core,8,L1,2494,,631,pineapple[tiab],,パイナップル
pineapple,パイナップル,core,8,L2,10,841,,"pineapple[tiab] AND (""body temperature""[tiab] OR ""core temperature""[tiab] OR ""skin temperature""[tiab] OR ""tympanic temperature""[tiab] OR ""axillary temperature""[tiab] OR ""rectal temperature""[tiab] OR ""oral temperature""[tiab] OR thermogenesis[tiab] OR ""thermic effect""[tiab] OR ""heat production""[tiab] OR ""energy expenditure""[tiab] OR ""metabolic rate""[tiab] OR ""peripheral circulation""[tiab] OR ""blood flow""[tiab] OR microcirculation[tiab] OR thermoregulation[tiab] OR ""cold tolerance""[tiab] OR ""cold exposure""[tiab] OR ""thermal sensation""[tiab] OR ""thermal comfort""[tiab] OR ""cold sensitivity""[tiab] OR ""cold hypersensitivity""[tiab])","pineapple AND (""body temperature"" OR ""core temperature"" OR ""skin temperature"" OR ""tympanic temperature"" OR ""axillary temperature"" OR ""rectal temperature"" OR ""oral temperature"" OR thermogenesis OR ""thermic effect"" OR ""heat production"" OR ""energy expenditure"" OR ""metabolic rate"" OR ""peripheral circulation"" OR ""blood flow"" OR microcirculation OR thermoregulation OR ""cold tolerance"" OR ""cold exposure"" OR ""thermal sensation"" OR ""thermal comfort"" OR ""cold sensitivity"" OR ""cold hypersensitivity"")",
pineapple,パイナップル,core,8,L3,1,,,"pineapple[tiab] AND (""body temperature""[tiab] OR ""core temperature""[tiab] OR ""skin temperature""[tiab] OR ""tympanic temperature""[tiab] OR ""axillary temperature""[tiab] OR ""rectal temperature""[tiab] OR ""oral temperature""[tiab] OR thermogenesis[tiab] OR ""thermic effect""[tiab] OR ""heat production""[tiab] OR ""energy expenditure""[tiab] OR ""metabolic rate""[tiab] OR ""peripheral circulation""[tiab] OR ""blood flow""[tiab] OR microcirculation[tiab] OR thermoregulation[tiab] OR ""cold tolerance""[tiab] OR ""cold exposure""[tiab] OR ""thermal sensation""[tiab] OR ""thermal comfort""[tiab] OR ""cold sensitivity""[tiab] OR ""cold hypersensitivity""[tiab]) AND ""randomized controlled trial""[pt]",,
pork,豚肉,core,8,L1,15733,,4457,pork[tiab],,豚肉
pork,豚肉,core,8,L2,95,4720,,"pork[tiab] AND (""body temperature""[tiab] OR ""core temperature""[tiab] OR ""skin temperature""[tiab] OR ""tympanic temperature""[tiab] OR ""axillary temperature""[tiab] OR ""rectal temperature""[tiab] OR ""oral temperature""[tiab] OR thermogenesis[tiab] OR ""thermic effect""[tiab] OR ""heat production""[tiab] OR ""energy expenditure""[tiab] OR ""metabolic rate""[tiab] OR ""peripheral circulation""[tiab] OR ""blood flow""[tiab] OR microcirculation[tiab] OR thermoregulation[tiab] OR ""cold tolerance""[tiab] OR ""cold exposure""[tiab] OR ""thermal sensation""[tiab] OR ""thermal comfort""[tiab] OR ""cold sensitivity""[tiab] OR ""cold hypersensitivity""[tiab])","pork AND (""body temperature"" OR ""core temperature"" OR ""skin temperature"" OR ""tympanic temperature"" OR ""axillary temperature"" OR ""rectal temperature"" OR ""oral temperature"" OR thermogenesis OR ""thermic effect"" OR ""heat production"" OR ""energy expenditure"" OR ""metabolic rate"" OR ""peripheral circulation"" OR ""blood flow"" OR microcirculation OR thermoregulation OR ""cold tolerance"" OR ""cold exposure"" OR ""thermal sensation"" OR ""thermal comfort"" OR ""cold sensitivity"" OR ""cold hypersensitivity"")",
pork,豚肉,core,8,L3,9,,,"pork[tiab] AND (""body temperature""[tiab] OR ""core temperature""[tiab] OR ""skin temperature""[tiab] OR ""tympanic temperature""[tiab] OR ""axillary temperature""[tiab] OR ""rectal temperature""[tiab] OR ""oral temperature""[tiab] OR thermogenesis[tiab] OR ""thermic effect""[tiab] OR ""heat production""[tiab] OR ""energy expenditure""[tiab] OR ""metabolic rate""[tiab] OR ""peripheral circulation""[tiab] OR ""blood flow""[tiab] OR microcirculation[tiab] OR thermoregulation[tiab] OR ""cold tolerance""[tiab] OR ""cold exposure""[tiab] OR ""thermal sensation""[tiab] OR ""thermal comfort""[tiab] OR ""cold sensitivity""[tiab] OR ""cold hypersensitivity""[tiab]) AND ""randomized controlled trial""[pt]",,
white rice,白米,core,8,L1,1514,,2588,"(""white rice""[tiab] OR ""polished rice""[tiab])",,白米
white rice,白米,core,8,L2,3,392,,"(""white rice""[tiab] OR ""polished rice""[tiab]) AND (""body temperature""[tiab] OR ""core temperature""[tiab] OR ""skin temperature""[tiab] OR ""tympanic temperature""[tiab] OR ""axillary temperature""[tiab] OR ""rectal temperature""[tiab] OR ""oral temperature""[tiab] OR thermogenesis[tiab] OR ""thermic effect""[tiab] OR ""heat production""[tiab] OR ""energy expenditure""[tiab] OR ""metabolic rate""[tiab] OR ""peripheral circulation""[tiab] OR ""blood flow""[tiab] OR microcirculation[tiab] OR thermoregulation[tiab] OR ""cold tolerance""[tiab] OR ""cold exposure""[tiab] OR ""thermal sensation""[tiab] OR ""thermal comfort""[tiab] OR ""cold sensitivity""[tiab] OR ""cold hypersensitivity""[tiab])","(""white rice"" OR ""polished rice"") AND (""body temperature"" OR ""core temperature"" OR ""skin temperature"" OR ""tympanic temperature"" OR ""axillary temperature"" OR ""rectal temperature"" OR ""oral temperature"" OR thermogenesis OR ""thermic effect"" OR ""heat production"" OR ""energy expenditure"" OR ""metabolic rate"" OR ""peripheral circulation"" OR ""blood flow"" OR microcirculation OR thermoregulation OR ""cold tolerance"" OR ""cold exposure"" OR ""thermal sensation"" OR ""thermal comfort"" OR ""cold sensitivity"" OR ""cold hypersensitivity"")",
white rice,白米,core,8,L3,1,,,"(""white rice""[tiab] OR ""polished rice""[tiab]) AND (""body temperature""[tiab] OR ""core temperature""[tiab] OR ""skin temperature""[tiab] OR ""tympanic temperature""[tiab] OR ""axillary temperature""[tiab] OR ""rectal temperature""[tiab] OR ""oral temperature""[tiab] OR thermogenesis[tiab] OR ""thermic effect""[tiab] OR ""heat production""[tiab] OR ""energy expenditure""[tiab] OR ""metabolic rate""[tiab] OR ""peripheral circulation""[tiab] OR ""blood flow""[tiab] OR microcirculation[tiab] OR thermoregulation[tiab] OR ""cold tolerance""[tiab] OR ""cold exposure""[tiab] OR ""thermal sensation""[tiab] OR ""thermal comfort""[tiab] OR ""cold sensitivity""[tiab] OR ""cold hypersensitivity""[tiab]) AND ""randomized controlled trial""[pt]",,
daikon,大根,core,8,L1,245,,4224,"(daikon[tiab] OR ""Japanese radish""[tiab] OR ""white radish""[tiab])",,大根
daikon,大根,core,8,L2,0,69,,"(daikon[tiab] OR ""Japanese radish""[tiab] OR ""white radish""[tiab]) AND (""body temperature""[tiab] OR ""core temperature""[tiab] OR ""skin temperature""[tiab] OR ""tympanic temperature""[tiab] OR ""axillary temperature""[tiab] OR ""rectal temperature""[tiab] OR ""oral temperature""[tiab] OR thermogenesis[tiab] OR ""thermic effect""[tiab] OR ""heat production""[tiab] OR ""energy expenditure""[tiab] OR ""metabolic rate""[tiab] OR ""peripheral circulation""[tiab] OR ""blood flow""[tiab] OR microcirculation[tiab] OR thermoregulation[tiab] OR ""cold tolerance""[tiab] OR ""cold exposure""[tiab] OR ""thermal sensation""[tiab] OR ""thermal comfort""[tiab] OR ""cold sensitivity""[tiab] OR ""cold hypersensitivity""[tiab])","(daikon OR ""Japanese radish"" OR ""white radish"") AND (""body temperature"" OR ""core temperature"" OR ""skin temperature"" OR ""tympanic temperature"" OR ""axillary temperature"" OR ""rectal temperature"" OR ""oral temperature"" OR thermogenesis OR ""thermic effect"" OR ""heat production"" OR ""energy expenditure"" OR ""metabolic rate"" OR ""peripheral circulation"" OR ""blood flow"" OR microcirculation OR thermoregulation OR ""cold tolerance"" OR ""cold exposure"" OR ""thermal sensation"" OR ""thermal comfort"" OR ""cold sensitivity"" OR ""cold hypersensitivity"")",
daikon,大根,core,8,L3,0,,,"(daikon[tiab] OR ""Japanese radish""[tiab] OR ""white radish""[tiab]) AND (""body temperature""[tiab] OR ""core temperature""[tiab] OR ""skin temperature""[tiab] OR ""tympanic temperature""[tiab] OR ""axillary temperature""[tiab] OR ""rectal temperature""[tiab] OR ""oral temperature""[tiab] OR thermogenesis[tiab] OR ""thermic effect""[tiab] OR ""heat production""[tiab] OR ""energy expenditure""[tiab] OR ""metabolic rate""[tiab] OR ""peripheral circulation""[tiab] OR ""blood flow""[tiab] OR microcirculation[tiab] OR thermoregulation[tiab] OR ""cold tolerance""[tiab] OR ""cold exposure""[tiab] OR ""thermal sensation""[tiab] OR ""thermal comfort""[tiab] OR ""cold sensitivity""[tiab] OR ""cold hypersensitivity""[tiab]) AND ""randomized controlled trial""[pt]",,
brown rice,玄米,core,7,L1,2040,,5899,"(""brown rice""[tiab] OR ""whole grain rice""[tiab])",,玄米
brown rice,玄米,core,7,L2,5,478,,"(""brown rice""[tiab] OR ""whole grain rice""[tiab]) AND (""body temperature""[tiab] OR ""core temperature""[tiab] OR ""skin temperature""[tiab] OR ""tympanic temperature""[tiab] OR ""axillary temperature""[tiab] OR ""rectal temperature""[tiab] OR ""oral temperature""[tiab] OR thermogenesis[tiab] OR ""thermic effect""[tiab] OR ""heat production""[tiab] OR ""energy expenditure""[tiab] OR ""metabolic rate""[tiab] OR ""peripheral circulation""[tiab] OR ""blood flow""[tiab] OR microcirculation[tiab] OR thermoregulation[tiab] OR ""cold tolerance""[tiab] OR ""cold exposure""[tiab] OR ""thermal sensation""[tiab] OR ""thermal comfort""[tiab] OR ""cold sensitivity""[tiab] OR ""cold hypersensitivity""[tiab])","(""brown rice"" OR ""whole grain rice"") AND (""body temperature"" OR ""core temperature"" OR ""skin temperature"" OR ""tympanic temperature"" OR ""axillary temperature"" OR ""rectal temperature"" OR ""oral temperature"" OR thermogenesis OR ""thermic effect"" OR ""heat production"" OR ""energy expenditure"" OR ""metabolic rate"" OR ""peripheral circulation"" OR ""blood flow"" OR microcirculation OR thermoregulation OR ""cold tolerance"" OR ""cold exposure"" OR ""thermal sensation"" OR ""thermal comfort"" OR ""cold sensitivity"" OR ""cold hypersensitivity"")",
brown rice,玄米,core,7,L3,1,,,"(""brown rice""[tiab] OR ""whole grain rice""[tiab]) AND (""body temperature""[tiab] OR ""core temperature""[tiab] OR ""skin temperature""[tiab] OR ""tympanic temperature""[tiab] OR ""axillary temperature""[tiab] OR ""rectal temperature""[tiab] OR ""oral temperature""[tiab] OR thermogenesis[tiab] OR ""thermic effect""[tiab] OR ""heat production""[tiab] OR ""energy expenditure""[tiab] OR ""metabolic rate""[tiab] OR ""peripheral circulation""[tiab] OR ""blood flow""[tiab] OR microcirculation[tiab] OR thermoregulation[tiab] OR ""cold tolerance""[tiab] OR ""cold exposure""[tiab] OR ""thermal sensation""[tiab] OR ""thermal comfort""[tiab] OR ""cold sensitivity""[tiab] OR ""cold hypersensitivity""[tiab]) AND ""randomized controlled trial""[pt]",,
garlic,にんにく,core,7,L1,8789,,2034,garlic[tiab],,にんにく
garlic,にんにく,core,7,L2,67,3015,,"garlic[tiab] AND (""body temperature""[tiab] OR ""core temperature""[tiab] OR ""skin temperature""[tiab] OR ""tympanic temperature""[tiab] OR ""axillary temperature""[tiab] OR ""rectal temperature""[tiab] OR ""oral temperature""[tiab] OR thermogenesis[tiab] OR ""thermic effect""[tiab] OR ""heat production""[tiab] OR ""energy expenditure""[tiab] OR ""metabolic rate""[tiab] OR ""peripheral circulation""[tiab] OR ""blood flow""[tiab] OR microcirculation[tiab] OR thermoregulation[tiab] OR ""cold tolerance""[tiab] OR ""cold exposure""[tiab] OR ""thermal sensation""[tiab] OR ""thermal comfort""[tiab] OR ""cold sensitivity""[tiab] OR ""cold hypersensitivity""[tiab])","garlic AND (""body temperature"" OR ""core temperature"" OR ""skin temperature"" OR ""tympanic temperature"" OR ""axillary temperature"" OR ""rectal temperature"" OR ""oral temperature"" OR thermogenesis OR ""thermic effect"" OR ""heat production"" OR ""energy expenditure"" OR ""metabolic rate"" OR ""peripheral circulation"" OR ""blood flow"" OR microcirculation OR thermoregulation OR ""cold tolerance"" OR ""cold exposure"" OR ""thermal sensation"" OR ""thermal comfort"" OR ""cold sensitivity"" OR ""cold hypersensitivity"")",
garlic,にんにく,core,7,L3,11,,,"garlic[tiab] AND (""body temperature""[tiab] OR ""core temperature""[tiab] OR ""skin temperature""[tiab] OR ""tympanic temperature""[tiab] OR ""axillary temperature""[tiab] OR ""rectal temperature""[tiab] OR ""oral temperature""[tiab] OR thermogenesis[tiab] OR ""thermic effect""[tiab] OR ""heat production""[tiab] OR ""energy expenditure""[tiab] OR ""metabolic rate""[tiab] OR ""peripheral circulation""[tiab] OR ""blood flow""[tiab] OR microcirculation[tiab] OR thermoregulation[tiab] OR ""cold tolerance""[tiab] OR ""cold exposure""[tiab] OR ""thermal sensation""[tiab] OR ""thermal comfort""[tiab] OR ""cold sensitivity""[tiab] OR ""cold hypersensitivity""[tiab]) AND ""randomized controlled trial""[pt]",,
grape,ぶどう,core,7,L1,17722,,38157,grape[tiab],,ぶどう
grape,ぶどう,core,7,L2,121,5207,,"grape[tiab] AND (""body temperature""[tiab] OR ""core temperature""[tiab] OR ""skin temperature""[tiab] OR ""tympanic temperature""[tiab] OR ""axillary temperature""[tiab] OR ""rectal temperature""[tiab] OR ""oral temperature""[tiab] OR thermogenesis[tiab] OR ""thermic effect""[tiab] OR ""heat production""[tiab] OR ""energy expenditure""[tiab] OR ""metabolic rate""[tiab] OR ""peripheral circulation""[tiab] OR ""blood flow""[tiab] OR microcirculation[tiab] OR thermoregulation[tiab] OR ""cold tolerance""[tiab] OR ""cold exposure""[tiab] OR ""thermal sensation""[tiab] OR ""thermal comfort""[tiab] OR ""cold sensitivity""[tiab] OR ""cold hypersensitivity""[tiab])","grape AND (""body temperature"" OR ""core temperature"" OR ""skin temperature"" OR ""tympanic temperature"" OR ""axillary temperature"" OR ""rectal temperature"" OR ""oral temperature"" OR thermogenesis OR ""thermic effect"" OR ""heat production"" OR ""energy expenditure"" OR ""metabolic rate"" OR ""peripheral circulation"" OR ""blood flow"" OR microcirculation OR thermoregulation OR ""cold tolerance"" OR ""cold exposure"" OR ""thermal sensation"" OR ""thermal comfort"" OR ""cold sensitivity"" OR ""cold hypersensitivity"")",
grape,ぶどう,core,7,L3,5,,,"grape[tiab] AND (""body temperature""[tiab] OR ""core temperature""[tiab] OR ""skin temperature""[tiab] OR ""tympanic temperature""[tiab] OR ""axillary temperature""[tiab] OR ""rectal temperature""[tiab] OR ""oral temperature""[tiab] OR thermogenesis[tiab] OR ""thermic effect""[tiab] OR ""heat production""[tiab] OR ""energy expenditure""[tiab] OR ""metabolic rate""[tiab] OR ""peripheral circulation""[tiab] OR ""blood flow""[tiab] OR microcirculation[tiab] OR thermoregulation[tiab] OR ""cold tolerance""[tiab] OR ""cold exposure""[tiab] OR ""thermal sensation""[tiab] OR ""thermal comfort""[tiab] OR ""cold sensitivity""[tiab] OR ""cold hypersensitivity""[tiab]) AND ""randomized controlled trial""[pt]",,
melon,メロン,core,7,L1,3898,,5258,melon[tiab],,メロン
melon,メロン,core,7,L2,35,1307,,"melon[tiab] AND (""body temperature""[tiab] OR ""core temperature""[tiab] OR ""skin temperature""[tiab] OR ""tympanic temperature""[tiab] OR ""axillary temperature""[tiab] OR ""rectal temperature""[tiab] OR ""oral temperature""[tiab] OR thermogenesis[tiab] OR ""thermic effect""[tiab] OR ""heat production""[tiab] OR ""energy expenditure""[tiab] OR ""metabolic rate""[tiab] OR ""peripheral circulation""[tiab] OR ""blood flow""[tiab] OR microcirculation[tiab] OR thermoregulation[tiab] OR ""cold tolerance""[tiab] OR ""cold exposure""[tiab] OR ""thermal sensation""[tiab] OR ""thermal comfort""[tiab] OR ""cold sensitivity""[tiab] OR ""cold hypersensitivity""[tiab])","melon AND (""body temperature"" OR ""core temperature"" OR ""skin temperature"" OR ""tympanic temperature"" OR ""axillary temperature"" OR ""rectal temperature"" OR ""oral temperature"" OR thermogenesis OR ""thermic effect"" OR ""heat production"" OR ""energy expenditure"" OR ""metabolic rate"" OR ""peripheral circulation"" OR ""blood flow"" OR microcirculation OR thermoregulation OR ""cold tolerance"" OR ""cold exposure"" OR ""thermal sensation"" OR ""thermal comfort"" OR ""cold sensitivity"" OR ""cold hypersensitivity"")",
melon,メロン,core,7,L3,1,,,"melon[tiab] AND (""body temperature""[tiab] OR ""core temperature""[tiab] OR ""skin temperature""[tiab] OR ""tympanic temperature""[tiab] OR ""axillary temperature""[tiab] OR ""rectal temperature""[tiab] OR ""oral temperature""[tiab] OR thermogenesis[tiab] OR ""thermic effect""[tiab] OR ""heat production""[tiab] OR ""energy expenditure""[tiab] OR ""metabolic rate""[tiab] OR ""peripheral circulation""[tiab] OR ""blood flow""[tiab] OR microcirculation[tiab] OR thermoregulation[tiab] OR ""cold tolerance""[tiab] OR ""cold exposure""[tiab] OR ""thermal sensation""[tiab] OR ""thermal comfort""[tiab] OR ""cold sensitivity""[tiab] OR ""cold hypersensitivity""[tiab]) AND ""randomized controlled trial""[pt]",,
black tea,紅茶,core,7,L1,7286,,2348,"(""black tea""[tiab] OR ""Camellia sinensis""[tiab])",,紅茶
black tea,紅茶,core,7,L2,104,1948,,"(""black tea""[tiab] OR ""Camellia sinensis""[tiab]) AND (""body temperature""[tiab] OR ""core temperature""[tiab] OR ""skin temperature""[tiab] OR ""tympanic temperature""[tiab] OR ""axillary temperature""[tiab] OR ""rectal temperature""[tiab] OR ""oral temperature""[tiab] OR thermogenesis[tiab] OR ""thermic effect""[tiab] OR ""heat production""[tiab] OR ""energy expenditure""[tiab] OR ""metabolic rate""[tiab] OR ""peripheral circulation""[tiab] OR ""blood flow""[tiab] OR microcirculation[tiab] OR thermoregulation[tiab] OR ""cold tolerance""[tiab] OR ""cold exposure""[tiab] OR ""thermal sensation""[tiab] OR ""thermal comfort""[tiab] OR ""cold sensitivity""[tiab] OR ""cold hypersensitivity""[tiab])","(""black tea"" OR ""Camellia sinensis"") AND (""body temperature"" OR ""core temperature"" OR ""skin temperature"" OR ""tympanic temperature"" OR ""axillary temperature"" OR ""rectal temperature"" OR ""oral temperature"" OR thermogenesis OR ""thermic effect"" OR ""heat production"" OR ""energy expenditure"" OR ""metabolic rate"" OR ""peripheral circulation"" OR ""blood flow"" OR microcirculation OR thermoregulation OR ""cold tolerance"" OR ""cold exposure"" OR ""thermal sensation"" OR ""thermal comfort"" OR ""cold sensitivity"" OR ""cold hypersensitivity"")",
black tea,紅茶,core,7,L3,8,,,"(""black tea""[tiab] OR ""Camellia sinensis""[tiab]) AND (""body temperature""[tiab] OR ""core temperature""[tiab] OR ""skin temperature""[tiab] OR ""tympanic temperature""[tiab] OR ""axillary temperature""[tiab] OR ""rectal temperature""[tiab] OR ""oral temperature""[tiab] OR thermogenesis[tiab] OR ""thermic effect""[tiab] OR ""heat production""[tiab] OR ""energy expenditure""[tiab] OR ""metabolic rate""[tiab] OR ""peripheral circulation""[tiab] OR ""blood flow""[tiab] OR microcirculation[tiab] OR thermoregulation[tiab] OR ""cold tolerance""[tiab] OR ""cold exposure""[tiab] OR ""thermal sensation""[tiab] OR ""thermal comfort""[tiab] OR ""cold sensitivity""[tiab] OR ""cold hypersensitivity""[tiab]) AND ""randomized controlled trial""[pt]",,
sweet potato,さつまいも,core,7,L1,3941,,5682,"(""sweet potato""[tiab] OR ""Ipomoea batatas""[tiab])",,さつまいも
sweet potato,さつまいも,core,7,L2,15,1142,,"(""sweet potato""[tiab] OR ""Ipomoea batatas""[tiab]) AND (""body temperature""[tiab] OR ""core temperature""[tiab] OR ""skin temperature""[tiab] OR ""tympanic temperature""[tiab] OR ""axillary temperature""[tiab] OR ""rectal temperature""[tiab] OR ""oral temperature""[tiab] OR thermogenesis[tiab] OR ""thermic effect""[tiab] OR ""heat production""[tiab] OR ""energy expenditure""[tiab] OR ""metabolic rate""[tiab] OR ""peripheral circulation""[tiab] OR ""blood flow""[tiab] OR microcirculation[tiab] OR thermoregulation[tiab] OR ""cold tolerance""[tiab] OR ""cold exposure""[tiab] OR ""thermal sensation""[tiab] OR ""thermal comfort""[tiab] OR ""cold sensitivity""[tiab] OR ""cold hypersensitivity""[tiab])","(""sweet potato"" OR ""Ipomoea batatas"") AND (""body temperature"" OR ""core temperature"" OR ""skin temperature"" OR ""tympanic temperature"" OR ""axillary temperature"" OR ""rectal temperature"" OR ""oral temperature"" OR thermogenesis OR ""thermic effect"" OR ""heat production"" OR ""energy expenditure"" OR ""metabolic rate"" OR ""peripheral circulation"" OR ""blood flow"" OR microcirculation OR thermoregulation OR ""cold tolerance"" OR ""cold exposure"" OR ""thermal sensation"" OR ""thermal comfort"" OR ""cold sensitivity"" OR ""cold hypersensitivity"")",
sweet potato,さつまいも,core,7,L3,0,,,"(""sweet potato""[tiab] OR ""Ipomoea batatas""[tiab]) AND (""body temperature""[tiab] OR ""core temperature""[tiab] OR ""skin temperature""[tiab] OR ""tympanic temperature""[tiab] OR ""axillary temperature""[tiab] OR ""rectal temperature""[tiab] OR ""oral temperature""[tiab] OR thermogenesis[tiab] OR ""thermic effect""[tiab] OR ""heat production""[tiab] OR ""energy expenditure""[tiab] OR ""metabolic rate""[tiab] OR ""peripheral circulation""[tiab] OR ""blood flow""[tiab] OR microcirculation[tiab] OR thermoregulation[tiab] OR ""cold tolerance""[tiab] OR ""cold exposure""[tiab] OR ""thermal sensation""[tiab] OR ""thermal comfort""[tiab] OR ""cold sensitivity""[tiab] OR ""cold hypersensitivity""[tiab]) AND ""randomized controlled trial""[pt]",,
beef,牛肉,core,6,L1,36245,,6202,beef[tiab],,牛肉
beef,牛肉,core,6,L2,461,12550,,"beef[tiab] AND (""body temperature""[tiab] OR ""core temperature""[tiab] OR ""skin temperature""[tiab] OR ""tympanic temperature""[tiab] OR ""axillary temperature""[tiab] OR ""rectal temperature""[tiab] OR ""oral temperature""[tiab] OR thermogenesis[tiab] OR ""thermic effect""[tiab] OR ""heat production""[tiab] OR ""energy expenditure""[tiab] OR ""metabolic rate""[tiab] OR ""peripheral circulation""[tiab] OR ""blood flow""[tiab] OR microcirculation[tiab] OR thermoregulation[tiab] OR ""cold tolerance""[tiab] OR ""cold exposure""[tiab] OR ""thermal sensation""[tiab] OR ""thermal comfort""[tiab] OR ""cold sensitivity""[tiab] OR ""cold hypersensitivity""[tiab])","beef AND (""body temperature"" OR ""core temperature"" OR ""skin temperature"" OR ""tympanic temperature"" OR ""axillary temperature"" OR ""rectal temperature"" OR ""oral temperature"" OR thermogenesis OR ""thermic effect"" OR ""heat production"" OR ""energy expenditure"" OR ""metabolic rate"" OR ""peripheral circulation"" OR ""blood flow"" OR microcirculation OR thermoregulation OR ""cold tolerance"" OR ""cold exposure"" OR ""thermal sensation"" OR ""thermal comfort"" OR ""cold sensitivity"" OR ""cold hypersensitivity"")",
beef,牛肉,core,6,L3,28,,,"beef[tiab] AND (""body temperature""[tiab] OR ""core temperature""[tiab] OR ""skin temperature""[tiab] OR ""tympanic temperature""[tiab] OR ""axillary temperature""[tiab] OR ""rectal temperature""[tiab] OR ""oral temperature""[tiab] OR thermogenesis[tiab] OR ""thermic effect""[tiab] OR ""heat production""[tiab] OR ""energy expenditure""[tiab] OR ""metabolic rate""[tiab] OR ""peripheral circulation""[tiab] OR ""blood flow""[tiab] OR microcirculation[tiab] OR thermoregulation[tiab] OR ""cold tolerance""[tiab] OR ""cold exposure""[tiab] OR ""thermal sensation""[tiab] OR ""thermal comfort""[tiab] OR ""cold sensitivity""[tiab] OR ""cold hypersensitivity""[tiab]) AND ""randomized controlled trial""[pt]",,
cinnamon,シナモン,core,6,L1,4123,,244,cinnamon[tiab],,シナモン
cinnamon,シナモン,core,6,L2,33,2105,,"cinnamon[tiab] AND (""body temperature""[tiab] OR ""core temperature""[tiab] OR ""skin temperature""[tiab] OR ""tympanic temperature""[tiab] OR ""axillary temperature""[tiab] OR ""rectal temperature""[tiab] OR ""oral temperature""[tiab] OR thermogenesis[tiab] OR ""thermic effect""[tiab] OR ""heat production""[tiab] OR ""energy expenditure""[tiab] OR ""metabolic rate""[tiab] OR ""peripheral circulation""[tiab] OR ""blood flow""[tiab] OR microcirculation[tiab] OR thermoregulation[tiab] OR ""cold tolerance""[tiab] OR ""cold exposure""[tiab] OR ""thermal sensation""[tiab] OR ""thermal comfort""[tiab] OR ""cold sensitivity""[tiab] OR ""cold hypersensitivity""[tiab])","cinnamon AND (""body temperature"" OR ""core temperature"" OR ""skin temperature"" OR ""tympanic temperature"" OR ""axillary temperature"" OR ""rectal temperature"" OR ""oral temperature"" OR thermogenesis OR ""thermic effect"" OR ""heat production"" OR ""energy expenditure"" OR ""metabolic rate"" OR ""peripheral circulation"" OR ""blood flow"" OR microcirculation OR thermoregulation OR ""cold tolerance"" OR ""cold exposure"" OR ""thermal sensation"" OR ""thermal comfort"" OR ""cold sensitivity"" OR ""cold hypersensitivity"")",
cinnamon,シナモン,core,6,L3,1,,,"cinnamon[tiab] AND (""body temperature""[tiab] OR ""core temperature""[tiab] OR ""skin temperature""[tiab] OR ""tympanic temperature""[tiab] OR ""axillary temperature""[tiab] OR ""rectal temperature""[tiab] OR ""oral temperature""[tiab] OR thermogenesis[tiab] OR ""thermic effect""[tiab] OR ""heat production""[tiab] OR ""energy expenditure""[tiab] OR ""metabolic rate""[tiab] OR ""peripheral circulation""[tiab] OR ""blood flow""[tiab] OR microcirculation[tiab] OR thermoregulation[tiab] OR ""cold tolerance""[tiab] OR ""cold exposure""[tiab] OR ""thermal sensation""[tiab] OR ""thermal comfort""[tiab] OR ""cold sensitivity""[tiab] OR ""cold hypersensitivity""[tiab]) AND ""randomized controlled trial""[pt]",,
coffee,コーヒー,core,6,L1,23286,,30624,coffee[tiab],,コーヒー
coffee,コーヒー,core,6,L2,165,9780,,"coffee[tiab] AND (""body temperature""[tiab] OR ""core temperature""[tiab] OR ""skin temperature""[tiab] OR ""tympanic temperature""[tiab] OR ""axillary temperature""[tiab] OR ""rectal temperature""[tiab] OR ""oral temperature""[tiab] OR thermogenesis[tiab] OR ""thermic effect""[tiab] OR ""heat production""[tiab] OR ""energy expenditure""[tiab] OR ""metabolic rate""[tiab] OR ""peripheral circulation""[tiab] OR ""blood flow""[tiab] OR microcirculation[tiab] OR thermoregulation[tiab] OR ""cold tolerance""[tiab] OR ""cold exposure""[tiab] OR ""thermal sensation""[tiab] OR ""thermal comfort""[tiab] OR ""cold sensitivity""[tiab] OR ""cold hypersensitivity""[tiab])","coffee AND (""body temperature"" OR ""core temperature"" OR ""skin temperature"" OR ""tympanic temperature"" OR ""axillary temperature"" OR ""rectal temperature"" OR ""oral temperature"" OR thermogenesis OR ""thermic effect"" OR ""heat production"" OR ""energy expenditure"" OR ""metabolic rate"" OR ""peripheral circulation"" OR ""blood flow"" OR microcirculation OR thermoregulation OR ""cold tolerance"" OR ""cold exposure"" OR ""thermal sensation"" OR ""thermal comfort"" OR ""cold sensitivity"" OR ""cold hypersensitivity"")",
coffee,コーヒー,core,6,L3,27,,,"coffee[tiab] AND (""body temperature""[tiab] OR ""core temperature""[tiab] OR ""skin temperature""[tiab] OR ""tympanic temperature""[tiab] OR ""axillary temperature""[tiab] OR ""rectal temperature""[tiab] OR ""oral temperature""[tiab] OR thermogenesis[tiab] OR ""thermic effect""[tiab] OR ""heat production""[tiab] OR ""energy expenditure""[tiab] OR ""metabolic rate""[tiab] OR ""peripheral circulation""[tiab] OR ""blood flow""[tiab] OR microcirculation[tiab] OR thermoregulation[tiab] OR ""cold tolerance""[tiab] OR ""cold exposure""[tiab] OR ""thermal sensation""[tiab] OR ""thermal comfort""[tiab] OR ""cold sensitivity""[tiab] OR ""cold hypersensitivity""[tiab]) AND ""randomized controlled trial""[pt]",,
egg,卵,core,6,L1,104764,,137936,egg[tiab],,卵
egg,卵,core,6,L2,778,40821,,"egg[tiab] AND (""body temperature""[tiab] OR ""core temperature""[tiab] OR ""skin temperature""[tiab] OR ""tympanic temperature""[tiab] OR ""axillary temperature""[tiab] OR ""rectal temperature""[tiab] OR ""oral temperature""[tiab] OR thermogenesis[tiab] OR ""thermic effect""[tiab] OR ""heat production""[tiab] OR ""energy expenditure""[tiab] OR ""metabolic rate""[tiab] OR ""peripheral circulation""[tiab] OR ""blood flow""[tiab] OR microcirculation[tiab] OR thermoregulation[tiab] OR ""cold tolerance""[tiab] OR ""cold exposure""[tiab] OR ""thermal sensation""[tiab] OR ""thermal comfort""[tiab] OR ""cold sensitivity""[tiab] OR ""cold hypersensitivity""[tiab])","egg AND (""body temperature"" OR ""core temperature"" OR ""skin temperature"" OR ""tympanic temperature"" OR ""axillary temperature"" OR ""rectal temperature"" OR ""oral temperature"" OR thermogenesis OR ""thermic effect"" OR ""heat production"" OR ""energy expenditure"" OR ""metabolic rate"" OR ""peripheral circulation"" OR ""blood flow"" OR microcirculation OR thermoregulation OR ""cold tolerance"" OR ""cold exposure"" OR ""thermal sensation"" OR ""thermal comfort"" OR ""cold sensitivity"" OR ""cold hypersensitivity"")",
egg,卵,core,6,L3,21,,,"egg[tiab] AND (""body temperature""[tiab] OR ""core temperature""[tiab] OR ""skin temperature""[tiab] OR ""tympanic temperature""[tiab] OR ""axillary temperature""[tiab] OR ""rectal temperature""[tiab] OR ""oral temperature""[tiab] OR thermogenesis[tiab] OR ""thermic effect""[tiab] OR ""heat production""[tiab] OR ""energy expenditure""[tiab] OR ""metabolic rate""[tiab] OR ""peripheral circulation""[tiab] OR ""blood flow""[tiab] OR microcirculation[tiab] OR thermoregulation[tiab] OR ""cold tolerance""[tiab] OR ""cold exposure""[tiab] OR ""thermal sensation""[tiab] OR ""thermal comfort""[tiab] OR ""cold sensitivity""[tiab] OR ""cold hypersensitivity""[tiab]) AND ""randomized controlled trial""[pt]",,
hojicha,ほうじ茶,core,6,L1,29,,120,"(hojicha[tiab] OR ""roasted green tea""[tiab])",,ほうじ茶
hojicha,ほうじ茶,core,6,L2,1,9,,"(hojicha[tiab] OR ""roasted green tea""[tiab]) AND (""body temperature""[tiab] OR ""core temperature""[tiab] OR ""skin temperature""[tiab] OR ""tympanic temperature""[tiab] OR ""axillary temperature""[tiab] OR ""rectal temperature""[tiab] OR ""oral temperature""[tiab] OR thermogenesis[tiab] OR ""thermic effect""[tiab] OR ""heat production""[tiab] OR ""energy expenditure""[tiab] OR ""metabolic rate""[tiab] OR ""peripheral circulation""[tiab] OR ""blood flow""[tiab] OR microcirculation[tiab] OR thermoregulation[tiab] OR ""cold tolerance""[tiab] OR ""cold exposure""[tiab] OR ""thermal sensation""[tiab] OR ""thermal comfort""[tiab] OR ""cold sensitivity""[tiab] OR ""cold hypersensitivity""[tiab])","(hojicha OR ""roasted green tea"") AND (""body temperature"" OR ""core temperature"" OR ""skin temperature"" OR ""tympanic temperature"" OR ""axillary temperature"" OR ""rectal temperature"" OR ""oral temperature"" OR thermogenesis OR ""thermic effect"" OR ""heat production"" OR ""energy expenditure"" OR ""metabolic rate"" OR ""peripheral circulation"" OR ""blood flow"" OR microcirculation OR thermoregulation OR ""cold tolerance"" OR ""cold exposure"" OR ""thermal sensation"" OR ""thermal comfort"" OR ""cold sensitivity"" OR ""cold hypersensitivity"")",
hojicha,ほうじ茶,core,6,L3,0,,,"(hojicha[tiab] OR ""roasted green tea""[tiab]) AND (""body temperature""[tiab] OR ""core temperature""[tiab] OR ""skin temperature""[tiab] OR ""tympanic temperature""[tiab] OR ""axillary temperature""[tiab] OR ""rectal temperature""[tiab] OR ""oral temperature""[tiab] OR thermogenesis[tiab] OR ""thermic effect""[tiab] OR ""heat production""[tiab] OR ""energy expenditure""[tiab] OR ""metabolic rate""[tiab] OR ""peripheral circulation""[tiab] OR ""blood flow""[tiab] OR microcirculation[tiab] OR thermoregulation[tiab] OR ""cold tolerance""[tiab] OR ""cold exposure""[tiab] OR ""thermal sensation""[tiab] OR ""thermal comfort""[tiab] OR ""cold sensitivity""[tiab] OR ""cold hypersensitivity""[tiab]) AND ""randomized controlled trial""[pt]",,
kimchi,キムチ,core,6,L1,1180,,771,kimchi[tiab],,キムチ
kimchi,キムチ,core,6,L2,6,725,,"kimchi[tiab] AND (""body temperature""[tiab] OR ""core temperature""[tiab] OR ""skin temperature""[tiab] OR ""tympanic temperature""[tiab] OR ""axillary temperature""[tiab] OR ""rectal temperature""[tiab] OR ""oral temperature""[tiab] OR thermogenesis[tiab] OR ""thermic effect""[tiab] OR ""heat production""[tiab] OR ""energy expenditure""[tiab] OR ""metabolic rate""[tiab] OR ""peripheral circulation""[tiab] OR ""blood flow""[tiab] OR microcirculation[tiab] OR thermoregulation[tiab] OR ""cold tolerance""[tiab] OR ""cold exposure""[tiab] OR ""thermal sensation""[tiab] OR ""thermal comfort""[tiab] OR ""cold sensitivity""[tiab] OR ""cold hypersensitivity""[tiab])","kimchi AND (""body temperature"" OR ""core temperature"" OR ""skin temperature"" OR ""tympanic temperature"" OR ""axillary temperature"" OR ""rectal temperature"" OR ""oral temperature"" OR thermogenesis OR ""thermic effect"" OR ""heat production"" OR ""energy expenditure"" OR ""metabolic rate"" OR ""peripheral circulation"" OR ""blood flow"" OR microcirculation OR thermoregulation OR ""cold tolerance"" OR ""cold exposure"" OR ""thermal sensation"" OR ""thermal comfort"" OR ""cold sensitivity"" OR ""cold hypersensitivity"")",
kimchi,キムチ,core,6,L3,0,,,"kimchi[tiab] AND (""body temperature""[tiab] OR ""core temperature""[tiab] OR ""skin temperature""[tiab] OR ""tympanic temperature""[tiab] OR ""axillary temperature""[tiab] OR ""rectal temperature""[tiab] OR ""oral temperature""[tiab] OR thermogenesis[tiab] OR ""thermic effect""[tiab] OR ""heat production""[tiab] OR ""energy expenditure""[tiab] OR ""metabolic rate""[tiab] OR ""peripheral circulation""[tiab] OR ""blood flow""[tiab] OR microcirculation[tiab] OR thermoregulation[tiab] OR ""cold tolerance""[tiab] OR ""cold exposure""[tiab] OR ""thermal sensation""[tiab] OR ""thermal comfort""[tiab] OR ""cold sensitivity""[tiab] OR ""cold hypersensitivity""[tiab]) AND ""randomized controlled trial""[pt]",,
onion,たまねぎ,core,6,L1,7727,,3892,onion[tiab],,たまねぎ
onion,たまねぎ,core,6,L2,30,2900,,"onion[tiab] AND (""body temperature""[tiab] OR ""core temperature""[tiab] OR ""skin temperature""[tiab] OR ""tympanic temperature""[tiab] OR ""axillary temperature""[tiab] OR ""rectal temperature""[tiab] OR ""oral temperature""[tiab] OR thermogenesis[tiab] OR ""thermic effect""[tiab] OR ""heat production""[tiab] OR ""energy expenditure""[tiab] OR ""metabolic rate""[tiab] OR ""peripheral circulation""[tiab] OR ""blood flow""[tiab] OR microcirculation[tiab] OR thermoregulation[tiab] OR ""cold tolerance""[tiab] OR ""cold exposure""[tiab] OR ""thermal sensation""[tiab] OR ""thermal comfort""[tiab] OR ""cold sensitivity""[tiab] OR ""cold hypersensitivity""[tiab])","onion AND (""body temperature"" OR ""core temperature"" OR ""skin temperature"" OR ""tympanic temperature"" OR ""axillary temperature"" OR ""rectal temperature"" OR ""oral temperature"" OR thermogenesis OR ""thermic effect"" OR ""heat production"" OR ""energy expenditure"" OR ""metabolic rate"" OR ""peripheral circulation"" OR ""blood flow"" OR microcirculation OR thermoregulation OR ""cold tolerance"" OR ""cold exposure"" OR ""thermal sensation"" OR ""thermal comfort"" OR ""cold sensitivity"" OR ""cold hypersensitivity"")",
onion,たまねぎ,core,6,L3,0,,,"onion[tiab] AND (""body temperature""[tiab] OR ""core temperature""[tiab] OR ""skin temperature""[tiab] OR ""tympanic temperature""[tiab] OR ""axillary temperature""[tiab] OR ""rectal temperature""[tiab] OR ""oral temperature""[tiab] OR thermogenesis[tiab] OR ""thermic effect""[tiab] OR ""heat production""[tiab] OR ""energy expenditure""[tiab] OR ""metabolic rate""[tiab] OR ""peripheral circulation""[tiab] OR ""blood flow""[tiab] OR microcirculation[tiab] OR thermoregulation[tiab] OR ""cold tolerance""[tiab] OR ""cold exposure""[tiab] OR ""thermal sensation""[tiab] OR ""thermal comfort""[tiab] OR ""cold sensitivity""[tiab] OR ""cold hypersensitivity""[tiab]) AND ""randomized controlled trial""[pt]",,
salmon,鮭,core,6,L1,20092,,1931,salmon[tiab],,鮭
salmon,鮭,core,6,L2,191,11618,,"salmon[tiab] AND (""body temperature""[tiab] OR ""core temperature""[tiab] OR ""skin temperature""[tiab] OR ""tympanic temperature""[tiab] OR ""axillary temperature""[tiab] OR ""rectal temperature""[tiab] OR ""oral temperature""[tiab] OR thermogenesis[tiab] OR ""thermic effect""[tiab] OR ""heat production""[tiab] OR ""energy expenditure""[tiab] OR ""metabolic rate""[tiab] OR ""peripheral circulation""[tiab] OR ""blood flow""[tiab] OR microcirculation[tiab] OR thermoregulation[tiab] OR ""cold tolerance""[tiab] OR ""cold exposure""[tiab] OR ""thermal sensation""[tiab] OR ""thermal comfort""[tiab] OR ""cold sensitivity""[tiab] OR ""cold hypersensitivity""[tiab])","salmon AND (""body temperature"" OR ""core temperature"" OR ""skin temperature"" OR ""tympanic temperature"" OR ""axillary temperature"" OR ""rectal temperature"" OR ""oral temperature"" OR thermogenesis OR ""thermic effect"" OR ""heat production"" OR ""energy expenditure"" OR ""metabolic rate"" OR ""peripheral circulation"" OR ""blood flow"" OR microcirculation OR thermoregulation OR ""cold tolerance"" OR ""cold exposure"" OR ""thermal sensation"" OR ""thermal comfort"" OR ""cold sensitivity"" OR ""cold hypersensitivity"")",
salmon,鮭,core,6,L3,1,,,"salmon[tiab] AND (""body temperature""[tiab] OR ""core temperature""[tiab] OR ""skin temperature""[tiab] OR ""tympanic temperature""[tiab] OR ""axillary temperature""[tiab] OR ""rectal temperature""[tiab] OR ""oral temperature""[tiab] OR thermogenesis[tiab] OR ""thermic effect""[tiab] OR ""heat production""[tiab] OR ""energy expenditure""[tiab] OR ""metabolic rate""[tiab] OR ""peripheral circulation""[tiab] OR ""blood flow""[tiab] OR microcirculation[tiab] OR thermoregulation[tiab] OR ""cold tolerance""[tiab] OR ""cold exposure""[tiab] OR ""thermal sensation""[tiab] OR ""thermal comfort""[tiab] OR ""cold sensitivity""[tiab] OR ""cold hypersensitivity""[tiab]) AND ""randomized controlled trial""[pt]",,
cherry,さくらんぼ,core,5,L1,7209,,785,cherry[tiab],,さくらんぼ
cherry,さくらんぼ,core,5,L2,46,6558,,"cherry[tiab] AND (""body temperature""[tiab] OR ""core temperature""[tiab] OR ""skin temperature""[tiab] OR ""tympanic temperature""[tiab] OR ""axillary temperature""[tiab] OR ""rectal temperature""[tiab] OR ""oral temperature""[tiab] OR thermogenesis[tiab] OR ""thermic effect""[tiab] OR ""heat production""[tiab] OR ""energy expenditure""[tiab] OR ""metabolic rate""[tiab] OR ""peripheral circulation""[tiab] OR ""blood flow""[tiab] OR microcirculation[tiab] OR thermoregulation[tiab] OR ""cold tolerance""[tiab] OR ""cold exposure""[tiab] OR ""thermal sensation""[tiab] OR ""thermal comfort""[tiab] OR ""cold sensitivity""[tiab] OR ""cold hypersensitivity""[tiab])","cherry AND (""body temperature"" OR ""core temperature"" OR ""skin temperature"" OR ""tympanic temperature"" OR ""axillary temperature"" OR ""rectal temperature"" OR ""oral temperature"" OR thermogenesis OR ""thermic effect"" OR ""heat production"" OR ""energy expenditure"" OR ""metabolic rate"" OR ""peripheral circulation"" OR ""blood flow"" OR microcirculation OR thermoregulation OR ""cold tolerance"" OR ""cold exposure"" OR ""thermal sensation"" OR ""thermal comfort"" OR ""cold sensitivity"" OR ""cold hypersensitivity"")",
cherry,さくらんぼ,core,5,L3,5,,,"cherry[tiab] AND (""body temperature""[tiab] OR ""core temperature""[tiab] OR ""skin temperature""[tiab] OR ""tympanic temperature""[tiab] OR ""axillary temperature""[tiab] OR ""rectal temperature""[tiab] OR ""oral temperature""[tiab] OR thermogenesis[tiab] OR ""thermic effect""[tiab] OR ""heat production""[tiab] OR ""energy expenditure""[tiab] OR ""metabolic rate""[tiab] OR ""peripheral circulation""[tiab] OR ""blood flow""[tiab] OR microcirculation[tiab] OR thermoregulation[tiab] OR ""cold tolerance""[tiab] OR ""cold exposure""[tiab] OR ""thermal sensation""[tiab] OR ""thermal comfort""[tiab] OR ""cold sensitivity""[tiab] OR ""cold hypersensitivity""[tiab]) AND ""randomized controlled trial""[pt]",,
chinese cabbage,白菜,core,5,L1,2115,,876,"(""chinese cabbage""[tiab] OR ""napa cabbage""[tiab])",,白菜
chinese cabbage,白菜,core,5,L2,11,165,,"(""chinese cabbage""[tiab] OR ""napa cabbage""[tiab]) AND (""body temperature""[tiab] OR ""core temperature""[tiab] OR ""skin temperature""[tiab] OR ""tympanic temperature""[tiab] OR ""axillary temperature""[tiab] OR ""rectal temperature""[tiab] OR ""oral temperature""[tiab] OR thermogenesis[tiab] OR ""thermic effect""[tiab] OR ""heat production""[tiab] OR ""energy expenditure""[tiab] OR ""metabolic rate""[tiab] OR ""peripheral circulation""[tiab] OR ""blood flow""[tiab] OR microcirculation[tiab] OR thermoregulation[tiab] OR ""cold tolerance""[tiab] OR ""cold exposure""[tiab] OR ""thermal sensation""[tiab] OR ""thermal comfort""[tiab] OR ""cold sensitivity""[tiab] OR ""cold hypersensitivity""[tiab])","(""chinese cabbage"" OR ""napa cabbage"") AND (""body temperature"" OR ""core temperature"" OR ""skin temperature"" OR ""tympanic temperature"" OR ""axillary temperature"" OR ""rectal temperature"" OR ""oral temperature"" OR thermogenesis OR ""thermic effect"" OR ""heat production"" OR ""energy expenditure"" OR ""metabolic rate"" OR ""peripheral circulation"" OR ""blood flow"" OR microcirculation OR thermoregulation OR ""cold tolerance"" OR ""cold exposure"" OR ""thermal sensation"" OR ""thermal comfort"" OR ""cold sensitivity"" OR ""cold hypersensitivity"")",
chinese cabbage,白菜,core,5,L3,0,,,"(""chinese cabbage""[tiab] OR ""napa cabbage""[tiab]) AND (""body temperature""[tiab] OR ""core temperature""[tiab] OR ""skin temperature""[tiab] OR ""tympanic temperature""[tiab] OR ""axillary temperature""[tiab] OR ""rectal temperature""[tiab] OR ""oral temperature""[tiab] OR thermogenesis[tiab] OR ""thermic effect""[tiab] OR ""heat production""[tiab] OR ""energy expenditure""[tiab] OR ""metabolic rate""[tiab] OR ""peripheral circulation""[tiab] OR ""blood flow""[tiab] OR microcirculation[tiab] OR thermoregulation[tiab] OR ""cold tolerance""[tiab] OR ""cold exposure""[tiab] OR ""thermal sensation""[tiab] OR ""thermal comfort""[tiab] OR ""cold sensitivity""[tiab] OR ""cold hypersensitivity""[tiab]) AND ""randomized controlled trial""[pt]",,
green tea,緑茶,core,5,L1,15476,,3966,"(""green tea""[tiab] OR ""Camellia sinensis""[tiab])",,緑茶
green tea,緑茶,core,5,L2,256,4652,,"(""green tea""[tiab] OR ""Camellia sinensis""[tiab]) AND (""body temperature""[tiab] OR ""core temperature""[tiab] OR ""skin temperature""[tiab] OR ""tympanic temperature""[tiab] OR ""axillary temperature""[tiab] OR ""rectal temperature""[tiab] OR ""oral temperature""[tiab] OR thermogenesis[tiab] OR ""thermic effect""[tiab] OR ""heat production""[tiab] OR ""energy expenditure""[tiab] OR ""metabolic rate""[tiab] OR ""peripheral circulation""[tiab] OR ""blood flow""[tiab] OR microcirculation[tiab] OR thermoregulation[tiab] OR ""cold tolerance""[tiab] OR ""cold exposure""[tiab] OR ""thermal sensation""[tiab] OR ""thermal comfort""[tiab] OR ""cold sensitivity""[tiab] OR ""cold hypersensitivity""[tiab])","(""green tea"" OR ""Camellia sinensis"") AND (""body temperature"" OR ""core temperature"" OR ""skin temperature"" OR ""tympanic temperature"" OR ""axillary temperature"" OR ""rectal temperature"" OR ""oral temperature"" OR thermogenesis OR ""thermic effect"" OR ""heat production"" OR ""energy expenditure"" OR ""metabolic rate"" OR ""peripheral circulation"" OR ""blood flow"" OR microcirculation OR thermoregulation OR ""cold tolerance"" OR ""cold exposure"" OR ""thermal sensation"" OR ""thermal comfort"" OR ""cold sensitivity"" OR ""cold hypersensitivity"")",
green tea,緑茶,core,5,L3,45,,,"(""green tea""[tiab] OR ""Camellia sinensis""[tiab]) AND (""body temperature""[tiab] OR ""core temperature""[tiab] OR ""skin temperature""[tiab] OR ""tympanic temperature""[tiab] OR ""axillary temperature""[tiab] OR ""rectal temperature""[tiab] OR ""oral temperature""[tiab] OR thermogenesis[tiab] OR ""thermic effect""[tiab] OR ""heat production""[tiab] OR ""energy expenditure""[tiab] OR ""metabolic rate""[tiab] OR ""peripheral circulation""[tiab] OR ""blood flow""[tiab] OR microcirculation[tiab] OR thermoregulation[tiab] OR ""cold tolerance""[tiab] OR ""cold exposure""[tiab] OR ""thermal sensation""[tiab] OR ""thermal comfort""[tiab] OR ""cold sensitivity""[tiab] OR ""cold hypersensitivity""[tiab]) AND ""randomized controlled trial""[pt]",,
lettuce,レタス,core,5,L1,8839,,10542,lettuce[tiab],,レタス
lettuce,レタス,core,5,L2,17,1446,,"lettuce[tiab] AND (""body temperature""[tiab] OR ""core temperature""[tiab] OR ""skin temperature""[tiab] OR ""tympanic temperature""[tiab] OR ""axillary temperature""[tiab] OR ""rectal temperature""[tiab] OR ""oral temperature""[tiab] OR thermogenesis[tiab] OR ""thermic effect""[tiab] OR ""heat production""[tiab] OR ""energy expenditure""[tiab] OR ""metabolic rate""[tiab] OR ""peripheral circulation""[tiab] OR ""blood flow""[tiab] OR microcirculation[tiab] OR thermoregulation[tiab] OR ""cold tolerance""[tiab] OR ""cold exposure""[tiab] OR ""thermal sensation""[tiab] OR ""thermal comfort""[tiab] OR ""cold sensitivity""[tiab] OR ""cold hypersensitivity""[tiab])","lettuce AND (""body temperature"" OR ""core temperature"" OR ""skin temperature"" OR ""tympanic temperature"" OR ""axillary temperature"" OR ""rectal temperature"" OR ""oral temperature"" OR thermogenesis OR ""thermic effect"" OR ""heat production"" OR ""energy expenditure"" OR ""metabolic rate"" OR ""peripheral circulation"" OR ""blood flow"" OR microcirculation OR thermoregulation OR ""cold tolerance"" OR ""cold exposure"" OR ""thermal sensation"" OR ""thermal comfort"" OR ""cold sensitivity"" OR ""cold hypersensitivity"")",
lettuce,レタス,core,5,L3,1,,,"lettuce[tiab] AND (""body temperature""[tiab] OR ""core temperature""[tiab] OR ""skin temperature""[tiab] OR ""tympanic temperature""[tiab] OR ""axillary temperature""[tiab] OR ""rectal temperature""[tiab] OR ""oral temperature""[tiab] OR thermogenesis[tiab] OR ""thermic effect""[tiab] OR ""heat production""[tiab] OR ""energy expenditure""[tiab] OR ""metabolic rate""[tiab] OR ""peripheral circulation""[tiab] OR ""blood flow""[tiab] OR microcirculation[tiab] OR thermoregulation[tiab] OR ""cold tolerance""[tiab] OR ""cold exposure""[tiab] OR ""thermal sensation""[tiab] OR ""thermal comfort""[tiab] OR ""cold sensitivity""[tiab] OR ""cold hypersensitivity""[tiab]) AND ""randomized controlled trial""[pt]",,
milk,牛乳,core,5,L1,171272,,10595,milk[tiab],,牛乳
milk,牛乳,core,5,L2,1932,46955,,"milk[tiab] AND (""body temperature""[tiab] OR ""core temperature""[tiab] OR ""skin temperature""[tiab] OR ""tympanic temperature""[tiab] OR ""axillary temperature""[tiab] OR ""rectal temperature""[tiab] OR ""oral temperature""[tiab] OR thermogenesis[tiab] OR ""thermic effect""[tiab] OR ""heat production""[tiab] OR ""energy expenditure""[tiab] OR ""metabolic rate""[tiab] OR ""peripheral circulation""[tiab] OR ""blood flow""[tiab] OR microcirculation[tiab] OR thermoregulation[tiab] OR ""cold tolerance""[tiab] OR ""cold exposure""[tiab] OR ""thermal sensation""[tiab] OR ""thermal comfort""[tiab] OR ""cold sensitivity""[tiab] OR ""cold hypersensitivity""[tiab])","milk AND (""body temperature"" OR ""core temperature"" OR ""skin temperature"" OR ""tympanic temperature"" OR ""axillary temperature"" OR ""rectal temperature"" OR ""oral temperature"" OR thermogenesis OR ""thermic effect"" OR ""heat production"" OR ""energy expenditure"" OR ""metabolic rate"" OR ""peripheral circulation"" OR ""blood flow"" OR microcirculation OR thermoregulation OR ""cold tolerance"" OR ""cold exposure"" OR ""thermal sensation"" OR ""thermal comfort"" OR ""cold sensitivity"" OR ""cold hypersensitivity"")",
milk,牛乳,core,5,L3,106,,,"milk[tiab] AND (""body temperature""[tiab] OR ""core temperature""[tiab] OR ""skin temperature""[tiab] OR ""tympanic temperature""[tiab] OR ""axillary temperature""[tiab] OR ""rectal temperature""[tiab] OR ""oral temperature""[tiab] OR thermogenesis[tiab] OR ""thermic effect""[tiab] OR ""heat production""[tiab] OR ""energy expenditure""[tiab] OR ""metabolic rate""[tiab] OR ""peripheral circulation""[tiab] OR ""blood flow""[tiab] OR microcirculation[tiab] OR thermoregulation[tiab] OR ""cold tolerance""[tiab] OR ""cold exposure""[tiab] OR ""thermal sensation""[tiab] OR ""thermal comfort""[tiab] OR ""cold sensitivity""[tiab] OR ""cold hypersensitivity""[tiab]) AND ""randomized controlled trial""[pt]",,
sake,日本酒,core,5,L1,5244,,4109,sake[tiab],,日本酒
sake,日本酒,core,5,L2,32,7559,,"sake[tiab] AND (""body temperature""[tiab] OR ""core temperature""[tiab] OR ""skin temperature""[tiab] OR ""tympanic temperature""[tiab] OR ""axillary temperature""[tiab] OR ""rectal temperature""[tiab] OR ""oral temperature""[tiab] OR thermogenesis[tiab] OR ""thermic effect""[tiab] OR ""heat production""[tiab] OR ""energy expenditure""[tiab] OR ""metabolic rate""[tiab] OR ""peripheral circulation""[tiab] OR ""blood flow""[tiab] OR microcirculation[tiab] OR thermoregulation[tiab] OR ""cold tolerance""[tiab] OR ""cold exposure""[tiab] OR ""thermal sensation""[tiab] OR ""thermal comfort""[tiab] OR ""cold sensitivity""[tiab] OR ""cold hypersensitivity""[tiab])","sake AND (""body temperature"" OR ""core temperature"" OR ""skin temperature"" OR ""tympanic temperature"" OR ""axillary temperature"" OR ""rectal temperature"" OR ""oral temperature"" OR thermogenesis OR ""thermic effect"" OR ""heat production"" OR ""energy expenditure"" OR ""metabolic rate"" OR ""peripheral circulation"" OR ""blood flow"" OR microcirculation OR thermoregulation OR ""cold tolerance"" OR ""cold exposure"" OR ""thermal sensation"" OR ""thermal comfort"" OR ""cold sensitivity"" OR ""cold hypersensitivity"")",
sake,日本酒,core,5,L3,0,,,"sake[tiab] AND (""body temperature""[tiab] OR ""core temperature""[tiab] OR ""skin temperature""[tiab] OR ""tympanic temperature""[tiab] OR ""axillary temperature""[tiab] OR ""rectal temperature""[tiab] OR ""oral temperature""[tiab] OR thermogenesis[tiab] OR ""thermic effect""[tiab] OR ""heat production""[tiab] OR ""energy expenditure""[tiab] OR ""metabolic rate""[tiab] OR ""peripheral circulation""[tiab] OR ""blood flow""[tiab] OR microcirculation[tiab] OR thermoregulation[tiab] OR ""cold tolerance""[tiab] OR ""cold exposure""[tiab] OR ""thermal sensation""[tiab] OR ""thermal comfort""[tiab] OR ""cold sensitivity""[tiab] OR ""cold hypersensitivity""[tiab]) AND ""randomized controlled trial""[pt]",,
soy sauce,醤油,core,5,L1,1264,,11567,"""soy sauce""[tiab]",,醤油
soy sauce,醤油,core,5,L2,2,247,,"""soy sauce""[tiab] AND (""body temperature""[tiab] OR ""core temperature""[tiab] OR ""skin temperature""[tiab] OR ""tympanic temperature""[tiab] OR ""axillary temperature""[tiab] OR ""rectal temperature""[tiab] OR ""oral temperature""[tiab] OR thermogenesis[tiab] OR ""thermic effect""[tiab] OR ""heat production""[tiab] OR ""energy expenditure""[tiab] OR ""metabolic rate""[tiab] OR ""peripheral circulation""[tiab] OR ""blood flow""[tiab] OR microcirculation[tiab] OR thermoregulation[tiab] OR ""cold tolerance""[tiab] OR ""cold exposure""[tiab] OR ""thermal sensation""[tiab] OR ""thermal comfort""[tiab] OR ""cold sensitivity""[tiab] OR ""cold hypersensitivity""[tiab])","""soy sauce"" AND (""body temperature"" OR ""core temperature"" OR ""skin temperature"" OR ""tympanic temperature"" OR ""axillary temperature"" OR ""rectal temperature"" OR ""oral temperature"" OR thermogenesis OR ""thermic effect"" OR ""heat production"" OR ""energy expenditure"" OR ""metabolic rate"" OR ""peripheral circulation"" OR ""blood flow"" OR microcirculation OR thermoregulation OR ""cold tolerance"" OR ""cold exposure"" OR ""thermal sensation"" OR ""thermal comfort"" OR ""cold sensitivity"" OR ""cold hypersensitivity"")",
soy sauce,醤油,core,5,L3,0,,,"""soy sauce""[tiab] AND (""body temperature""[tiab] OR ""core temperature""[tiab] OR ""skin temperature""[tiab] OR ""tympanic temperature""[tiab] OR ""axillary temperature""[tiab] OR ""rectal temperature""[tiab] OR ""oral temperature""[tiab] OR thermogenesis[tiab] OR ""thermic effect""[tiab] OR ""heat production""[tiab] OR ""energy expenditure""[tiab] OR ""metabolic rate""[tiab] OR ""peripheral circulation""[tiab] OR ""blood flow""[tiab] OR microcirculation[tiab] OR thermoregulation[tiab] OR ""cold tolerance""[tiab] OR ""cold exposure""[tiab] OR ""thermal sensation""[tiab] OR ""thermal comfort""[tiab] OR ""cold sensitivity""[tiab] OR ""cold hypersensitivity""[tiab]) AND ""randomized controlled trial""[pt]",,
spinach,ほうれん草,core,5,L1,9863,,532,spinach[tiab],,ほうれん草
spinach,ほうれん草,core,5,L2,20,1541,,"spinach[tiab] AND (""body temperature""[tiab] OR ""core temperature""[tiab] OR ""skin temperature""[tiab] OR ""tympanic temperature""[tiab] OR ""axillary temperature""[tiab] OR ""rectal temperature""[tiab] OR ""oral temperature""[tiab] OR thermogenesis[tiab] OR ""thermic effect""[tiab] OR ""heat production""[tiab] OR ""energy expenditure""[tiab] OR ""metabolic rate""[tiab] OR ""peripheral circulation""[tiab] OR ""blood flow""[tiab] OR microcirculation[tiab] OR thermoregulation[tiab] OR ""cold tolerance""[tiab] OR ""cold exposure""[tiab] OR ""thermal sensation""[tiab] OR ""thermal comfort""[tiab] OR ""cold sensitivity""[tiab] OR ""cold hypersensitivity""[tiab])","spinach AND (""body temperature"" OR ""core temperature"" OR ""skin temperature"" OR ""tympanic temperature"" OR ""axillary temperature"" OR ""rectal temperature"" OR ""oral temperature"" OR thermogenesis OR ""thermic effect"" OR ""heat production"" OR ""energy expenditure"" OR ""metabolic rate"" OR ""peripheral circulation"" OR ""blood flow"" OR microcirculation OR thermoregulation OR ""cold tolerance"" OR ""cold exposure"" OR ""thermal sensation"" OR ""thermal comfort"" OR ""cold sensitivity"" OR ""cold hypersensitivity"")",
spinach,ほうれん草,core,5,L3,3,,,"spinach[tiab] AND (""body temperature""[tiab] OR ""core temperature""[tiab] OR ""skin temperature""[tiab] OR ""tympanic temperature""[tiab] OR ""axillary temperature""[tiab] OR ""rectal temperature""[tiab] OR ""oral temperature""[tiab] OR thermogenesis[tiab] OR ""thermic effect""[tiab] OR ""heat production""[tiab] OR ""energy expenditure""[tiab] OR ""metabolic rate""[tiab] OR ""peripheral circulation""[tiab] OR ""blood flow""[tiab] OR microcirculation[tiab] OR thermoregulation[tiab] OR ""cold tolerance""[tiab] OR ""cold exposure""[tiab] OR ""thermal sensation""[tiab] OR ""thermal comfort""[tiab] OR ""cold sensitivity""[tiab] OR ""cold hypersensitivity""[tiab]) AND ""randomized controlled trial""[pt]",,
tuna,マグロ,core,5,L1,3715,,10484,tuna[tiab],,マグロ
tuna,マグロ,core,5,L2,76,3101,,"tuna[tiab] AND (""body temperature""[tiab] OR ""core temperature""[tiab] OR ""skin temperature""[tiab] OR ""tympanic temperature""[tiab] OR ""axillary temperature""[tiab] OR ""rectal temperature""[tiab] OR ""oral temperature""[tiab] OR thermogenesis[tiab] OR ""thermic effect""[tiab] OR ""heat production""[tiab] OR ""energy expenditure""[tiab] OR ""metabolic rate""[tiab] OR ""peripheral circulation""[tiab] OR ""blood flow""[tiab] OR microcirculation[tiab] OR thermoregulation[tiab] OR ""cold tolerance""[tiab] OR ""cold exposure""[tiab] OR ""thermal sensation""[tiab] OR ""thermal comfort""[tiab] OR ""cold sensitivity""[tiab] OR ""cold hypersensitivity""[tiab])","tuna AND (""body temperature"" OR ""core temperature"" OR ""skin temperature"" OR ""tympanic temperature"" OR ""axillary temperature"" OR ""rectal temperature"" OR ""oral temperature"" OR thermogenesis OR ""thermic effect"" OR ""heat production"" OR ""energy expenditure"" OR ""metabolic rate"" OR ""peripheral circulation"" OR ""blood flow"" OR microcirculation OR thermoregulation OR ""cold tolerance"" OR ""cold exposure"" OR ""thermal sensation"" OR ""thermal comfort"" OR ""cold sensitivity"" OR ""cold hypersensitivity"")",
tuna,マグロ,core,5,L3,2,,,"tuna[tiab] AND (""body temperature""[tiab] OR ""core temperature""[tiab] OR ""skin temperature""[tiab] OR ""tympanic temperature""[tiab] OR ""axillary temperature""[tiab] OR ""rectal temperature""[tiab] OR ""oral temperature""[tiab] OR thermogenesis[tiab] OR ""thermic effect""[tiab] OR ""heat production""[tiab] OR ""energy expenditure""[tiab] OR ""metabolic rate""[tiab] OR ""peripheral circulation""[tiab] OR ""blood flow""[tiab] OR microcirculation[tiab] OR thermoregulation[tiab] OR ""cold tolerance""[tiab] OR ""cold exposure""[tiab] OR ""thermal sensation""[tiab] OR ""thermal comfort""[tiab] OR ""cold sensitivity""[tiab] OR ""cold hypersensitivity""[tiab]) AND ""randomized controlled trial""[pt]",,
vinegar,酢,core,5,L1,3419,,28673,vinegar[tiab],,酢
vinegar,酢,core,5,L2,19,1432,,"vinegar[tiab] AND (""body temperature""[tiab] OR ""core temperature""[tiab] OR ""skin temperature""[tiab] OR ""tympanic temperature""[tiab] OR ""axillary temperature""[tiab] OR ""rectal temperature""[tiab] OR ""oral temperature""[tiab] OR thermogenesis[tiab] OR ""thermic effect""[tiab] OR ""heat production""[tiab] OR ""energy expenditure""[tiab] OR ""metabolic rate""[tiab] OR ""peripheral circulation""[tiab] OR ""blood flow""[tiab] OR microcirculation[tiab] OR thermoregulation[tiab] OR ""cold tolerance""[tiab] OR ""cold exposure""[tiab] OR ""thermal sensation""[tiab] OR ""thermal comfort""[tiab] OR ""cold sensitivity""[tiab] OR ""cold hypersensitivity""[tiab])","vinegar AND (""body temperature"" OR ""core temperature"" OR ""skin temperature"" OR ""tympanic temperature"" OR ""axillary temperature"" OR ""rectal temperature"" OR ""oral temperature"" OR thermogenesis OR ""thermic effect"" OR ""heat production"" OR ""energy expenditure"" OR ""metabolic rate"" OR ""peripheral circulation"" OR ""blood flow"" OR microcirculation OR thermoregulation OR ""cold tolerance"" OR ""cold exposure"" OR ""thermal sensation"" OR ""thermal comfort"" OR ""cold sensitivity"" OR ""cold hypersensitivity"")",
vinegar,酢,core,5,L3,3,,,"vinegar[tiab] AND (""body temperature""[tiab] OR ""core temperature""[tiab] OR ""skin temperature""[tiab] OR ""tympanic temperature""[tiab] OR ""axillary temperature""[tiab] OR ""rectal temperature""[tiab] OR ""oral temperature""[tiab] OR thermogenesis[tiab] OR ""thermic effect""[tiab] OR ""heat production""[tiab] OR ""energy expenditure""[tiab] OR ""metabolic rate""[tiab] OR ""peripheral circulation""[tiab] OR ""blood flow""[tiab] OR microcirculation[tiab] OR thermoregulation[tiab] OR ""cold tolerance""[tiab] OR ""cold exposure""[tiab] OR ""thermal sensation""[tiab] OR ""thermal comfort""[tiab] OR ""cold sensitivity""[tiab] OR ""cold hypersensitivity""[tiab]) AND ""randomized controlled trial""[pt]",,
potato,じゃがいも,core,5,L1,32736,,5899,potato[tiab],,じゃがいも
potato,じゃがいも,core,5,L2,112,6364,,"potato[tiab] AND (""body temperature""[tiab] OR ""core temperature""[tiab] OR ""skin temperature""[tiab] OR ""tympanic temperature""[tiab] OR ""axillary temperature""[tiab] OR ""rectal temperature""[tiab] OR ""oral temperature""[tiab] OR thermogenesis[tiab] OR ""thermic effect""[tiab] OR ""heat production""[tiab] OR ""energy expenditure""[tiab] OR ""metabolic rate""[tiab] OR ""peripheral circulation""[tiab] OR ""blood flow""[tiab] OR microcirculation[tiab] OR thermoregulation[tiab] OR ""cold tolerance""[tiab] OR ""cold exposure""[tiab] OR ""thermal sensation""[tiab] OR ""thermal comfort""[tiab] OR ""cold sensitivity""[tiab] OR ""cold hypersensitivity""[tiab])","potato AND (""body temperature"" OR ""core temperature"" OR ""skin temperature"" OR ""tympanic temperature"" OR ""axillary temperature"" OR ""rectal temperature"" OR ""oral temperature"" OR thermogenesis OR ""thermic effect"" OR ""heat production"" OR ""energy expenditure"" OR ""metabolic rate"" OR ""peripheral circulation"" OR ""blood flow"" OR microcirculation OR thermoregulation OR ""cold tolerance"" OR ""cold exposure"" OR ""thermal sensation"" OR ""thermal comfort"" OR ""cold sensitivity"" OR ""cold hypersensitivity"")",
potato,じゃがいも,core,5,L3,6,,,"potato[tiab] AND (""body temperature""[tiab] OR ""core temperature""[tiab] OR ""skin temperature""[tiab] OR ""tympanic temperature""[tiab] OR ""axillary temperature""[tiab] OR ""rectal temperature""[tiab] OR ""oral temperature""[tiab] OR thermogenesis[tiab] OR ""thermic effect""[tiab] OR ""heat production""[tiab] OR ""energy expenditure""[tiab] OR ""metabolic rate""[tiab] OR ""peripheral circulation""[tiab] OR ""blood flow""[tiab] OR microcirculation[tiab] OR thermoregulation[tiab] OR ""cold tolerance""[tiab] OR ""cold exposure""[tiab] OR ""thermal sensation""[tiab] OR ""thermal comfort""[tiab] OR ""cold sensitivity""[tiab] OR ""cold hypersensitivity""[tiab]) AND ""randomized controlled trial""[pt]",,
lamb,羊肉,core,4,L1,13804,,170,lamb[tiab],,羊肉
lamb,羊肉,core,4,L2,620,16083,,"lamb[tiab] AND (""body temperature""[tiab] OR ""core temperature""[tiab] OR ""skin temperature""[tiab] OR ""tympanic temperature""[tiab] OR ""axillary temperature""[tiab] OR ""rectal temperature""[tiab] OR ""oral temperature""[tiab] OR thermogenesis[tiab] OR ""thermic effect""[tiab] OR ""heat production""[tiab] OR ""energy expenditure""[tiab] OR ""metabolic rate""[tiab] OR ""peripheral circulation""[tiab] OR ""blood flow""[tiab] OR microcirculation[tiab] OR thermoregulation[tiab] OR ""cold tolerance""[tiab] OR ""cold exposure""[tiab] OR ""thermal sensation""[tiab] OR ""thermal comfort""[tiab] OR ""cold sensitivity""[tiab] OR ""cold hypersensitivity""[tiab])","lamb AND (""body temperature"" OR ""core temperature"" OR ""skin temperature"" OR ""tympanic temperature"" OR ""axillary temperature"" OR ""rectal temperature"" OR ""oral temperature"" OR thermogenesis OR ""thermic effect"" OR ""heat production"" OR ""energy expenditure"" OR ""metabolic rate"" OR ""peripheral circulation"" OR ""blood flow"" OR microcirculation OR thermoregulation OR ""cold tolerance"" OR ""cold exposure"" OR ""thermal sensation"" OR ""thermal comfort"" OR ""cold sensitivity"" OR ""cold hypersensitivity"")",
lamb,羊肉,core,4,L3,7,,,"lamb[tiab] AND (""body temperature""[tiab] OR ""core temperature""[tiab] OR ""skin temperature""[tiab] OR ""tympanic temperature""[tiab] OR ""axillary temperature""[tiab] OR ""rectal temperature""[tiab] OR ""oral temperature""[tiab] OR thermogenesis[tiab] OR ""thermic effect""[tiab] OR ""heat production""[tiab] OR ""energy expenditure""[tiab] OR ""metabolic rate""[tiab] OR ""peripheral circulation""[tiab] OR ""blood flow""[tiab] OR microcirculation[tiab] OR thermoregulation[tiab] OR ""cold tolerance""[tiab] OR ""cold exposure""[tiab] OR ""thermal sensation""[tiab] OR ""thermal comfort""[tiab] OR ""cold sensitivity""[tiab] OR ""cold hypersensitivity""[tiab]) AND ""randomized controlled trial""[pt]",,
nira,にら,core,4,L1,375,,21933,"(nira[tiab] OR ""garlic chive""[tiab] OR ""Chinese chive""[tiab])",,にら
nira,にら,core,4,L2,1,116,,"(nira[tiab] OR ""garlic chive""[tiab] OR ""Chinese chive""[tiab]) AND (""body temperature""[tiab] OR ""core temperature""[tiab] OR ""skin temperature""[tiab] OR ""tympanic temperature""[tiab] OR ""axillary temperature""[tiab] OR ""rectal temperature""[tiab] OR ""oral temperature""[tiab] OR thermogenesis[tiab] OR ""thermic effect""[tiab] OR ""heat production""[tiab] OR ""energy expenditure""[tiab] OR ""metabolic rate""[tiab] OR ""peripheral circulation""[tiab] OR ""blood flow""[tiab] OR microcirculation[tiab] OR thermoregulation[tiab] OR ""cold tolerance""[tiab] OR ""cold exposure""[tiab] OR ""thermal sensation""[tiab] OR ""thermal comfort""[tiab] OR ""cold sensitivity""[tiab] OR ""cold hypersensitivity""[tiab])","(nira OR ""garlic chive"" OR ""Chinese chive"") AND (""body temperature"" OR ""core temperature"" OR ""skin temperature"" OR ""tympanic temperature"" OR ""axillary temperature"" OR ""rectal temperature"" OR ""oral temperature"" OR thermogenesis OR ""thermic effect"" OR ""heat production"" OR ""energy expenditure"" OR ""metabolic rate"" OR ""peripheral circulation"" OR ""blood flow"" OR microcirculation OR thermoregulation OR ""cold tolerance"" OR ""cold exposure"" OR ""thermal sensation"" OR ""thermal comfort"" OR ""cold sensitivity"" OR ""cold hypersensitivity"")",
nira,にら,core,4,L3,0,,,"(nira[tiab] OR ""garlic chive""[tiab] OR ""Chinese chive""[tiab]) AND (""body temperature""[tiab] OR ""core temperature""[tiab] OR ""skin temperature""[tiab] OR ""tympanic temperature""[tiab] OR ""axillary temperature""[tiab] OR ""rectal temperature""[tiab] OR ""oral temperature""[tiab] OR thermogenesis[tiab] OR ""thermic effect""[tiab] OR ""heat production""[tiab] OR ""energy expenditure""[tiab] OR ""metabolic rate""[tiab] OR ""peripheral circulation""[tiab] OR ""blood flow""[tiab] OR microcirculation[tiab] OR thermoregulation[tiab] OR ""cold tolerance""[tiab] OR ""cold exposure""[tiab] OR ""thermal sensation""[tiab] OR ""thermal comfort""[tiab] OR ""cold sensitivity""[tiab] OR ""cold hypersensitivity""[tiab]) AND ""randomized controlled trial""[pt]",,
prune,プルーン,core,4,L1,1957,,1663,prune[tiab],,プルーン
prune,プルーン,core,4,L2,10,1695,,"prune[tiab] AND (""body temperature""[tiab] OR ""core temperature""[tiab] OR ""skin temperature""[tiab] OR ""tympanic temperature""[tiab] OR ""axillary temperature""[tiab] OR ""rectal temperature""[tiab] OR ""oral temperature""[tiab] OR thermogenesis[tiab] OR ""thermic effect""[tiab] OR ""heat production""[tiab] OR ""energy expenditure""[tiab] OR ""metabolic rate""[tiab] OR ""peripheral circulation""[tiab] OR ""blood flow""[tiab] OR microcirculation[tiab] OR thermoregulation[tiab] OR ""cold tolerance""[tiab] OR ""cold exposure""[tiab] OR ""thermal sensation""[tiab] OR ""thermal comfort""[tiab] OR ""cold sensitivity""[tiab] OR ""cold hypersensitivity""[tiab])","prune AND (""body temperature"" OR ""core temperature"" OR ""skin temperature"" OR ""tympanic temperature"" OR ""axillary temperature"" OR ""rectal temperature"" OR ""oral temperature"" OR thermogenesis OR ""thermic effect"" OR ""heat production"" OR ""energy expenditure"" OR ""metabolic rate"" OR ""peripheral circulation"" OR ""blood flow"" OR microcirculation OR thermoregulation OR ""cold tolerance"" OR ""cold exposure"" OR ""thermal sensation"" OR ""thermal comfort"" OR ""cold sensitivity"" OR ""cold hypersensitivity"")",
prune,プルーン,core,4,L3,0,,,"prune[tiab] AND (""body temperature""[tiab] OR ""core temperature""[tiab] OR ""skin temperature""[tiab] OR ""tympanic temperature""[tiab] OR ""axillary temperature""[tiab] OR ""rectal temperature""[tiab] OR ""oral temperature""[tiab] OR thermogenesis[tiab] OR ""thermic effect""[tiab] OR ""heat production""[tiab] OR ""energy expenditure""[tiab] OR ""metabolic rate""[tiab] OR ""peripheral circulation""[tiab] OR ""blood flow""[tiab] OR microcirculation[tiab] OR thermoregulation[tiab] OR ""cold tolerance""[tiab] OR ""cold exposure""[tiab] OR ""thermal sensation""[tiab] OR ""thermal comfort""[tiab] OR ""cold sensitivity""[tiab] OR ""cold hypersensitivity""[tiab]) AND ""randomized controlled trial""[pt]",,
sansho,山椒,core,4,L1,40,,1125,"(sansho[tiab] OR ""Japanese pepper""[tiab] OR ""sansho pepper""[tiab])",,山椒
sansho,山椒,core,4,L2,2,29,,"(sansho[tiab] OR ""Japanese pepper""[tiab] OR ""sansho pepper""[tiab]) AND (""body temperature""[tiab] OR ""core temperature""[tiab] OR ""skin temperature""[tiab] OR ""tympanic temperature""[tiab] OR ""axillary temperature""[tiab] OR ""rectal temperature""[tiab] OR ""oral temperature""[tiab] OR thermogenesis[tiab] OR ""thermic effect""[tiab] OR ""heat production""[tiab] OR ""energy expenditure""[tiab] OR ""metabolic rate""[tiab] OR ""peripheral circulation""[tiab] OR ""blood flow""[tiab] OR microcirculation[tiab] OR thermoregulation[tiab] OR ""cold tolerance""[tiab] OR ""cold exposure""[tiab] OR ""thermal sensation""[tiab] OR ""thermal comfort""[tiab] OR ""cold sensitivity""[tiab] OR ""cold hypersensitivity""[tiab])","(sansho OR ""Japanese pepper"" OR ""sansho pepper"") AND (""body temperature"" OR ""core temperature"" OR ""skin temperature"" OR ""tympanic temperature"" OR ""axillary temperature"" OR ""rectal temperature"" OR ""oral temperature"" OR thermogenesis OR ""thermic effect"" OR ""heat production"" OR ""energy expenditure"" OR ""metabolic rate"" OR ""peripheral circulation"" OR ""blood flow"" OR microcirculation OR thermoregulation OR ""cold tolerance"" OR ""cold exposure"" OR ""thermal sensation"" OR ""thermal comfort"" OR ""cold sensitivity"" OR ""cold hypersensitivity"")",
sansho,山椒,core,4,L3,0,,,"(sansho[tiab] OR ""Japanese pepper""[tiab] OR ""sansho pepper""[tiab]) AND (""body temperature""[tiab] OR ""core temperature""[tiab] OR ""skin temperature""[tiab] OR ""tympanic temperature""[tiab] OR ""axillary temperature""[tiab] OR ""rectal temperature""[tiab] OR ""oral temperature""[tiab] OR thermogenesis[tiab] OR ""thermic effect""[tiab] OR ""heat production""[tiab] OR ""energy expenditure""[tiab] OR ""metabolic rate""[tiab] OR ""peripheral circulation""[tiab] OR ""blood flow""[tiab] OR microcirculation[tiab] OR thermoregulation[tiab] OR ""cold tolerance""[tiab] OR ""cold exposure""[tiab] OR ""thermal sensation""[tiab] OR ""thermal comfort""[tiab] OR ""cold sensitivity""[tiab] OR ""cold hypersensitivity""[tiab]) AND ""randomized controlled trial""[pt]",,
umeboshi,梅干し,core,4,L1,165,,363,"(umeboshi[tiab] OR ""pickled plum""[tiab] OR ""Japanese apricot""[tiab])",,梅干し
umeboshi,梅干し,core,4,L2,2,36,,"(umeboshi[tiab] OR ""pickled plum""[tiab] OR ""Japanese apricot""[tiab]) AND (""body temperature""[tiab] OR ""core temperature""[tiab] OR ""skin temperature""[tiab] OR ""tympanic temperature""[tiab] OR ""axillary temperature""[tiab] OR ""rectal temperature""[tiab] OR ""oral temperature""[tiab] OR thermogenesis[tiab] OR ""thermic effect""[tiab] OR ""heat production""[tiab] OR ""energy expenditure""[tiab] OR ""metabolic rate""[tiab] OR ""peripheral circulation""[tiab] OR ""blood flow""[tiab] OR microcirculation[tiab] OR thermoregulation[tiab] OR ""cold tolerance""[tiab] OR ""cold exposure""[tiab] OR ""thermal sensation""[tiab] OR ""thermal comfort""[tiab] OR ""cold sensitivity""[tiab] OR ""cold hypersensitivity""[tiab])","(umeboshi OR ""pickled plum"" OR ""Japanese apricot"") AND (""body temperature"" OR ""core temperature"" OR ""skin temperature"" OR ""tympanic temperature"" OR ""axillary temperature"" OR ""rectal temperature"" OR ""oral temperature"" OR thermogenesis OR ""thermic effect"" OR ""heat production"" OR ""energy expenditure"" OR ""metabolic rate"" OR ""peripheral circulation"" OR ""blood flow"" OR microcirculation OR thermoregulation OR ""cold tolerance"" OR ""cold exposure"" OR ""thermal sensation"" OR ""thermal comfort"" OR ""cold sensitivity"" OR ""cold hypersensitivity"")",
umeboshi,梅干し,core,4,L3,0,,,"(umeboshi[tiab] OR ""pickled plum""[tiab] OR ""Japanese apricot""[tiab]) AND (""body temperature""[tiab] OR ""core temperature""[tiab] OR ""skin temperature""[tiab] OR ""tympanic temperature""[tiab] OR ""axillary temperature""[tiab] OR ""rectal temperature""[tiab] OR ""oral temperature""[tiab] OR thermogenesis[tiab] OR ""thermic effect""[tiab] OR ""heat production""[tiab] OR ""energy expenditure""[tiab] OR ""metabolic rate""[tiab] OR ""peripheral circulation""[tiab] OR ""blood flow""[tiab] OR microcirculation[tiab] OR thermoregulation[tiab] OR ""cold tolerance""[tiab] OR ""cold exposure""[tiab] OR ""thermal sensation""[tiab] OR ""thermal comfort""[tiab] OR ""cold sensitivity""[tiab] OR ""cold hypersensitivity""[tiab]) AND ""randomized controlled trial""[pt]",,
wakame,わかめ,core,4,L1,1806,,2053,"(wakame[tiab] OR ""Undaria pinnatifida""[tiab] OR ""brown seaweed""[tiab])",,わかめ
wakame,わかめ,core,4,L2,22,763,,"(wakame[tiab] OR ""Undaria pinnatifida""[tiab] OR ""brown seaweed""[tiab]) AND (""body temperature""[tiab] OR ""core temperature""[tiab] OR ""skin temperature""[tiab] OR ""tympanic temperature""[tiab] OR ""axillary temperature""[tiab] OR ""rectal temperature""[tiab] OR ""oral temperature""[tiab] OR thermogenesis[tiab] OR ""thermic effect""[tiab] OR ""heat production""[tiab] OR ""energy expenditure""[tiab] OR ""metabolic rate""[tiab] OR ""peripheral circulation""[tiab] OR ""blood flow""[tiab] OR microcirculation[tiab] OR thermoregulation[tiab] OR ""cold tolerance""[tiab] OR ""cold exposure""[tiab] OR ""thermal sensation""[tiab] OR ""thermal comfort""[tiab] OR ""cold sensitivity""[tiab] OR ""cold hypersensitivity""[tiab])","(wakame OR ""Undaria pinnatifida"" OR ""brown seaweed"") AND (""body temperature"" OR ""core temperature"" OR ""skin temperature"" OR ""tympanic temperature"" OR ""axillary temperature"" OR ""rectal temperature"" OR ""oral temperature"" OR thermogenesis OR ""thermic effect"" OR ""heat production"" OR ""energy expenditure"" OR ""metabolic rate"" OR ""peripheral circulation"" OR ""blood flow"" OR microcirculation OR thermoregulation OR ""cold tolerance"" OR ""cold exposure"" OR ""thermal sensation"" OR ""thermal comfort"" OR ""cold sensitivity"" OR ""cold hypersensitivity"")",
wakame,わかめ,core,4,L3,1,,,"(wakame[tiab] OR ""Undaria pinnatifida""[tiab] OR ""brown seaweed""[tiab]) AND (""body temperature""[tiab] OR ""core temperature""[tiab] OR ""skin temperature""[tiab] OR ""tympanic temperature""[tiab] OR ""axillary temperature""[tiab] OR ""rectal temperature""[tiab] OR ""oral temperature""[tiab] OR thermogenesis[tiab] OR ""thermic effect""[tiab] OR ""heat production""[tiab] OR ""energy expenditure""[tiab] OR ""metabolic rate""[tiab] OR ""peripheral circulation""[tiab] OR ""blood flow""[tiab] OR microcirculation[tiab] OR thermoregulation[tiab] OR ""cold tolerance""[tiab] OR ""cold exposure""[tiab] OR ""thermal sensation""[tiab] OR ""thermal comfort""[tiab] OR ""cold sensitivity""[tiab] OR ""cold hypersensitivity""[tiab]) AND ""randomized controlled trial""[pt]",,
buckwheat,そば,core,4,L1,2799,,11637,buckwheat[tiab],,そば
buckwheat,そば,core,4,L2,7,613,,"buckwheat[tiab] AND (""body temperature""[tiab] OR ""core temperature""[tiab] OR ""skin temperature""[tiab] OR ""tympanic temperature""[tiab] OR ""axillary temperature""[tiab] OR ""rectal temperature""[tiab] OR ""oral temperature""[tiab] OR thermogenesis[tiab] OR ""thermic effect""[tiab] OR ""heat production""[tiab] OR ""energy expenditure""[tiab] OR ""metabolic rate""[tiab] OR ""peripheral circulation""[tiab] OR ""blood flow""[tiab] OR microcirculation[tiab] OR thermoregulation[tiab] OR ""cold tolerance""[tiab] OR ""cold exposure""[tiab] OR ""thermal sensation""[tiab] OR ""thermal comfort""[tiab] OR ""cold sensitivity""[tiab] OR ""cold hypersensitivity""[tiab])","buckwheat AND (""body temperature"" OR ""core temperature"" OR ""skin temperature"" OR ""tympanic temperature"" OR ""axillary temperature"" OR ""rectal temperature"" OR ""oral temperature"" OR thermogenesis OR ""thermic effect"" OR ""heat production"" OR ""energy expenditure"" OR ""metabolic rate"" OR ""peripheral circulation"" OR ""blood flow"" OR microcirculation OR thermoregulation OR ""cold tolerance"" OR ""cold exposure"" OR ""thermal sensation"" OR ""thermal comfort"" OR ""cold sensitivity"" OR ""cold hypersensitivity"")",
buckwheat,そば,core,4,L3,2,,,"buckwheat[tiab] AND (""body temperature""[tiab] OR ""core temperature""[tiab] OR ""skin temperature""[tiab] OR ""tympanic temperature""[tiab] OR ""axillary temperature""[tiab] OR ""rectal temperature""[tiab] OR ""oral temperature""[tiab] OR thermogenesis[tiab] OR ""thermic effect""[tiab] OR ""heat production""[tiab] OR ""energy expenditure""[tiab] OR ""metabolic rate""[tiab] OR ""peripheral circulation""[tiab] OR ""blood flow""[tiab] OR microcirculation[tiab] OR thermoregulation[tiab] OR ""cold tolerance""[tiab] OR ""cold exposure""[tiab] OR ""thermal sensation""[tiab] OR ""thermal comfort""[tiab] OR ""cold sensitivity""[tiab] OR ""cold hypersensitivity""[tiab]) AND ""randomized controlled trial""[pt]",,
persimmon,柿,core,4,L1,1045,,51701,persimmon[tiab],,柿
persimmon,柿,core,4,L2,5,283,,"persimmon[tiab] AND (""body temperature""[tiab] OR ""core temperature""[tiab] OR ""skin temperature""[tiab] OR ""tympanic temperature""[tiab] OR ""axillary temperature""[tiab] OR ""rectal temperature""[tiab] OR ""oral temperature""[tiab] OR thermogenesis[tiab] OR ""thermic effect""[tiab] OR ""heat production""[tiab] OR ""energy expenditure""[tiab] OR ""metabolic rate""[tiab] OR ""peripheral circulation""[tiab] OR ""blood flow""[tiab] OR microcirculation[tiab] OR thermoregulation[tiab] OR ""cold tolerance""[tiab] OR ""cold exposure""[tiab] OR ""thermal sensation""[tiab] OR ""thermal comfort""[tiab] OR ""cold sensitivity""[tiab] OR ""cold hypersensitivity""[tiab])","persimmon AND (""body temperature"" OR ""core temperature"" OR ""skin temperature"" OR ""tympanic temperature"" OR ""axillary temperature"" OR ""rectal temperature"" OR ""oral temperature"" OR thermogenesis OR ""thermic effect"" OR ""heat production"" OR ""energy expenditure"" OR ""metabolic rate"" OR ""peripheral circulation"" OR ""blood flow"" OR microcirculation OR thermoregulation OR ""cold tolerance"" OR ""cold exposure"" OR ""thermal sensation"" OR ""thermal comfort"" OR ""cold sensitivity"" OR ""cold hypersensitivity"")",
persimmon,柿,core,4,L3,0,,,"persimmon[tiab] AND (""body temperature""[tiab] OR ""core temperature""[tiab] OR ""skin temperature""[tiab] OR ""tympanic temperature""[tiab] OR ""axillary temperature""[tiab] OR ""rectal temperature""[tiab] OR ""oral temperature""[tiab] OR thermogenesis[tiab] OR ""thermic effect""[tiab] OR ""heat production""[tiab] OR ""energy expenditure""[tiab] OR ""metabolic rate""[tiab] OR ""peripheral circulation""[tiab] OR ""blood flow""[tiab] OR microcirculation[tiab] OR thermoregulation[tiab] OR ""cold tolerance""[tiab] OR ""cold exposure""[tiab] OR ""thermal sensation""[tiab] OR ""thermal comfort""[tiab] OR ""cold sensitivity""[tiab] OR ""cold hypersensitivity""[tiab]) AND ""randomized controlled trial""[pt]",,
hijiki,ひじき,core,4,L1,306,,774,"(hijiki[tiab] OR ""Sargassum fusiforme""[tiab])",,ひじき
hijiki,ひじき,core,4,L2,3,101,,"(hijiki[tiab] OR ""Sargassum fusiforme""[tiab]) AND (""body temperature""[tiab] OR ""core temperature""[tiab] OR ""skin temperature""[tiab] OR ""tympanic temperature""[tiab] OR ""axillary temperature""[tiab] OR ""rectal temperature""[tiab] OR ""oral temperature""[tiab] OR thermogenesis[tiab] OR ""thermic effect""[tiab] OR ""heat production""[tiab] OR ""energy expenditure""[tiab] OR ""metabolic rate""[tiab] OR ""peripheral circulation""[tiab] OR ""blood flow""[tiab] OR microcirculation[tiab] OR thermoregulation[tiab] OR ""cold tolerance""[tiab] OR ""cold exposure""[tiab] OR ""thermal sensation""[tiab] OR ""thermal comfort""[tiab] OR ""cold sensitivity""[tiab] OR ""cold hypersensitivity""[tiab])","(hijiki OR ""Sargassum fusiforme"") AND (""body temperature"" OR ""core temperature"" OR ""skin temperature"" OR ""tympanic temperature"" OR ""axillary temperature"" OR ""rectal temperature"" OR ""oral temperature"" OR thermogenesis OR ""thermic effect"" OR ""heat production"" OR ""energy expenditure"" OR ""metabolic rate"" OR ""peripheral circulation"" OR ""blood flow"" OR microcirculation OR thermoregulation OR ""cold tolerance"" OR ""cold exposure"" OR ""thermal sensation"" OR ""thermal comfort"" OR ""cold sensitivity"" OR ""cold hypersensitivity"")",
hijiki,ひじき,core,4,L3,0,,,"(hijiki[tiab] OR ""Sargassum fusiforme""[tiab]) AND (""body temperature""[tiab] OR ""core temperature""[tiab] OR ""skin temperature""[tiab] OR ""tympanic temperature""[tiab] OR ""axillary temperature""[tiab] OR ""rectal temperature""[tiab] OR ""oral temperature""[tiab] OR thermogenesis[tiab] OR ""thermic effect""[tiab] OR ""heat production""[tiab] OR ""energy expenditure""[tiab] OR ""metabolic rate""[tiab] OR ""peripheral circulation""[tiab] OR ""blood flow""[tiab] OR microcirculation[tiab] OR thermoregulation[tiab] OR ""cold tolerance""[tiab] OR ""cold exposure""[tiab] OR ""thermal sensation""[tiab] OR ""thermal comfort""[tiab] OR ""cold sensitivity""[tiab] OR ""cold hypersensitivity""[tiab]) AND ""randomized controlled trial""[pt]",,
adzuki bean,小豆,core,3,L1,632,,5876,"(""adzuki bean""[tiab] OR ""azuki bean""[tiab] OR ""Vigna angularis""[tiab])",,小豆
adzuki bean,小豆,core,3,L2,1,120,,"(""adzuki bean""[tiab] OR ""azuki bean""[tiab] OR ""Vigna angularis""[tiab]) AND (""body temperature""[tiab] OR ""core temperature""[tiab] OR ""skin temperature""[tiab] OR ""tympanic temperature""[tiab] OR ""axillary temperature""[tiab] OR ""rectal temperature""[tiab] OR ""oral temperature""[tiab] OR thermogenesis[tiab] OR ""thermic effect""[tiab] OR ""heat production""[tiab] OR ""energy expenditure""[tiab] OR ""metabolic rate""[tiab] OR ""peripheral circulation""[tiab] OR ""blood flow""[tiab] OR microcirculation[tiab] OR thermoregulation[tiab] OR ""cold tolerance""[tiab] OR ""cold exposure""[tiab] OR ""thermal sensation""[tiab] OR ""thermal comfort""[tiab] OR ""cold sensitivity""[tiab] OR ""cold hypersensitivity""[tiab])","(""adzuki bean"" OR ""azuki bean"" OR ""Vigna angularis"") AND (""body temperature"" OR ""core temperature"" OR ""skin temperature"" OR ""tympanic temperature"" OR ""axillary temperature"" OR ""rectal temperature"" OR ""oral temperature"" OR thermogenesis OR ""thermic effect"" OR ""heat production"" OR ""energy expenditure"" OR ""metabolic rate"" OR ""peripheral circulation"" OR ""blood flow"" OR microcirculation OR thermoregulation OR ""cold tolerance"" OR ""cold exposure"" OR ""thermal sensation"" OR ""thermal comfort"" OR ""cold sensitivity"" OR ""cold hypersensitivity"")",
adzuki bean,小豆,core,3,L3,0,,,"(""adzuki bean""[tiab] OR ""azuki bean""[tiab] OR ""Vigna angularis""[tiab]) AND (""body temperature""[tiab] OR ""core temperature""[tiab] OR ""skin temperature""[tiab] OR ""tympanic temperature""[tiab] OR ""axillary temperature""[tiab] OR ""rectal temperature""[tiab] OR ""oral temperature""[tiab] OR thermogenesis[tiab] OR ""thermic effect""[tiab] OR ""heat production""[tiab] OR ""energy expenditure""[tiab] OR ""metabolic rate""[tiab] OR ""peripheral circulation""[tiab] OR ""blood flow""[tiab] OR microcirculation[tiab] OR thermoregulation[tiab] OR ""cold tolerance""[tiab] OR ""cold exposure""[tiab] OR ""thermal sensation""[tiab] OR ""thermal comfort""[tiab] OR ""cold sensitivity""[tiab] OR ""cold hypersensitivity""[tiab]) AND ""randomized controlled trial""[pt]",,
amazake,甘酒,core,3,L1,24,,419,"(amazake[tiab] OR ""fermented rice drink""[tiab])",,甘酒
amazake,甘酒,core,3,L2,0,4,,"(amazake[tiab] OR ""fermented rice drink""[tiab]) AND (""body temperature""[tiab] OR ""core temperature""[tiab] OR ""skin temperature""[tiab] OR ""tympanic temperature""[tiab] OR ""axillary temperature""[tiab] OR ""rectal temperature""[tiab] OR ""oral temperature""[tiab] OR thermogenesis[tiab] OR ""thermic effect""[tiab] OR ""heat production""[tiab] OR ""energy expenditure""[tiab] OR ""metabolic rate""[tiab] OR ""peripheral circulation""[tiab] OR ""blood flow""[tiab] OR microcirculation[tiab] OR thermoregulation[tiab] OR ""cold tolerance""[tiab] OR ""cold exposure""[tiab] OR ""thermal sensation""[tiab] OR ""thermal comfort""[tiab] OR ""cold sensitivity""[tiab] OR ""cold hypersensitivity""[tiab])","(amazake OR ""fermented rice drink"") AND (""body temperature"" OR ""core temperature"" OR ""skin temperature"" OR ""tympanic temperature"" OR ""axillary temperature"" OR ""rectal temperature"" OR ""oral temperature"" OR thermogenesis OR ""thermic effect"" OR ""heat production"" OR ""energy expenditure"" OR ""metabolic rate"" OR ""peripheral circulation"" OR ""blood flow"" OR microcirculation OR thermoregulation OR ""cold tolerance"" OR ""cold exposure"" OR ""thermal sensation"" OR ""thermal comfort"" OR ""cold sensitivity"" OR ""cold hypersensitivity"")",
amazake,甘酒,core,3,L3,0,,,"(amazake[tiab] OR ""fermented rice drink""[tiab]) AND (""body temperature""[tiab] OR ""core temperature""[tiab] OR ""skin temperature""[tiab] OR ""tympanic temperature""[tiab] OR ""axillary temperature""[tiab] OR ""rectal temperature""[tiab] OR ""oral temperature""[tiab] OR thermogenesis[tiab] OR ""thermic effect""[tiab] OR ""heat production""[tiab] OR ""energy expenditure""[tiab] OR ""metabolic rate""[tiab] OR ""peripheral circulation""[tiab] OR ""blood flow""[tiab] OR microcirculation[tiab] OR thermoregulation[tiab] OR ""cold tolerance""[tiab] OR ""cold exposure""[tiab] OR ""thermal sensation""[tiab] OR ""thermal comfort""[tiab] OR ""cold sensitivity""[tiab] OR ""cold hypersensitivity""[tiab]) AND ""randomized controlled trial""[pt]",,
beer,ビール,core,3,L1,11785,,101311,beer[tiab],,ビール
beer,ビール,core,3,L2,66,10261,,"beer[tiab] AND (""body temperature""[tiab] OR ""core temperature""[tiab] OR ""skin temperature""[tiab] OR ""tympanic temperature""[tiab] OR ""axillary temperature""[tiab] OR ""rectal temperature""[tiab] OR ""oral temperature""[tiab] OR thermogenesis[tiab] OR ""thermic effect""[tiab] OR ""heat production""[tiab] OR ""energy expenditure""[tiab] OR ""metabolic rate""[tiab] OR ""peripheral circulation""[tiab] OR ""blood flow""[tiab] OR microcirculation[tiab] OR thermoregulation[tiab] OR ""cold tolerance""[tiab] OR ""cold exposure""[tiab] OR ""thermal sensation""[tiab] OR ""thermal comfort""[tiab] OR ""cold sensitivity""[tiab] OR ""cold hypersensitivity""[tiab])","beer AND (""body temperature"" OR ""core temperature"" OR ""skin temperature"" OR ""tympanic temperature"" OR ""axillary temperature"" OR ""rectal temperature"" OR ""oral temperature"" OR thermogenesis OR ""thermic effect"" OR ""heat production"" OR ""energy expenditure"" OR ""metabolic rate"" OR ""peripheral circulation"" OR ""blood flow"" OR microcirculation OR thermoregulation OR ""cold tolerance"" OR ""cold exposure"" OR ""thermal sensation"" OR ""thermal comfort"" OR ""cold sensitivity"" OR ""cold hypersensitivity"")",
beer,ビール,core,3,L3,2,,,"beer[tiab] AND (""body temperature""[tiab] OR ""core temperature""[tiab] OR ""skin temperature""[tiab] OR ""tympanic temperature""[tiab] OR ""axillary temperature""[tiab] OR ""rectal temperature""[tiab] OR ""oral temperature""[tiab] OR thermogenesis[tiab] OR ""thermic effect""[tiab] OR ""heat production""[tiab] OR ""energy expenditure""[tiab] OR ""metabolic rate""[tiab] OR ""peripheral circulation""[tiab] OR ""blood flow""[tiab] OR microcirculation[tiab] OR thermoregulation[tiab] OR ""cold tolerance""[tiab] OR ""cold exposure""[tiab] OR ""thermal sensation""[tiab] OR ""thermal comfort""[tiab] OR ""cold sensitivity""[tiab] OR ""cold hypersensitivity""[tiab]) AND ""randomized controlled trial""[pt]",,
brown sugar,黒砂糖,core,3,L1,215,,103,"(""brown sugar""[tiab] OR ""unrefined sugar""[tiab])",,黒砂糖
brown sugar,黒砂糖,core,3,L2,2,161,,"(""brown sugar""[tiab] OR ""unrefined sugar""[tiab]) AND (""body temperature""[tiab] OR ""core temperature""[tiab] OR ""skin temperature""[tiab] OR ""tympanic temperature""[tiab] OR ""axillary temperature""[tiab] OR ""rectal temperature""[tiab] OR ""oral temperature""[tiab] OR thermogenesis[tiab] OR ""thermic effect""[tiab] OR ""heat production""[tiab] OR ""energy expenditure""[tiab] OR ""metabolic rate""[tiab] OR ""peripheral circulation""[tiab] OR ""blood flow""[tiab] OR microcirculation[tiab] OR thermoregulation[tiab] OR ""cold tolerance""[tiab] OR ""cold exposure""[tiab] OR ""thermal sensation""[tiab] OR ""thermal comfort""[tiab] OR ""cold sensitivity""[tiab] OR ""cold hypersensitivity""[tiab])","(""brown sugar"" OR ""unrefined sugar"") AND (""body temperature"" OR ""core temperature"" OR ""skin temperature"" OR ""tympanic temperature"" OR ""axillary temperature"" OR ""rectal temperature"" OR ""oral temperature"" OR thermogenesis OR ""thermic effect"" OR ""heat production"" OR ""energy expenditure"" OR ""metabolic rate"" OR ""peripheral circulation"" OR ""blood flow"" OR microcirculation OR thermoregulation OR ""cold tolerance"" OR ""cold exposure"" OR ""thermal sensation"" OR ""thermal comfort"" OR ""cold sensitivity"" OR ""cold hypersensitivity"")",
brown sugar,黒砂糖,core,3,L3,0,,,"(""brown sugar""[tiab] OR ""unrefined sugar""[tiab]) AND (""body temperature""[tiab] OR ""core temperature""[tiab] OR ""skin temperature""[tiab] OR ""tympanic temperature""[tiab] OR ""axillary temperature""[tiab] OR ""rectal temperature""[tiab] OR ""oral temperature""[tiab] OR thermogenesis[tiab] OR ""thermic effect""[tiab] OR ""heat production""[tiab] OR ""energy expenditure""[tiab] OR ""metabolic rate""[tiab] OR ""peripheral circulation""[tiab] OR ""blood flow""[tiab] OR microcirculation[tiab] OR thermoregulation[tiab] OR ""cold tolerance""[tiab] OR ""cold exposure""[tiab] OR ""thermal sensation""[tiab] OR ""thermal comfort""[tiab] OR ""cold sensitivity""[tiab] OR ""cold hypersensitivity""[tiab]) AND ""randomized controlled trial""[pt]",,
cabbage,キャベツ,core,3,L1,8054,,4177,cabbage[tiab],,キャベツ
cabbage,キャベツ,core,3,L2,56,2145,,"cabbage[tiab] AND (""body temperature""[tiab] OR ""core temperature""[tiab] OR ""skin temperature""[tiab] OR ""tympanic temperature""[tiab] OR ""axillary temperature""[tiab] OR ""rectal temperature""[tiab] OR ""oral temperature""[tiab] OR thermogenesis[tiab] OR ""thermic effect""[tiab] OR ""heat production""[tiab] OR ""energy expenditure""[tiab] OR ""metabolic rate""[tiab] OR ""peripheral circulation""[tiab] OR ""blood flow""[tiab] OR microcirculation[tiab] OR thermoregulation[tiab] OR ""cold tolerance""[tiab] OR ""cold exposure""[tiab] OR ""thermal sensation""[tiab] OR ""thermal comfort""[tiab] OR ""cold sensitivity""[tiab] OR ""cold hypersensitivity""[tiab])","cabbage AND (""body temperature"" OR ""core temperature"" OR ""skin temperature"" OR ""tympanic temperature"" OR ""axillary temperature"" OR ""rectal temperature"" OR ""oral temperature"" OR thermogenesis OR ""thermic effect"" OR ""heat production"" OR ""energy expenditure"" OR ""metabolic rate"" OR ""peripheral circulation"" OR ""blood flow"" OR microcirculation OR thermoregulation OR ""cold tolerance"" OR ""cold exposure"" OR ""thermal sensation"" OR ""thermal comfort"" OR ""cold sensitivity"" OR ""cold hypersensitivity"")",
cabbage,キャベツ,core,3,L3,1,,,"cabbage[tiab] AND (""body temperature""[tiab] OR ""core temperature""[tiab] OR ""skin temperature""[tiab] OR ""tympanic temperature""[tiab] OR ""axillary temperature""[tiab] OR ""rectal temperature""[tiab] OR ""oral temperature""[tiab] OR thermogenesis[tiab] OR ""thermic effect""[tiab] OR ""heat production""[tiab] OR ""energy expenditure""[tiab] OR ""metabolic rate""[tiab] OR ""peripheral circulation""[tiab] OR ""blood flow""[tiab] OR microcirculation[tiab] OR thermoregulation[tiab] OR ""cold tolerance""[tiab] OR ""cold exposure""[tiab] OR ""thermal sensation""[tiab] OR ""thermal comfort""[tiab] OR ""cold sensitivity""[tiab] OR ""cold hypersensitivity""[tiab]) AND ""randomized controlled trial""[pt]",,
cocoa,ココア,core,3,L1,4859,,725,cocoa[tiab],,ココア
cocoa,ココア,core,3,L2,97,2346,,"cocoa[tiab] AND (""body temperature""[tiab] OR ""core temperature""[tiab] OR ""skin temperature""[tiab] OR ""tympanic temperature""[tiab] OR ""axillary temperature""[tiab] OR ""rectal temperature""[tiab] OR ""oral temperature""[tiab] OR thermogenesis[tiab] OR ""thermic effect""[tiab] OR ""heat production""[tiab] OR ""energy expenditure""[tiab] OR ""metabolic rate""[tiab] OR ""peripheral circulation""[tiab] OR ""blood flow""[tiab] OR microcirculation[tiab] OR thermoregulation[tiab] OR ""cold tolerance""[tiab] OR ""cold exposure""[tiab] OR ""thermal sensation""[tiab] OR ""thermal comfort""[tiab] OR ""cold sensitivity""[tiab] OR ""cold hypersensitivity""[tiab])","cocoa AND (""body temperature"" OR ""core temperature"" OR ""skin temperature"" OR ""tympanic temperature"" OR ""axillary temperature"" OR ""rectal temperature"" OR ""oral temperature"" OR thermogenesis OR ""thermic effect"" OR ""heat production"" OR ""energy expenditure"" OR ""metabolic rate"" OR ""peripheral circulation"" OR ""blood flow"" OR microcirculation OR thermoregulation OR ""cold tolerance"" OR ""cold exposure"" OR ""thermal sensation"" OR ""thermal comfort"" OR ""cold sensitivity"" OR ""cold hypersensitivity"")",
cocoa,ココア,core,3,L3,26,,,"cocoa[tiab] AND (""body temperature""[tiab] OR ""core temperature""[tiab] OR ""skin temperature""[tiab] OR ""tympanic temperature""[tiab] OR ""axillary temperature""[tiab] OR ""rectal temperature""[tiab] OR ""oral temperature""[tiab] OR thermogenesis[tiab] OR ""thermic effect""[tiab] OR ""heat production""[tiab] OR ""energy expenditure""[tiab] OR ""metabolic rate""[tiab] OR ""peripheral circulation""[tiab] OR ""blood flow""[tiab] OR microcirculation[tiab] OR thermoregulation[tiab] OR ""cold tolerance""[tiab] OR ""cold exposure""[tiab] OR ""thermal sensation""[tiab] OR ""thermal comfort""[tiab] OR ""cold sensitivity""[tiab] OR ""cold hypersensitivity""[tiab]) AND ""randomized controlled trial""[pt]",,
horse mackerel,あじ,core,3,L1,224,,532703,"""horse mackerel""[tiab]",,あじ
horse mackerel,あじ,core,3,L2,0,111,,"""horse mackerel""[tiab] AND (""body temperature""[tiab] OR ""core temperature""[tiab] OR ""skin temperature""[tiab] OR ""tympanic temperature""[tiab] OR ""axillary temperature""[tiab] OR ""rectal temperature""[tiab] OR ""oral temperature""[tiab] OR thermogenesis[tiab] OR ""thermic effect""[tiab] OR ""heat production""[tiab] OR ""energy expenditure""[tiab] OR ""metabolic rate""[tiab] OR ""peripheral circulation""[tiab] OR ""blood flow""[tiab] OR microcirculation[tiab] OR thermoregulation[tiab] OR ""cold tolerance""[tiab] OR ""cold exposure""[tiab] OR ""thermal sensation""[tiab] OR ""thermal comfort""[tiab] OR ""cold sensitivity""[tiab] OR ""cold hypersensitivity""[tiab])","""horse mackerel"" AND (""body temperature"" OR ""core temperature"" OR ""skin temperature"" OR ""tympanic temperature"" OR ""axillary temperature"" OR ""rectal temperature"" OR ""oral temperature"" OR thermogenesis OR ""thermic effect"" OR ""heat production"" OR ""energy expenditure"" OR ""metabolic rate"" OR ""peripheral circulation"" OR ""blood flow"" OR microcirculation OR thermoregulation OR ""cold tolerance"" OR ""cold exposure"" OR ""thermal sensation"" OR ""thermal comfort"" OR ""cold sensitivity"" OR ""cold hypersensitivity"")",
horse mackerel,あじ,core,3,L3,0,,,"""horse mackerel""[tiab] AND (""body temperature""[tiab] OR ""core temperature""[tiab] OR ""skin temperature""[tiab] OR ""tympanic temperature""[tiab] OR ""axillary temperature""[tiab] OR ""rectal temperature""[tiab] OR ""oral temperature""[tiab] OR thermogenesis[tiab] OR ""thermic effect""[tiab] OR ""heat production""[tiab] OR ""energy expenditure""[tiab] OR ""metabolic rate""[tiab] OR ""peripheral circulation""[tiab] OR ""blood flow""[tiab] OR microcirculation[tiab] OR thermoregulation[tiab] OR ""cold tolerance""[tiab] OR ""cold exposure""[tiab] OR ""thermal sensation""[tiab] OR ""thermal comfort""[tiab] OR ""cold sensitivity""[tiab] OR ""cold hypersensitivity""[tiab]) AND ""randomized controlled trial""[pt]",,
kiwi,キウイ,core,3,L1,1195,,2334,kiwi[tiab],,キウイ
kiwi,キウイ,core,3,L2,6,760,,"kiwi[tiab] AND (""body temperature""[tiab] OR ""core temperature""[tiab] OR ""skin temperature""[tiab] OR ""tympanic temperature""[tiab] OR ""axillary temperature""[tiab] OR ""rectal temperature""[tiab] OR ""oral temperature""[tiab] OR thermogenesis[tiab] OR ""thermic effect""[tiab] OR ""heat production""[tiab] OR ""energy expenditure""[tiab] OR ""metabolic rate""[tiab] OR ""peripheral circulation""[tiab] OR ""blood flow""[tiab] OR microcirculation[tiab] OR thermoregulation[tiab] OR ""cold tolerance""[tiab] OR ""cold exposure""[tiab] OR ""thermal sensation""[tiab] OR ""thermal comfort""[tiab] OR ""cold sensitivity""[tiab] OR ""cold hypersensitivity""[tiab])","kiwi AND (""body temperature"" OR ""core temperature"" OR ""skin temperature"" OR ""tympanic temperature"" OR ""axillary temperature"" OR ""rectal temperature"" OR ""oral temperature"" OR thermogenesis OR ""thermic effect"" OR ""heat production"" OR ""energy expenditure"" OR ""metabolic rate"" OR ""peripheral circulation"" OR ""blood flow"" OR microcirculation OR thermoregulation OR ""cold tolerance"" OR ""cold exposure"" OR ""thermal sensation"" OR ""thermal comfort"" OR ""cold sensitivity"" OR ""cold hypersensitivity"")",
kiwi,キウイ,core,3,L3,0,,,"kiwi[tiab] AND (""body temperature""[tiab] OR ""core temperature""[tiab] OR ""skin temperature""[tiab] OR ""tympanic temperature""[tiab] OR ""axillary temperature""[tiab] OR ""rectal temperature""[tiab] OR ""oral temperature""[tiab] OR thermogenesis[tiab] OR ""thermic effect""[tiab] OR ""heat production""[tiab] OR ""energy expenditure""[tiab] OR ""metabolic rate""[tiab] OR ""peripheral circulation""[tiab] OR ""blood flow""[tiab] OR microcirculation[tiab] OR thermoregulation[tiab] OR ""cold tolerance""[tiab] OR ""cold exposure""[tiab] OR ""thermal sensation""[tiab] OR ""thermal comfort""[tiab] OR ""cold sensitivity""[tiab] OR ""cold hypersensitivity""[tiab]) AND ""randomized controlled trial""[pt]",,
kombu,昆布,core,3,L1,2049,,1360,(kombu[tiab] OR kelp[tiab]),,昆布
kombu,昆布,core,3,L2,9,1020,,"(kombu[tiab] OR kelp[tiab]) AND (""body temperature""[tiab] OR ""core temperature""[tiab] OR ""skin temperature""[tiab] OR ""tympanic temperature""[tiab] OR ""axillary temperature""[tiab] OR ""rectal temperature""[tiab] OR ""oral temperature""[tiab] OR thermogenesis[tiab] OR ""thermic effect""[tiab] OR ""heat production""[tiab] OR ""energy expenditure""[tiab] OR ""metabolic rate""[tiab] OR ""peripheral circulation""[tiab] OR ""blood flow""[tiab] OR microcirculation[tiab] OR thermoregulation[tiab] OR ""cold tolerance""[tiab] OR ""cold exposure""[tiab] OR ""thermal sensation""[tiab] OR ""thermal comfort""[tiab] OR ""cold sensitivity""[tiab] OR ""cold hypersensitivity""[tiab])","(kombu OR kelp) AND (""body temperature"" OR ""core temperature"" OR ""skin temperature"" OR ""tympanic temperature"" OR ""axillary temperature"" OR ""rectal temperature"" OR ""oral temperature"" OR thermogenesis OR ""thermic effect"" OR ""heat production"" OR ""energy expenditure"" OR ""metabolic rate"" OR ""peripheral circulation"" OR ""blood flow"" OR microcirculation OR thermoregulation OR ""cold tolerance"" OR ""cold exposure"" OR ""thermal sensation"" OR ""thermal comfort"" OR ""cold sensitivity"" OR ""cold hypersensitivity"")",
kombu,昆布,core,3,L3,1,,,"(kombu[tiab] OR kelp[tiab]) AND (""body temperature""[tiab] OR ""core temperature""[tiab] OR ""skin temperature""[tiab] OR ""tympanic temperature""[tiab] OR ""axillary temperature""[tiab] OR ""rectal temperature""[tiab] OR ""oral temperature""[tiab] OR thermogenesis[tiab] OR ""thermic effect""[tiab] OR ""heat production""[tiab] OR ""energy expenditure""[tiab] OR ""metabolic rate""[tiab] OR ""peripheral circulation""[tiab] OR ""blood flow""[tiab] OR microcirculation[tiab] OR thermoregulation[tiab] OR ""cold tolerance""[tiab] OR ""cold exposure""[tiab] OR ""thermal sensation""[tiab] OR ""thermal comfort""[tiab] OR ""cold sensitivity""[tiab] OR ""cold hypersensitivity""[tiab]) AND ""randomized controlled trial""[pt]",,
mayonnaise,マヨネーズ,core,3,L1,716,,664,mayonnaise[tiab],,マヨネーズ
mayonnaise,マヨネーズ,core,3,L2,5,280,,"mayonnaise[tiab] AND (""body temperature""[tiab] OR ""core temperature""[tiab] OR ""skin temperature""[tiab] OR ""tympanic temperature""[tiab] OR ""axillary temperature""[tiab] OR ""rectal temperature""[tiab] OR ""oral temperature""[tiab] OR thermogenesis[tiab] OR ""thermic effect""[tiab] OR ""heat production""[tiab] OR ""energy expenditure""[tiab] OR ""metabolic rate""[tiab] OR ""peripheral circulation""[tiab] OR ""blood flow""[tiab] OR microcirculation[tiab] OR thermoregulation[tiab] OR ""cold tolerance""[tiab] OR ""cold exposure""[tiab] OR ""thermal sensation""[tiab] OR ""thermal comfort""[tiab] OR ""cold sensitivity""[tiab] OR ""cold hypersensitivity""[tiab])","mayonnaise AND (""body temperature"" OR ""core temperature"" OR ""skin temperature"" OR ""tympanic temperature"" OR ""axillary temperature"" OR ""rectal temperature"" OR ""oral temperature"" OR thermogenesis OR ""thermic effect"" OR ""heat production"" OR ""energy expenditure"" OR ""metabolic rate"" OR ""peripheral circulation"" OR ""blood flow"" OR microcirculation OR thermoregulation OR ""cold tolerance"" OR ""cold exposure"" OR ""thermal sensation"" OR ""thermal comfort"" OR ""cold sensitivity"" OR ""cold hypersensitivity"")",
mayonnaise,マヨネーズ,core,3,L3,1,,,"mayonnaise[tiab] AND (""body temperature""[tiab] OR ""core temperature""[tiab] OR ""skin temperature""[tiab] OR ""tympanic temperature""[tiab] OR ""axillary temperature""[tiab] OR ""rectal temperature""[tiab] OR ""oral temperature""[tiab] OR thermogenesis[tiab] OR ""thermic effect""[tiab] OR ""heat production""[tiab] OR ""energy expenditure""[tiab] OR ""metabolic rate""[tiab] OR ""peripheral circulation""[tiab] OR ""blood flow""[tiab] OR microcirculation[tiab] OR thermoregulation[tiab] OR ""cold tolerance""[tiab] OR ""cold exposure""[tiab] OR ""thermal sensation""[tiab] OR ""thermal comfort""[tiab] OR ""cold sensitivity""[tiab] OR ""cold hypersensitivity""[tiab]) AND ""randomized controlled trial""[pt]",,
nori,のり,core,3,L1,1198,,444703,(nori[tiab] OR laver[tiab] OR Porphyra[tiab]),,のり
nori,のり,core,3,L2,0,4819,,"(nori[tiab] OR laver[tiab] OR Porphyra[tiab]) AND (""body temperature""[tiab] OR ""core temperature""[tiab] OR ""skin temperature""[tiab] OR ""tympanic temperature""[tiab] OR ""axillary temperature""[tiab] OR ""rectal temperature""[tiab] OR ""oral temperature""[tiab] OR thermogenesis[tiab] OR ""thermic effect""[tiab] OR ""heat production""[tiab] OR ""energy expenditure""[tiab] OR ""metabolic rate""[tiab] OR ""peripheral circulation""[tiab] OR ""blood flow""[tiab] OR microcirculation[tiab] OR thermoregulation[tiab] OR ""cold tolerance""[tiab] OR ""cold exposure""[tiab] OR ""thermal sensation""[tiab] OR ""thermal comfort""[tiab] OR ""cold sensitivity""[tiab] OR ""cold hypersensitivity""[tiab])","(nori OR laver OR Porphyra) AND (""body temperature"" OR ""core temperature"" OR ""skin temperature"" OR ""tympanic temperature"" OR ""axillary temperature"" OR ""rectal temperature"" OR ""oral temperature"" OR thermogenesis OR ""thermic effect"" OR ""heat production"" OR ""energy expenditure"" OR ""metabolic rate"" OR ""peripheral circulation"" OR ""blood flow"" OR microcirculation OR thermoregulation OR ""cold tolerance"" OR ""cold exposure"" OR ""thermal sensation"" OR ""thermal comfort"" OR ""cold sensitivity"" OR ""cold hypersensitivity"")",
nori,のり,core,3,L3,0,,,"(nori[tiab] OR laver[tiab] OR Porphyra[tiab]) AND (""body temperature""[tiab] OR ""core temperature""[tiab] OR ""skin temperature""[tiab] OR ""tympanic temperature""[tiab] OR ""axillary temperature""[tiab] OR ""rectal temperature""[tiab] OR ""oral temperature""[tiab] OR thermogenesis[tiab] OR ""thermic effect""[tiab] OR ""heat production""[tiab] OR ""energy expenditure""[tiab] OR ""metabolic rate""[tiab] OR ""peripheral circulation""[tiab] OR ""blood flow""[tiab] OR microcirculation[tiab] OR thermoregulation[tiab] OR ""cold tolerance""[tiab] OR ""cold exposure""[tiab] OR ""thermal sensation""[tiab] OR ""thermal comfort""[tiab] OR ""cold sensitivity""[tiab] OR ""cold hypersensitivity""[tiab]) AND ""randomized controlled trial""[pt]",,
nukazuke,ぬか漬け,core,3,L1,11,,85,"(nukazuke[tiab] OR ""rice bran pickles""[tiab])",,ぬか漬け
nukazuke,ぬか漬け,core,3,L2,0,2,,"(nukazuke[tiab] OR ""rice bran pickles""[tiab]) AND (""body temperature""[tiab] OR ""core temperature""[tiab] OR ""skin temperature""[tiab] OR ""tympanic temperature""[tiab] OR ""axillary temperature""[tiab] OR ""rectal temperature""[tiab] OR ""oral temperature""[tiab] OR thermogenesis[tiab] OR ""thermic effect""[tiab] OR ""heat production""[tiab] OR ""energy expenditure""[tiab] OR ""metabolic rate""[tiab] OR ""peripheral circulation""[tiab] OR ""blood flow""[tiab] OR microcirculation[tiab] OR thermoregulation[tiab] OR ""cold tolerance""[tiab] OR ""cold exposure""[tiab] OR ""thermal sensation""[tiab] OR ""thermal comfort""[tiab] OR ""cold sensitivity""[tiab] OR ""cold hypersensitivity""[tiab])","(nukazuke OR ""rice bran pickles"") AND (""body temperature"" OR ""core temperature"" OR ""skin temperature"" OR ""tympanic temperature"" OR ""axillary temperature"" OR ""rectal temperature"" OR ""oral temperature"" OR thermogenesis OR ""thermic effect"" OR ""heat production"" OR ""energy expenditure"" OR ""metabolic rate"" OR ""peripheral circulation"" OR ""blood flow"" OR microcirculation OR thermoregulation OR ""cold tolerance"" OR ""cold exposure"" OR ""thermal sensation"" OR ""thermal comfort"" OR ""cold sensitivity"" OR ""cold hypersensitivity"")",
nukazuke,ぬか漬け,core,3,L3,0,,,"(nukazuke[tiab] OR ""rice bran pickles""[tiab]) AND (""body temperature""[tiab] OR ""core temperature""[tiab] OR ""skin temperature""[tiab] OR ""tympanic temperature""[tiab] OR ""axillary temperature""[tiab] OR ""rectal temperature""[tiab] OR ""oral temperature""[tiab] OR thermogenesis[tiab] OR ""thermic effect""[tiab] OR ""heat production""[tiab] OR ""energy expenditure""[tiab] OR ""metabolic rate""[tiab] OR ""peripheral circulation""[tiab] OR ""blood flow""[tiab] OR microcirculation[tiab] OR thermoregulation[tiab] OR ""cold tolerance""[tiab] OR ""cold exposure""[tiab] OR ""thermal sensation""[tiab] OR ""thermal comfort""[tiab] OR ""cold sensitivity""[tiab] OR ""cold hypersensitivity""[tiab]) AND ""randomized controlled trial""[pt]",,
peach,桃,core,3,L1,6043,,82625,peach[tiab],,桃
peach,桃,core,3,L2,41,2029,,"peach[tiab] AND (""body temperature""[tiab] OR ""core temperature""[tiab] OR ""skin temperature""[tiab] OR ""tympanic temperature""[tiab] OR ""axillary temperature""[tiab] OR ""rectal temperature""[tiab] OR ""oral temperature""[tiab] OR thermogenesis[tiab] OR ""thermic effect""[tiab] OR ""heat production""[tiab] OR ""energy expenditure""[tiab] OR ""metabolic rate""[tiab] OR ""peripheral circulation""[tiab] OR ""blood flow""[tiab] OR microcirculation[tiab] OR thermoregulation[tiab] OR ""cold tolerance""[tiab] OR ""cold exposure""[tiab] OR ""thermal sensation""[tiab] OR ""thermal comfort""[tiab] OR ""cold sensitivity""[tiab] OR ""cold hypersensitivity""[tiab])","peach AND (""body temperature"" OR ""core temperature"" OR ""skin temperature"" OR ""tympanic temperature"" OR ""axillary temperature"" OR ""rectal temperature"" OR ""oral temperature"" OR thermogenesis OR ""thermic effect"" OR ""heat production"" OR ""energy expenditure"" OR ""metabolic rate"" OR ""peripheral circulation"" OR ""blood flow"" OR microcirculation OR thermoregulation OR ""cold tolerance"" OR ""cold exposure"" OR ""thermal sensation"" OR ""thermal comfort"" OR ""cold sensitivity"" OR ""cold hypersensitivity"")",
peach,桃,core,3,L3,5,,,"peach[tiab] AND (""body temperature""[tiab] OR ""core temperature""[tiab] OR ""skin temperature""[tiab] OR ""tympanic temperature""[tiab] OR ""axillary temperature""[tiab] OR ""rectal temperature""[tiab] OR ""oral temperature""[tiab] OR thermogenesis[tiab] OR ""thermic effect""[tiab] OR ""heat production""[tiab] OR ""energy expenditure""[tiab] OR ""metabolic rate""[tiab] OR ""peripheral circulation""[tiab] OR ""blood flow""[tiab] OR microcirculation[tiab] OR thermoregulation[tiab] OR ""cold tolerance""[tiab] OR ""cold exposure""[tiab] OR ""thermal sensation""[tiab] OR ""thermal comfort""[tiab] OR ""cold sensitivity""[tiab] OR ""cold hypersensitivity""[tiab]) AND ""randomized controlled trial""[pt]",,
pear,梨,core,3,L1,6016,,148701,pear[tiab],,梨
pear,梨,core,3,L2,28,3499,,"pear[tiab] AND (""body temperature""[tiab] OR ""core temperature""[tiab] OR ""skin temperature""[tiab] OR ""tympanic temperature""[tiab] OR ""axillary temperature""[tiab] OR ""rectal temperature""[tiab] OR ""oral temperature""[tiab] OR thermogenesis[tiab] OR ""thermic effect""[tiab] OR ""heat production""[tiab] OR ""energy expenditure""[tiab] OR ""metabolic rate""[tiab] OR ""peripheral circulation""[tiab] OR ""blood flow""[tiab] OR microcirculation[tiab] OR thermoregulation[tiab] OR ""cold tolerance""[tiab] OR ""cold exposure""[tiab] OR ""thermal sensation""[tiab] OR ""thermal comfort""[tiab] OR ""cold sensitivity""[tiab] OR ""cold hypersensitivity""[tiab])","pear AND (""body temperature"" OR ""core temperature"" OR ""skin temperature"" OR ""tympanic temperature"" OR ""axillary temperature"" OR ""rectal temperature"" OR ""oral temperature"" OR thermogenesis OR ""thermic effect"" OR ""heat production"" OR ""energy expenditure"" OR ""metabolic rate"" OR ""peripheral circulation"" OR ""blood flow"" OR microcirculation OR thermoregulation OR ""cold tolerance"" OR ""cold exposure"" OR ""thermal sensation"" OR ""thermal comfort"" OR ""cold sensitivity"" OR ""cold hypersensitivity"")",
pear,梨,core,3,L3,1,,,"pear[tiab] AND (""body temperature""[tiab] OR ""core temperature""[tiab] OR ""skin temperature""[tiab] OR ""tympanic temperature""[tiab] OR ""axillary temperature""[tiab] OR ""rectal temperature""[tiab] OR ""oral temperature""[tiab] OR thermogenesis[tiab] OR ""thermic effect""[tiab] OR ""heat production""[tiab] OR ""energy expenditure""[tiab] OR ""metabolic rate""[tiab] OR ""peripheral circulation""[tiab] OR ""blood flow""[tiab] OR microcirculation[tiab] OR thermoregulation[tiab] OR ""cold tolerance""[tiab] OR ""cold exposure""[tiab] OR ""thermal sensation""[tiab] OR ""thermal comfort""[tiab] OR ""cold sensitivity""[tiab] OR ""cold hypersensitivity""[tiab]) AND ""randomized controlled trial""[pt]",,
red wine,赤ワイン,core,3,L1,5114,,465,"""red wine""[tiab]",,赤ワイン
red wine,赤ワイン,core,3,L2,54,1650,,"""red wine""[tiab] AND (""body temperature""[tiab] OR ""core temperature""[tiab] OR ""skin temperature""[tiab] OR ""tympanic temperature""[tiab] OR ""axillary temperature""[tiab] OR ""rectal temperature""[tiab] OR ""oral temperature""[tiab] OR thermogenesis[tiab] OR ""thermic effect""[tiab] OR ""heat production""[tiab] OR ""energy expenditure""[tiab] OR ""metabolic rate""[tiab] OR ""peripheral circulation""[tiab] OR ""blood flow""[tiab] OR microcirculation[tiab] OR thermoregulation[tiab] OR ""cold tolerance""[tiab] OR ""cold exposure""[tiab] OR ""thermal sensation""[tiab] OR ""thermal comfort""[tiab] OR ""cold sensitivity""[tiab] OR ""cold hypersensitivity""[tiab])","""red wine"" AND (""body temperature"" OR ""core temperature"" OR ""skin temperature"" OR ""tympanic temperature"" OR ""axillary temperature"" OR ""rectal temperature"" OR ""oral temperature"" OR thermogenesis OR ""thermic effect"" OR ""heat production"" OR ""energy expenditure"" OR ""metabolic rate"" OR ""peripheral circulation"" OR ""blood flow"" OR microcirculation OR thermoregulation OR ""cold tolerance"" OR ""cold exposure"" OR ""thermal sensation"" OR ""thermal comfort"" OR ""cold sensitivity"" OR ""cold hypersensitivity"")",
red wine,赤ワイン,core,3,L3,7,,,"""red wine""[tiab] AND (""body temperature""[tiab] OR ""core temperature""[tiab] OR ""skin temperature""[tiab] OR ""tympanic temperature""[tiab] OR ""axillary temperature""[tiab] OR ""rectal temperature""[tiab] OR ""oral temperature""[tiab] OR thermogenesis[tiab] OR ""thermic effect""[tiab] OR ""heat production""[tiab] OR ""energy expenditure""[tiab] OR ""metabolic rate""[tiab] OR ""peripheral circulation""[tiab] OR ""blood flow""[tiab] OR microcirculation[tiab] OR thermoregulation[tiab] OR ""cold tolerance""[tiab] OR ""cold exposure""[tiab] OR ""thermal sensation""[tiab] OR ""thermal comfort""[tiab] OR ""cold sensitivity""[tiab] OR ""cold hypersensitivity""[tiab]) AND ""randomized controlled trial""[pt]",,
salt,塩,core,3,L1,201716,,390986,salt[tiab],,塩
salt,塩,core,3,L2,1806,44423,,"salt[tiab] AND (""body temperature""[tiab] OR ""core temperature""[tiab] OR ""skin temperature""[tiab] OR ""tympanic temperature""[tiab] OR ""axillary temperature""[tiab] OR ""rectal temperature""[tiab] OR ""oral temperature""[tiab] OR thermogenesis[tiab] OR ""thermic effect""[tiab] OR ""heat production""[tiab] OR ""energy expenditure""[tiab] OR ""metabolic rate""[tiab] OR ""peripheral circulation""[tiab] OR ""blood flow""[tiab] OR microcirculation[tiab] OR thermoregulation[tiab] OR ""cold tolerance""[tiab] OR ""cold exposure""[tiab] OR ""thermal sensation""[tiab] OR ""thermal comfort""[tiab] OR ""cold sensitivity""[tiab] OR ""cold hypersensitivity""[tiab])","salt AND (""body temperature"" OR ""core temperature"" OR ""skin temperature"" OR ""tympanic temperature"" OR ""axillary temperature"" OR ""rectal temperature"" OR ""oral temperature"" OR thermogenesis OR ""thermic effect"" OR ""heat production"" OR ""energy expenditure"" OR ""metabolic rate"" OR ""peripheral circulation"" OR ""blood flow"" OR microcirculation OR thermoregulation OR ""cold tolerance"" OR ""cold exposure"" OR ""thermal sensation"" OR ""thermal comfort"" OR ""cold sensitivity"" OR ""cold hypersensitivity"")",
salt,塩,core,3,L3,59,,,"salt[tiab] AND (""body temperature""[tiab] OR ""core temperature""[tiab] OR ""skin temperature""[tiab] OR ""tympanic temperature""[tiab] OR ""axillary temperature""[tiab] OR ""rectal temperature""[tiab] OR ""oral temperature""[tiab] OR thermogenesis[tiab] OR ""thermic effect""[tiab] OR ""heat production""[tiab] OR ""energy expenditure""[tiab] OR ""metabolic rate""[tiab] OR ""peripheral circulation""[tiab] OR ""blood flow""[tiab] OR microcirculation[tiab] OR thermoregulation[tiab] OR ""cold tolerance""[tiab] OR ""cold exposure""[tiab] OR ""thermal sensation""[tiab] OR ""thermal comfort""[tiab] OR ""cold sensitivity""[tiab] OR ""cold hypersensitivity""[tiab]) AND ""randomized controlled trial""[pt]",,
soybean,大豆,core,3,L1,53423,,22859,soybean[tiab],,大豆
soybean,大豆,core,3,L2,301,10205,,"soybean[tiab] AND (""body temperature""[tiab] OR ""core temperature""[tiab] OR ""skin temperature""[tiab] OR ""tympanic temperature""[tiab] OR ""axillary temperature""[tiab] OR ""rectal temperature""[tiab] OR ""oral temperature""[tiab] OR thermogenesis[tiab] OR ""thermic effect""[tiab] OR ""heat production""[tiab] OR ""energy expenditure""[tiab] OR ""metabolic rate""[tiab] OR ""peripheral circulation""[tiab] OR ""blood flow""[tiab] OR microcirculation[tiab] OR thermoregulation[tiab] OR ""cold tolerance""[tiab] OR ""cold exposure""[tiab] OR ""thermal sensation""[tiab] OR ""thermal comfort""[tiab] OR ""cold sensitivity""[tiab] OR ""cold hypersensitivity""[tiab])","soybean AND (""body temperature"" OR ""core temperature"" OR ""skin temperature"" OR ""tympanic temperature"" OR ""axillary temperature"" OR ""rectal temperature"" OR ""oral temperature"" OR thermogenesis OR ""thermic effect"" OR ""heat production"" OR ""energy expenditure"" OR ""metabolic rate"" OR ""peripheral circulation"" OR ""blood flow"" OR microcirculation OR thermoregulation OR ""cold tolerance"" OR ""cold exposure"" OR ""thermal sensation"" OR ""thermal comfort"" OR ""cold sensitivity"" OR ""cold hypersensitivity"")",
soybean,大豆,core,3,L3,15,,,"soybean[tiab] AND (""body temperature""[tiab] OR ""core temperature""[tiab] OR ""skin temperature""[tiab] OR ""tympanic temperature""[tiab] OR ""axillary temperature""[tiab] OR ""rectal temperature""[tiab] OR ""oral temperature""[tiab] OR thermogenesis[tiab] OR ""thermic effect""[tiab] OR ""heat production""[tiab] OR ""energy expenditure""[tiab] OR ""metabolic rate""[tiab] OR ""peripheral circulation""[tiab] OR ""blood flow""[tiab] OR microcirculation[tiab] OR thermoregulation[tiab] OR ""cold tolerance""[tiab] OR ""cold exposure""[tiab] OR ""thermal sensation""[tiab] OR ""thermal comfort""[tiab] OR ""cold sensitivity""[tiab] OR ""cold hypersensitivity""[tiab]) AND ""randomized controlled trial""[pt]",,
barley,大麦,core,3,L1,23481,,4333,barley[tiab],,大麦
barley,大麦,core,3,L2,101,4720,,"barley[tiab] AND (""body temperature""[tiab] OR ""core temperature""[tiab] OR ""skin temperature""[tiab] OR ""tympanic temperature""[tiab] OR ""axillary temperature""[tiab] OR ""rectal temperature""[tiab] OR ""oral temperature""[tiab] OR thermogenesis[tiab] OR ""thermic effect""[tiab] OR ""heat production""[tiab] OR ""energy expenditure""[tiab] OR ""metabolic rate""[tiab] OR ""peripheral circulation""[tiab] OR ""blood flow""[tiab] OR microcirculation[tiab] OR thermoregulation[tiab] OR ""cold tolerance""[tiab] OR ""cold exposure""[tiab] OR ""thermal sensation""[tiab] OR ""thermal comfort""[tiab] OR ""cold sensitivity""[tiab] OR ""cold hypersensitivity""[tiab])","barley AND (""body temperature"" OR ""core temperature"" OR ""skin temperature"" OR ""tympanic temperature"" OR ""axillary temperature"" OR ""rectal temperature"" OR ""oral temperature"" OR thermogenesis OR ""thermic effect"" OR ""heat production"" OR ""energy expenditure"" OR ""metabolic rate"" OR ""peripheral circulation"" OR ""blood flow"" OR microcirculation OR thermoregulation OR ""cold tolerance"" OR ""cold exposure"" OR ""thermal sensation"" OR ""thermal comfort"" OR ""cold sensitivity"" OR ""cold hypersensitivity"")",
barley,大麦,core,3,L3,8,,,"barley[tiab] AND (""body temperature""[tiab] OR ""core temperature""[tiab] OR ""skin temperature""[tiab] OR ""tympanic temperature""[tiab] OR ""axillary temperature""[tiab] OR ""rectal temperature""[tiab] OR ""oral temperature""[tiab] OR thermogenesis[tiab] OR ""thermic effect""[tiab] OR ""heat production""[tiab] OR ""energy expenditure""[tiab] OR ""metabolic rate""[tiab] OR ""peripheral circulation""[tiab] OR ""blood flow""[tiab] OR microcirculation[tiab] OR thermoregulation[tiab] OR ""cold tolerance""[tiab] OR ""cold exposure""[tiab] OR ""thermal sensation""[tiab] OR ""thermal comfort""[tiab] OR ""cold sensitivity""[tiab] OR ""cold hypersensitivity""[tiab]) AND ""randomized controlled trial""[pt]",,
dried persimmon,干し柿,core,3,L1,32,,155,"""dried persimmon""[tiab]",,干し柿
dried persimmon,干し柿,core,3,L2,0,4,,"""dried persimmon""[tiab] AND (""body temperature""[tiab] OR ""core temperature""[tiab] OR ""skin temperature""[tiab] OR ""tympanic temperature""[tiab] OR ""axillary temperature""[tiab] OR ""rectal temperature""[tiab] OR ""oral temperature""[tiab] OR thermogenesis[tiab] OR ""thermic effect""[tiab] OR ""heat production""[tiab] OR ""energy expenditure""[tiab] OR ""metabolic rate""[tiab] OR ""peripheral circulation""[tiab] OR ""blood flow""[tiab] OR microcirculation[tiab] OR thermoregulation[tiab] OR ""cold tolerance""[tiab] OR ""cold exposure""[tiab] OR ""thermal sensation""[tiab] OR ""thermal comfort""[tiab] OR ""cold sensitivity""[tiab] OR ""cold hypersensitivity""[tiab])","""dried persimmon"" AND (""body temperature"" OR ""core temperature"" OR ""skin temperature"" OR ""tympanic temperature"" OR ""axillary temperature"" OR ""rectal temperature"" OR ""oral temperature"" OR thermogenesis OR ""thermic effect"" OR ""heat production"" OR ""energy expenditure"" OR ""metabolic rate"" OR ""peripheral circulation"" OR ""blood flow"" OR microcirculation OR thermoregulation OR ""cold tolerance"" OR ""cold exposure"" OR ""thermal sensation"" OR ""thermal comfort"" OR ""cold sensitivity"" OR ""cold hypersensitivity"")",
dried persimmon,干し柿,core,3,L3,0,,,"""dried persimmon""[tiab] AND (""body temperature""[tiab] OR ""core temperature""[tiab] OR ""skin temperature""[tiab] OR ""tympanic temperature""[tiab] OR ""axillary temperature""[tiab] OR ""rectal temperature""[tiab] OR ""oral temperature""[tiab] OR thermogenesis[tiab] OR ""thermic effect""[tiab] OR ""heat production""[tiab] OR ""energy expenditure""[tiab] OR ""metabolic rate""[tiab] OR ""peripheral circulation""[tiab] OR ""blood flow""[tiab] OR microcirculation[tiab] OR thermoregulation[tiab] OR ""cold tolerance""[tiab] OR ""cold exposure""[tiab] OR ""thermal sensation""[tiab] OR ""thermal comfort""[tiab] OR ""cold sensitivity""[tiab] OR ""cold hypersensitivity""[tiab]) AND ""randomized controlled trial""[pt]",,
octopus,タコ,core,3,L1,3597,,353277,octopus[tiab],,タコ
octopus,タコ,core,3,L2,42,1219,,"octopus[tiab] AND (""body temperature""[tiab] OR ""core temperature""[tiab] OR ""skin temperature""[tiab] OR ""tympanic temperature""[tiab] OR ""axillary temperature""[tiab] OR ""rectal temperature""[tiab] OR ""oral temperature""[tiab] OR thermogenesis[tiab] OR ""thermic effect""[tiab] OR ""heat production""[tiab] OR ""energy expenditure""[tiab] OR ""metabolic rate""[tiab] OR ""peripheral circulation""[tiab] OR ""blood flow""[tiab] OR microcirculation[tiab] OR thermoregulation[tiab] OR ""cold tolerance""[tiab] OR ""cold exposure""[tiab] OR ""thermal sensation""[tiab] OR ""thermal comfort""[tiab] OR ""cold sensitivity""[tiab] OR ""cold hypersensitivity""[tiab])","octopus AND (""body temperature"" OR ""core temperature"" OR ""skin temperature"" OR ""tympanic temperature"" OR ""axillary temperature"" OR ""rectal temperature"" OR ""oral temperature"" OR thermogenesis OR ""thermic effect"" OR ""heat production"" OR ""energy expenditure"" OR ""metabolic rate"" OR ""peripheral circulation"" OR ""blood flow"" OR microcirculation OR thermoregulation OR ""cold tolerance"" OR ""cold exposure"" OR ""thermal sensation"" OR ""thermal comfort"" OR ""cold sensitivity"" OR ""cold hypersensitivity"")",
octopus,タコ,core,3,L3,0,,,"octopus[tiab] AND (""body temperature""[tiab] OR ""core temperature""[tiab] OR ""skin temperature""[tiab] OR ""tympanic temperature""[tiab] OR ""axillary temperature""[tiab] OR ""rectal temperature""[tiab] OR ""oral temperature""[tiab] OR thermogenesis[tiab] OR ""thermic effect""[tiab] OR ""heat production""[tiab] OR ""energy expenditure""[tiab] OR ""metabolic rate""[tiab] OR ""peripheral circulation""[tiab] OR ""blood flow""[tiab] OR microcirculation[tiab] OR thermoregulation[tiab] OR ""cold tolerance""[tiab] OR ""cold exposure""[tiab] OR ""thermal sensation""[tiab] OR ""thermal comfort""[tiab] OR ""cold sensitivity""[tiab] OR ""cold hypersensitivity""[tiab]) AND ""randomized controlled trial""[pt]",,
komatsuna,小松菜,core,3,L1,91,,212,"(komatsuna[tiab] OR ""Japanese mustard spinach""[tiab])",,小松菜
komatsuna,小松菜,core,3,L2,0,13,,"(komatsuna[tiab] OR ""Japanese mustard spinach""[tiab]) AND (""body temperature""[tiab] OR ""core temperature""[tiab] OR ""skin temperature""[tiab] OR ""tympanic temperature""[tiab] OR ""axillary temperature""[tiab] OR ""rectal temperature""[tiab] OR ""oral temperature""[tiab] OR thermogenesis[tiab] OR ""thermic effect""[tiab] OR ""heat production""[tiab] OR ""energy expenditure""[tiab] OR ""metabolic rate""[tiab] OR ""peripheral circulation""[tiab] OR ""blood flow""[tiab] OR microcirculation[tiab] OR thermoregulation[tiab] OR ""cold tolerance""[tiab] OR ""cold exposure""[tiab] OR ""thermal sensation""[tiab] OR ""thermal comfort""[tiab] OR ""cold sensitivity""[tiab] OR ""cold hypersensitivity""[tiab])","(komatsuna OR ""Japanese mustard spinach"") AND (""body temperature"" OR ""core temperature"" OR ""skin temperature"" OR ""tympanic temperature"" OR ""axillary temperature"" OR ""rectal temperature"" OR ""oral temperature"" OR thermogenesis OR ""thermic effect"" OR ""heat production"" OR ""energy expenditure"" OR ""metabolic rate"" OR ""peripheral circulation"" OR ""blood flow"" OR microcirculation OR thermoregulation OR ""cold tolerance"" OR ""cold exposure"" OR ""thermal sensation"" OR ""thermal comfort"" OR ""cold sensitivity"" OR ""cold hypersensitivity"")",
komatsuna,小松菜,core,3,L3,0,,,"(komatsuna[tiab] OR ""Japanese mustard spinach""[tiab]) AND (""body temperature""[tiab] OR ""core temperature""[tiab] OR ""skin temperature""[tiab] OR ""tympanic temperature""[tiab] OR ""axillary temperature""[tiab] OR ""rectal temperature""[tiab] OR ""oral temperature""[tiab] OR thermogenesis[tiab] OR ""thermic effect""[tiab] OR ""heat production""[tiab] OR ""energy expenditure""[tiab] OR ""metabolic rate""[tiab] OR ""peripheral circulation""[tiab] OR ""blood flow""[tiab] OR microcirculation[tiab] OR thermoregulation[tiab] OR ""cold tolerance""[tiab] OR ""cold exposure""[tiab] OR ""thermal sensation""[tiab] OR ""thermal comfort""[tiab] OR ""cold sensitivity""[tiab] OR ""cold hypersensitivity""[tiab]) AND ""randomized controlled trial""[pt]",,
almond,アーモンド,sensitivity,2,L1,3958,,1943,almond[tiab],,アーモンド
almond,アーモンド,sensitivity,2,L2,15,2746,,"almond[tiab] AND (""body temperature""[tiab] OR ""core temperature""[tiab] OR ""skin temperature""[tiab] OR ""tympanic temperature""[tiab] OR ""axillary temperature""[tiab] OR ""rectal temperature""[tiab] OR ""oral temperature""[tiab] OR thermogenesis[tiab] OR ""thermic effect""[tiab] OR ""heat production""[tiab] OR ""energy expenditure""[tiab] OR ""metabolic rate""[tiab] OR ""peripheral circulation""[tiab] OR ""blood flow""[tiab] OR microcirculation[tiab] OR thermoregulation[tiab] OR ""cold tolerance""[tiab] OR ""cold exposure""[tiab] OR ""thermal sensation""[tiab] OR ""thermal comfort""[tiab] OR ""cold sensitivity""[tiab] OR ""cold hypersensitivity""[tiab])","almond AND (""body temperature"" OR ""core temperature"" OR ""skin temperature"" OR ""tympanic temperature"" OR ""axillary temperature"" OR ""rectal temperature"" OR ""oral temperature"" OR thermogenesis OR ""thermic effect"" OR ""heat production"" OR ""energy expenditure"" OR ""metabolic rate"" OR ""peripheral circulation"" OR ""blood flow"" OR microcirculation OR thermoregulation OR ""cold tolerance"" OR ""cold exposure"" OR ""thermal sensation"" OR ""thermal comfort"" OR ""cold sensitivity"" OR ""cold hypersensitivity"")",
almond,アーモンド,sensitivity,2,L3,2,,,"almond[tiab] AND (""body temperature""[tiab] OR ""core temperature""[tiab] OR ""skin temperature""[tiab] OR ""tympanic temperature""[tiab] OR ""axillary temperature""[tiab] OR ""rectal temperature""[tiab] OR ""oral temperature""[tiab] OR thermogenesis[tiab] OR ""thermic effect""[tiab] OR ""heat production""[tiab] OR ""energy expenditure""[tiab] OR ""metabolic rate""[tiab] OR ""peripheral circulation""[tiab] OR ""blood flow""[tiab] OR microcirculation[tiab] OR thermoregulation[tiab] OR ""cold tolerance""[tiab] OR ""cold exposure""[tiab] OR ""thermal sensation""[tiab] OR ""thermal comfort""[tiab] OR ""cold sensitivity""[tiab] OR ""cold hypersensitivity""[tiab]) AND ""randomized controlled trial""[pt]",,
asari clam,あさり,sensitivity,2,L1,5,,3767,"""asari clam""[tiab]",,あさり
asari clam,あさり,sensitivity,2,L2,0,0,,"""asari clam""[tiab] AND (""body temperature""[tiab] OR ""core temperature""[tiab] OR ""skin temperature""[tiab] OR ""tympanic temperature""[tiab] OR ""axillary temperature""[tiab] OR ""rectal temperature""[tiab] OR ""oral temperature""[tiab] OR thermogenesis[tiab] OR ""thermic effect""[tiab] OR ""heat production""[tiab] OR ""energy expenditure""[tiab] OR ""metabolic rate""[tiab] OR ""peripheral circulation""[tiab] OR ""blood flow""[tiab] OR microcirculation[tiab] OR thermoregulation[tiab] OR ""cold tolerance""[tiab] OR ""cold exposure""[tiab] OR ""thermal sensation""[tiab] OR ""thermal comfort""[tiab] OR ""cold sensitivity""[tiab] OR ""cold hypersensitivity""[tiab])","""asari clam"" AND (""body temperature"" OR ""core temperature"" OR ""skin temperature"" OR ""tympanic temperature"" OR ""axillary temperature"" OR ""rectal temperature"" OR ""oral temperature"" OR thermogenesis OR ""thermic effect"" OR ""heat production"" OR ""energy expenditure"" OR ""metabolic rate"" OR ""peripheral circulation"" OR ""blood flow"" OR microcirculation OR thermoregulation OR ""cold tolerance"" OR ""cold exposure"" OR ""thermal sensation"" OR ""thermal comfort"" OR ""cold sensitivity"" OR ""cold hypersensitivity"")",
asari clam,あさり,sensitivity,2,L3,0,,,"""asari clam""[tiab] AND (""body temperature""[tiab] OR ""core temperature""[tiab] OR ""skin temperature""[tiab] OR ""tympanic temperature""[tiab] OR ""axillary temperature""[tiab] OR ""rectal temperature""[tiab] OR ""oral temperature""[tiab] OR thermogenesis[tiab] OR ""thermic effect""[tiab] OR ""heat production""[tiab] OR ""energy expenditure""[tiab] OR ""metabolic rate""[tiab] OR ""peripheral circulation""[tiab] OR ""blood flow""[tiab] OR microcirculation[tiab] OR thermoregulation[tiab] OR ""cold tolerance""[tiab] OR ""cold exposure""[tiab] OR ""thermal sensation""[tiab] OR ""thermal comfort""[tiab] OR ""cold sensitivity""[tiab] OR ""cold hypersensitivity""[tiab]) AND ""randomized controlled trial""[pt]",,
atsuage,厚揚げ,sensitivity,2,L1,12,,37,"(atsuage[tiab] OR ""deep-fried tofu""[tiab] OR ""fried bean curd""[tiab])",,厚揚げ
atsuage,厚揚げ,sensitivity,2,L2,0,4,,"(atsuage[tiab] OR ""deep-fried tofu""[tiab] OR ""fried bean curd""[tiab]) AND (""body temperature""[tiab] OR ""core temperature""[tiab] OR ""skin temperature""[tiab] OR ""tympanic temperature""[tiab] OR ""axillary temperature""[tiab] OR ""rectal temperature""[tiab] OR ""oral temperature""[tiab] OR thermogenesis[tiab] OR ""thermic effect""[tiab] OR ""heat production""[tiab] OR ""energy expenditure""[tiab] OR ""metabolic rate""[tiab] OR ""peripheral circulation""[tiab] OR ""blood flow""[tiab] OR microcirculation[tiab] OR thermoregulation[tiab] OR ""cold tolerance""[tiab] OR ""cold exposure""[tiab] OR ""thermal sensation""[tiab] OR ""thermal comfort""[tiab] OR ""cold sensitivity""[tiab] OR ""cold hypersensitivity""[tiab])","(atsuage OR ""deep-fried tofu"" OR ""fried bean curd"") AND (""body temperature"" OR ""core temperature"" OR ""skin temperature"" OR ""tympanic temperature"" OR ""axillary temperature"" OR ""rectal temperature"" OR ""oral temperature"" OR thermogenesis OR ""thermic effect"" OR ""heat production"" OR ""energy expenditure"" OR ""metabolic rate"" OR ""peripheral circulation"" OR ""blood flow"" OR microcirculation OR thermoregulation OR ""cold tolerance"" OR ""cold exposure"" OR ""thermal sensation"" OR ""thermal comfort"" OR ""cold sensitivity"" OR ""cold hypersensitivity"")",
atsuage,厚揚げ,sensitivity,2,L3,0,,,"(atsuage[tiab] OR ""deep-fried tofu""[tiab] OR ""fried bean curd""[tiab]) AND (""body temperature""[tiab] OR ""core temperature""[tiab] OR ""skin temperature""[tiab] OR ""tympanic temperature""[tiab] OR ""axillary temperature""[tiab] OR ""rectal temperature""[tiab] OR ""oral temperature""[tiab] OR thermogenesis[tiab] OR ""thermic effect""[tiab] OR ""heat production""[tiab] OR ""energy expenditure""[tiab] OR ""metabolic rate""[tiab] OR ""peripheral circulation""[tiab] OR ""blood flow""[tiab] OR microcirculation[tiab] OR thermoregulation[tiab] OR ""cold tolerance""[tiab] OR ""cold exposure""[tiab] OR ""thermal sensation""[tiab] OR ""thermal comfort""[tiab] OR ""cold sensitivity""[tiab] OR ""cold hypersensitivity""[tiab]) AND ""randomized controlled trial""[pt]",,
bamboo shoot,たけのこ,sensitivity,2,L1,349,,1141,"""bamboo shoot""[tiab]",,たけのこ
bamboo shoot,たけのこ,sensitivity,2,L2,0,146,,"""bamboo shoot""[tiab] AND (""body temperature""[tiab] OR ""core temperature""[tiab] OR ""skin temperature""[tiab] OR ""tympanic temperature""[tiab] OR ""axillary temperature""[tiab] OR ""rectal temperature""[tiab] OR ""oral temperature""[tiab] OR thermogenesis[tiab] OR ""thermic effect""[tiab] OR ""heat production""[tiab] OR ""energy expenditure""[tiab] OR ""metabolic rate""[tiab] OR ""peripheral circulation""[tiab] OR ""blood flow""[tiab] OR microcirculation[tiab] OR thermoregulation[tiab] OR ""cold tolerance""[tiab] OR ""cold exposure""[tiab] OR ""thermal sensation""[tiab] OR ""thermal comfort""[tiab] OR ""cold sensitivity""[tiab] OR ""cold hypersensitivity""[tiab])","""bamboo shoot"" AND (""body temperature"" OR ""core temperature"" OR ""skin temperature"" OR ""tympanic temperature"" OR ""axillary temperature"" OR ""rectal temperature"" OR ""oral temperature"" OR thermogenesis OR ""thermic effect"" OR ""heat production"" OR ""energy expenditure"" OR ""metabolic rate"" OR ""peripheral circulation"" OR ""blood flow"" OR microcirculation OR thermoregulation OR ""cold tolerance"" OR ""cold exposure"" OR ""thermal sensation"" OR ""thermal comfort"" OR ""cold sensitivity"" OR ""cold hypersensitivity"")",
bamboo shoot,たけのこ,sensitivity,2,L3,0,,,"""bamboo shoot""[tiab] AND (""body temperature""[tiab] OR ""core temperature""[tiab] OR ""skin temperature""[tiab] OR ""tympanic temperature""[tiab] OR ""axillary temperature""[tiab] OR ""rectal temperature""[tiab] OR ""oral temperature""[tiab] OR thermogenesis[tiab] OR ""thermic effect""[tiab] OR ""heat production""[tiab] OR ""energy expenditure""[tiab] OR ""metabolic rate""[tiab] OR ""peripheral circulation""[tiab] OR ""blood flow""[tiab] OR microcirculation[tiab] OR thermoregulation[tiab] OR ""cold tolerance""[tiab] OR ""cold exposure""[tiab] OR ""thermal sensation""[tiab] OR ""thermal comfort""[tiab] OR ""cold sensitivity""[tiab] OR ""cold hypersensitivity""[tiab]) AND ""randomized controlled trial""[pt]",,
bitter melon,ゴーヤ,sensitivity,2,L1,509,,65198,"""bitter melon""[tiab]",,ゴーヤ
bitter melon,ゴーヤ,sensitivity,2,L2,8,220,,"""bitter melon""[tiab] AND (""body temperature""[tiab] OR ""core temperature""[tiab] OR ""skin temperature""[tiab] OR ""tympanic temperature""[tiab] OR ""axillary temperature""[tiab] OR ""rectal temperature""[tiab] OR ""oral temperature""[tiab] OR thermogenesis[tiab] OR ""thermic effect""[tiab] OR ""heat production""[tiab] OR ""energy expenditure""[tiab] OR ""metabolic rate""[tiab] OR ""peripheral circulation""[tiab] OR ""blood flow""[tiab] OR microcirculation[tiab] OR thermoregulation[tiab] OR ""cold tolerance""[tiab] OR ""cold exposure""[tiab] OR ""thermal sensation""[tiab] OR ""thermal comfort""[tiab] OR ""cold sensitivity""[tiab] OR ""cold hypersensitivity""[tiab])","""bitter melon"" AND (""body temperature"" OR ""core temperature"" OR ""skin temperature"" OR ""tympanic temperature"" OR ""axillary temperature"" OR ""rectal temperature"" OR ""oral temperature"" OR thermogenesis OR ""thermic effect"" OR ""heat production"" OR ""energy expenditure"" OR ""metabolic rate"" OR ""peripheral circulation"" OR ""blood flow"" OR microcirculation OR thermoregulation OR ""cold tolerance"" OR ""cold exposure"" OR ""thermal sensation"" OR ""thermal comfort"" OR ""cold sensitivity"" OR ""cold hypersensitivity"")",
bitter melon,ゴーヤ,sensitivity,2,L3,0,,,"""bitter melon""[tiab] AND (""body temperature""[tiab] OR ""core temperature""[tiab] OR ""skin temperature""[tiab] OR ""tympanic temperature""[tiab] OR ""axillary temperature""[tiab] OR ""rectal temperature""[tiab] OR ""oral temperature""[tiab] OR thermogenesis[tiab] OR ""thermic effect""[tiab] OR ""heat production""[tiab] OR ""energy expenditure""[tiab] OR ""metabolic rate""[tiab] OR ""peripheral circulation""[tiab] OR ""blood flow""[tiab] OR microcirculation[tiab] OR thermoregulation[tiab] OR ""cold tolerance""[tiab] OR ""cold exposure""[tiab] OR ""thermal sensation""[tiab] OR ""thermal comfort""[tiab] OR ""cold sensitivity""[tiab] OR ""cold hypersensitivity""[tiab]) AND ""randomized controlled trial""[pt]",,
black soybean,黒豆,sensitivity,2,L1,10151,,291,"(""black soybean""[tiab] OR ""black soybeans""[tiab] OR ""Glycine max""[tiab])",,黒豆
black soybean,黒豆,sensitivity,2,L2,35,851,,"(""black soybean""[tiab] OR ""black soybeans""[tiab] OR ""Glycine max""[tiab]) AND (""body temperature""[tiab] OR ""core temperature""[tiab] OR ""skin temperature""[tiab] OR ""tympanic temperature""[tiab] OR ""axillary temperature""[tiab] OR ""rectal temperature""[tiab] OR ""oral temperature""[tiab] OR thermogenesis[tiab] OR ""thermic effect""[tiab] OR ""heat production""[tiab] OR ""energy expenditure""[tiab] OR ""metabolic rate""[tiab] OR ""peripheral circulation""[tiab] OR ""blood flow""[tiab] OR microcirculation[tiab] OR thermoregulation[tiab] OR ""cold tolerance""[tiab] OR ""cold exposure""[tiab] OR ""thermal sensation""[tiab] OR ""thermal comfort""[tiab] OR ""cold sensitivity""[tiab] OR ""cold hypersensitivity""[tiab])","(""black soybean"" OR ""black soybeans"" OR ""Glycine max"") AND (""body temperature"" OR ""core temperature"" OR ""skin temperature"" OR ""tympanic temperature"" OR ""axillary temperature"" OR ""rectal temperature"" OR ""oral temperature"" OR thermogenesis OR ""thermic effect"" OR ""heat production"" OR ""energy expenditure"" OR ""metabolic rate"" OR ""peripheral circulation"" OR ""blood flow"" OR microcirculation OR thermoregulation OR ""cold tolerance"" OR ""cold exposure"" OR ""thermal sensation"" OR ""thermal comfort"" OR ""cold sensitivity"" OR ""cold hypersensitivity"")",
black soybean,黒豆,sensitivity,2,L3,0,,,"(""black soybean""[tiab] OR ""black soybeans""[tiab] OR ""Glycine max""[tiab]) AND (""body temperature""[tiab] OR ""core temperature""[tiab] OR ""skin temperature""[tiab] OR ""tympanic temperature""[tiab] OR ""axillary temperature""[tiab] OR ""rectal temperature""[tiab] OR ""oral temperature""[tiab] OR thermogenesis[tiab] OR ""thermic effect""[tiab] OR ""heat production""[tiab] OR ""energy expenditure""[tiab] OR ""metabolic rate""[tiab] OR ""peripheral circulation""[tiab] OR ""blood flow""[tiab] OR microcirculation[tiab] OR thermoregulation[tiab] OR ""cold tolerance""[tiab] OR ""cold exposure""[tiab] OR ""thermal sensation""[tiab] OR ""thermal comfort""[tiab] OR ""cold sensitivity""[tiab] OR ""cold hypersensitivity""[tiab]) AND ""randomized controlled trial""[pt]",,
celery,セロリ,sensitivity,2,L1,1795,,685,celery[tiab],,セロリ
celery,セロリ,sensitivity,2,L2,15,686,,"celery[tiab] AND (""body temperature""[tiab] OR ""core temperature""[tiab] OR ""skin temperature""[tiab] OR ""tympanic temperature""[tiab] OR ""axillary temperature""[tiab] OR ""rectal temperature""[tiab] OR ""oral temperature""[tiab] OR thermogenesis[tiab] OR ""thermic effect""[tiab] OR ""heat production""[tiab] OR ""energy expenditure""[tiab] OR ""metabolic rate""[tiab] OR ""peripheral circulation""[tiab] OR ""blood flow""[tiab] OR microcirculation[tiab] OR thermoregulation[tiab] OR ""cold tolerance""[tiab] OR ""cold exposure""[tiab] OR ""thermal sensation""[tiab] OR ""thermal comfort""[tiab] OR ""cold sensitivity""[tiab] OR ""cold hypersensitivity""[tiab])","celery AND (""body temperature"" OR ""core temperature"" OR ""skin temperature"" OR ""tympanic temperature"" OR ""axillary temperature"" OR ""rectal temperature"" OR ""oral temperature"" OR thermogenesis OR ""thermic effect"" OR ""heat production"" OR ""energy expenditure"" OR ""metabolic rate"" OR ""peripheral circulation"" OR ""blood flow"" OR microcirculation OR thermoregulation OR ""cold tolerance"" OR ""cold exposure"" OR ""thermal sensation"" OR ""thermal comfort"" OR ""cold sensitivity"" OR ""cold hypersensitivity"")",
celery,セロリ,sensitivity,2,L3,0,,,"celery[tiab] AND (""body temperature""[tiab] OR ""core temperature""[tiab] OR ""skin temperature""[tiab] OR ""tympanic temperature""[tiab] OR ""axillary temperature""[tiab] OR ""rectal temperature""[tiab] OR ""oral temperature""[tiab] OR thermogenesis[tiab] OR ""thermic effect""[tiab] OR ""heat production""[tiab] OR ""energy expenditure""[tiab] OR ""metabolic rate""[tiab] OR ""peripheral circulation""[tiab] OR ""blood flow""[tiab] OR microcirculation[tiab] OR thermoregulation[tiab] OR ""cold tolerance""[tiab] OR ""cold exposure""[tiab] OR ""thermal sensation""[tiab] OR ""thermal comfort""[tiab] OR ""cold sensitivity""[tiab] OR ""cold hypersensitivity""[tiab]) AND ""randomized controlled trial""[pt]",,
cheese,チーズ,sensitivity,2,L1,16123,,101980,cheese[tiab],,チーズ
cheese,チーズ,sensitivity,2,L2,50,5093,,"cheese[tiab] AND (""body temperature""[tiab] OR ""core temperature""[tiab] OR ""skin temperature""[tiab] OR ""tympanic temperature""[tiab] OR ""axillary temperature""[tiab] OR ""rectal temperature""[tiab] OR ""oral temperature""[tiab] OR thermogenesis[tiab] OR ""thermic effect""[tiab] OR ""heat production""[tiab] OR ""energy expenditure""[tiab] OR ""metabolic rate""[tiab] OR ""peripheral circulation""[tiab] OR ""blood flow""[tiab] OR microcirculation[tiab] OR thermoregulation[tiab] OR ""cold tolerance""[tiab] OR ""cold exposure""[tiab] OR ""thermal sensation""[tiab] OR ""thermal comfort""[tiab] OR ""cold sensitivity""[tiab] OR ""cold hypersensitivity""[tiab])","cheese AND (""body temperature"" OR ""core temperature"" OR ""skin temperature"" OR ""tympanic temperature"" OR ""axillary temperature"" OR ""rectal temperature"" OR ""oral temperature"" OR thermogenesis OR ""thermic effect"" OR ""heat production"" OR ""energy expenditure"" OR ""metabolic rate"" OR ""peripheral circulation"" OR ""blood flow"" OR microcirculation OR thermoregulation OR ""cold tolerance"" OR ""cold exposure"" OR ""thermal sensation"" OR ""thermal comfort"" OR ""cold sensitivity"" OR ""cold hypersensitivity"")",
cheese,チーズ,sensitivity,2,L3,6,,,"cheese[tiab] AND (""body temperature""[tiab] OR ""core temperature""[tiab] OR ""skin temperature""[tiab] OR ""tympanic temperature""[tiab] OR ""axillary temperature""[tiab] OR ""rectal temperature""[tiab] OR ""oral temperature""[tiab] OR thermogenesis[tiab] OR ""thermic effect""[tiab] OR ""heat production""[tiab] OR ""energy expenditure""[tiab] OR ""metabolic rate""[tiab] OR ""peripheral circulation""[tiab] OR ""blood flow""[tiab] OR microcirculation[tiab] OR thermoregulation[tiab] OR ""cold tolerance""[tiab] OR ""cold exposure""[tiab] OR ""thermal sensation""[tiab] OR ""thermal comfort""[tiab] OR ""cold sensitivity""[tiab] OR ""cold hypersensitivity""[tiab]) AND ""randomized controlled trial""[pt]",,
corn,とうもろこし,sensitivity,2,L1,48786,,10748,corn[tiab],,とうもろこし
corn,とうもろこし,sensitivity,2,L2,408,21416,,"corn[tiab] AND (""body temperature""[tiab] OR ""core temperature""[tiab] OR ""skin temperature""[tiab] OR ""tympanic temperature""[tiab] OR ""axillary temperature""[tiab] OR ""rectal temperature""[tiab] OR ""oral temperature""[tiab] OR thermogenesis[tiab] OR ""thermic effect""[tiab] OR ""heat production""[tiab] OR ""energy expenditure""[tiab] OR ""metabolic rate""[tiab] OR ""peripheral circulation""[tiab] OR ""blood flow""[tiab] OR microcirculation[tiab] OR thermoregulation[tiab] OR ""cold tolerance""[tiab] OR ""cold exposure""[tiab] OR ""thermal sensation""[tiab] OR ""thermal comfort""[tiab] OR ""cold sensitivity""[tiab] OR ""cold hypersensitivity""[tiab])","corn AND (""body temperature"" OR ""core temperature"" OR ""skin temperature"" OR ""tympanic temperature"" OR ""axillary temperature"" OR ""rectal temperature"" OR ""oral temperature"" OR thermogenesis OR ""thermic effect"" OR ""heat production"" OR ""energy expenditure"" OR ""metabolic rate"" OR ""peripheral circulation"" OR ""blood flow"" OR microcirculation OR thermoregulation OR ""cold tolerance"" OR ""cold exposure"" OR ""thermal sensation"" OR ""thermal comfort"" OR ""cold sensitivity"" OR ""cold hypersensitivity"")",
corn,とうもろこし,sensitivity,2,L3,31,,,"corn[tiab] AND (""body temperature""[tiab] OR ""core temperature""[tiab] OR ""skin temperature""[tiab] OR ""tympanic temperature""[tiab] OR ""axillary temperature""[tiab] OR ""rectal temperature""[tiab] OR ""oral temperature""[tiab] OR thermogenesis[tiab] OR ""thermic effect""[tiab] OR ""heat production""[tiab] OR ""energy expenditure""[tiab] OR ""metabolic rate""[tiab] OR ""peripheral circulation""[tiab] OR ""blood flow""[tiab] OR microcirculation[tiab] OR thermoregulation[tiab] OR ""cold tolerance""[tiab] OR ""cold exposure""[tiab] OR ""thermal sensation""[tiab] OR ""thermal comfort""[tiab] OR ""cold sensitivity""[tiab] OR ""cold hypersensitivity""[tiab]) AND ""randomized controlled trial""[pt]",,
crab,カニ,sensitivity,2,L1,13990,,1011247,crab[tiab],,カニ
crab,カニ,sensitivity,2,L2,100,4671,,"crab[tiab] AND (""body temperature""[tiab] OR ""core temperature""[tiab] OR ""skin temperature""[tiab] OR ""tympanic temperature""[tiab] OR ""axillary temperature""[tiab] OR ""rectal temperature""[tiab] OR ""oral temperature""[tiab] OR thermogenesis[tiab] OR ""thermic effect""[tiab] OR ""heat production""[tiab] OR ""energy expenditure""[tiab] OR ""metabolic rate""[tiab] OR ""peripheral circulation""[tiab] OR ""blood flow""[tiab] OR microcirculation[tiab] OR thermoregulation[tiab] OR ""cold tolerance""[tiab] OR ""cold exposure""[tiab] OR ""thermal sensation""[tiab] OR ""thermal comfort""[tiab] OR ""cold sensitivity""[tiab] OR ""cold hypersensitivity""[tiab])","crab AND (""body temperature"" OR ""core temperature"" OR ""skin temperature"" OR ""tympanic temperature"" OR ""axillary temperature"" OR ""rectal temperature"" OR ""oral temperature"" OR thermogenesis OR ""thermic effect"" OR ""heat production"" OR ""energy expenditure"" OR ""metabolic rate"" OR ""peripheral circulation"" OR ""blood flow"" OR microcirculation OR thermoregulation OR ""cold tolerance"" OR ""cold exposure"" OR ""thermal sensation"" OR ""thermal comfort"" OR ""cold sensitivity"" OR ""cold hypersensitivity"")",
crab,カニ,sensitivity,2,L3,0,,,"crab[tiab] AND (""body temperature""[tiab] OR ""core temperature""[tiab] OR ""skin temperature""[tiab] OR ""tympanic temperature""[tiab] OR ""axillary temperature""[tiab] OR ""rectal temperature""[tiab] OR ""oral temperature""[tiab] OR thermogenesis[tiab] OR ""thermic effect""[tiab] OR ""heat production""[tiab] OR ""energy expenditure""[tiab] OR ""metabolic rate""[tiab] OR ""peripheral circulation""[tiab] OR ""blood flow""[tiab] OR microcirculation[tiab] OR thermoregulation[tiab] OR ""cold tolerance""[tiab] OR ""cold exposure""[tiab] OR ""thermal sensation""[tiab] OR ""thermal comfort""[tiab] OR ""cold sensitivity""[tiab] OR ""cold hypersensitivity""[tiab]) AND ""randomized controlled trial""[pt]",,
edamame,いんげん豆,sensitivity,2,L1,116,,137,"(edamame[tiab] OR ""green soybean""[tiab])",,いんげん豆
edamame,いんげん豆,sensitivity,2,L2,1,45,,"(edamame[tiab] OR ""green soybean""[tiab]) AND (""body temperature""[tiab] OR ""core temperature""[tiab] OR ""skin temperature""[tiab] OR ""tympanic temperature""[tiab] OR ""axillary temperature""[tiab] OR ""rectal temperature""[tiab] OR ""oral temperature""[tiab] OR thermogenesis[tiab] OR ""thermic effect""[tiab] OR ""heat production""[tiab] OR ""energy expenditure""[tiab] OR ""metabolic rate""[tiab] OR ""peripheral circulation""[tiab] OR ""blood flow""[tiab] OR microcirculation[tiab] OR thermoregulation[tiab] OR ""cold tolerance""[tiab] OR ""cold exposure""[tiab] OR ""thermal sensation""[tiab] OR ""thermal comfort""[tiab] OR ""cold sensitivity""[tiab] OR ""cold hypersensitivity""[tiab])","(edamame OR ""green soybean"") AND (""body temperature"" OR ""core temperature"" OR ""skin temperature"" OR ""tympanic temperature"" OR ""axillary temperature"" OR ""rectal temperature"" OR ""oral temperature"" OR thermogenesis OR ""thermic effect"" OR ""heat production"" OR ""energy expenditure"" OR ""metabolic rate"" OR ""peripheral circulation"" OR ""blood flow"" OR microcirculation OR thermoregulation OR ""cold tolerance"" OR ""cold exposure"" OR ""thermal sensation"" OR ""thermal comfort"" OR ""cold sensitivity"" OR ""cold hypersensitivity"")",
edamame,いんげん豆,sensitivity,2,L3,0,,,"(edamame[tiab] OR ""green soybean""[tiab]) AND (""body temperature""[tiab] OR ""core temperature""[tiab] OR ""skin temperature""[tiab] OR ""tympanic temperature""[tiab] OR ""axillary temperature""[tiab] OR ""rectal temperature""[tiab] OR ""oral temperature""[tiab] OR thermogenesis[tiab] OR ""thermic effect""[tiab] OR ""heat production""[tiab] OR ""energy expenditure""[tiab] OR ""metabolic rate""[tiab] OR ""peripheral circulation""[tiab] OR ""blood flow""[tiab] OR microcirculation[tiab] OR thermoregulation[tiab] OR ""cold tolerance""[tiab] OR ""cold exposure""[tiab] OR ""thermal sensation""[tiab] OR ""thermal comfort""[tiab] OR ""cold sensitivity""[tiab] OR ""cold hypersensitivity""[tiab]) AND ""randomized controlled trial""[pt]",,
honey,はちみつ,sensitivity,2,L1,19345,,1083,honey[tiab],,はちみつ
honey,はちみつ,sensitivity,2,L2,126,8170,,"honey[tiab] AND (""body temperature""[tiab] OR ""core temperature""[tiab] OR ""skin temperature""[tiab] OR ""tympanic temperature""[tiab] OR ""axillary temperature""[tiab] OR ""rectal temperature""[tiab] OR ""oral temperature""[tiab] OR thermogenesis[tiab] OR ""thermic effect""[tiab] OR ""heat production""[tiab] OR ""energy expenditure""[tiab] OR ""metabolic rate""[tiab] OR ""peripheral circulation""[tiab] OR ""blood flow""[tiab] OR microcirculation[tiab] OR thermoregulation[tiab] OR ""cold tolerance""[tiab] OR ""cold exposure""[tiab] OR ""thermal sensation""[tiab] OR ""thermal comfort""[tiab] OR ""cold sensitivity""[tiab] OR ""cold hypersensitivity""[tiab])","honey AND (""body temperature"" OR ""core temperature"" OR ""skin temperature"" OR ""tympanic temperature"" OR ""axillary temperature"" OR ""rectal temperature"" OR ""oral temperature"" OR thermogenesis OR ""thermic effect"" OR ""heat production"" OR ""energy expenditure"" OR ""metabolic rate"" OR ""peripheral circulation"" OR ""blood flow"" OR microcirculation OR thermoregulation OR ""cold tolerance"" OR ""cold exposure"" OR ""thermal sensation"" OR ""thermal comfort"" OR ""cold sensitivity"" OR ""cold hypersensitivity"")",
honey,はちみつ,sensitivity,2,L3,1,,,"honey[tiab] AND (""body temperature""[tiab] OR ""core temperature""[tiab] OR ""skin temperature""[tiab] OR ""tympanic temperature""[tiab] OR ""axillary temperature""[tiab] OR ""rectal temperature""[tiab] OR ""oral temperature""[tiab] OR thermogenesis[tiab] OR ""thermic effect""[tiab] OR ""heat production""[tiab] OR ""energy expenditure""[tiab] OR ""metabolic rate""[tiab] OR ""peripheral circulation""[tiab] OR ""blood flow""[tiab] OR microcirculation[tiab] OR thermoregulation[tiab] OR ""cold tolerance""[tiab] OR ""cold exposure""[tiab] OR ""thermal sensation""[tiab] OR ""thermal comfort""[tiab] OR ""cold sensitivity""[tiab] OR ""cold hypersensitivity""[tiab]) AND ""randomized controlled trial""[pt]",,
horse meat,馬肉,sensitivity,2,L1,245,,144,"""horse meat""[tiab]",,馬肉
horse meat,馬肉,sensitivity,2,L2,1,107,,"""horse meat""[tiab] AND (""body temperature""[tiab] OR ""core temperature""[tiab] OR ""skin temperature""[tiab] OR ""tympanic temperature""[tiab] OR ""axillary temperature""[tiab] OR ""rectal temperature""[tiab] OR ""oral temperature""[tiab] OR thermogenesis[tiab] OR ""thermic effect""[tiab] OR ""heat production""[tiab] OR ""energy expenditure""[tiab] OR ""metabolic rate""[tiab] OR ""peripheral circulation""[tiab] OR ""blood flow""[tiab] OR microcirculation[tiab] OR thermoregulation[tiab] OR ""cold tolerance""[tiab] OR ""cold exposure""[tiab] OR ""thermal sensation""[tiab] OR ""thermal comfort""[tiab] OR ""cold sensitivity""[tiab] OR ""cold hypersensitivity""[tiab])","""horse meat"" AND (""body temperature"" OR ""core temperature"" OR ""skin temperature"" OR ""tympanic temperature"" OR ""axillary temperature"" OR ""rectal temperature"" OR ""oral temperature"" OR thermogenesis OR ""thermic effect"" OR ""heat production"" OR ""energy expenditure"" OR ""metabolic rate"" OR ""peripheral circulation"" OR ""blood flow"" OR microcirculation OR thermoregulation OR ""cold tolerance"" OR ""cold exposure"" OR ""thermal sensation"" OR ""thermal comfort"" OR ""cold sensitivity"" OR ""cold hypersensitivity"")",
horse meat,馬肉,sensitivity,2,L3,0,,,"""horse meat""[tiab] AND (""body temperature""[tiab] OR ""core temperature""[tiab] OR ""skin temperature""[tiab] OR ""tympanic temperature""[tiab] OR ""axillary temperature""[tiab] OR ""rectal temperature""[tiab] OR ""oral temperature""[tiab] OR thermogenesis[tiab] OR ""thermic effect""[tiab] OR ""heat production""[tiab] OR ""energy expenditure""[tiab] OR ""metabolic rate""[tiab] OR ""peripheral circulation""[tiab] OR ""blood flow""[tiab] OR microcirculation[tiab] OR thermoregulation[tiab] OR ""cold tolerance""[tiab] OR ""cold exposure""[tiab] OR ""thermal sensation""[tiab] OR ""thermal comfort""[tiab] OR ""cold sensitivity""[tiab] OR ""cold hypersensitivity""[tiab]) AND ""randomized controlled trial""[pt]",,
mackerel,サバ,sensitivity,2,L1,1749,,61934,mackerel[tiab],,サバ
mackerel,サバ,sensitivity,2,L2,20,1200,,"mackerel[tiab] AND (""body temperature""[tiab] OR ""core temperature""[tiab] OR ""skin temperature""[tiab] OR ""tympanic temperature""[tiab] OR ""axillary temperature""[tiab] OR ""rectal temperature""[tiab] OR ""oral temperature""[tiab] OR thermogenesis[tiab] OR ""thermic effect""[tiab] OR ""heat production""[tiab] OR ""energy expenditure""[tiab] OR ""metabolic rate""[tiab] OR ""peripheral circulation""[tiab] OR ""blood flow""[tiab] OR microcirculation[tiab] OR thermoregulation[tiab] OR ""cold tolerance""[tiab] OR ""cold exposure""[tiab] OR ""thermal sensation""[tiab] OR ""thermal comfort""[tiab] OR ""cold sensitivity""[tiab] OR ""cold hypersensitivity""[tiab])","mackerel AND (""body temperature"" OR ""core temperature"" OR ""skin temperature"" OR ""tympanic temperature"" OR ""axillary temperature"" OR ""rectal temperature"" OR ""oral temperature"" OR thermogenesis OR ""thermic effect"" OR ""heat production"" OR ""energy expenditure"" OR ""metabolic rate"" OR ""peripheral circulation"" OR ""blood flow"" OR microcirculation OR thermoregulation OR ""cold tolerance"" OR ""cold exposure"" OR ""thermal sensation"" OR ""thermal comfort"" OR ""cold sensitivity"" OR ""cold hypersensitivity"")",
mackerel,サバ,sensitivity,2,L3,0,,,"mackerel[tiab] AND (""body temperature""[tiab] OR ""core temperature""[tiab] OR ""skin temperature""[tiab] OR ""tympanic temperature""[tiab] OR ""axillary temperature""[tiab] OR ""rectal temperature""[tiab] OR ""oral temperature""[tiab] OR thermogenesis[tiab] OR ""thermic effect""[tiab] OR ""heat production""[tiab] OR ""energy expenditure""[tiab] OR ""metabolic rate""[tiab] OR ""peripheral circulation""[tiab] OR ""blood flow""[tiab] OR microcirculation[tiab] OR thermoregulation[tiab] OR ""cold tolerance""[tiab] OR ""cold exposure""[tiab] OR ""thermal sensation""[tiab] OR ""thermal comfort""[tiab] OR ""cold sensitivity""[tiab] OR ""cold hypersensitivity""[tiab]) AND ""randomized controlled trial""[pt]",,
mandarin orange,みかん,sensitivity,2,L1,126,,17685,"""mandarin orange""[tiab]",,みかん
mandarin orange,みかん,sensitivity,2,L2,1,65,,"""mandarin orange""[tiab] AND (""body temperature""[tiab] OR ""core temperature""[tiab] OR ""skin temperature""[tiab] OR ""tympanic temperature""[tiab] OR ""axillary temperature""[tiab] OR ""rectal temperature""[tiab] OR ""oral temperature""[tiab] OR thermogenesis[tiab] OR ""thermic effect""[tiab] OR ""heat production""[tiab] OR ""energy expenditure""[tiab] OR ""metabolic rate""[tiab] OR ""peripheral circulation""[tiab] OR ""blood flow""[tiab] OR microcirculation[tiab] OR thermoregulation[tiab] OR ""cold tolerance""[tiab] OR ""cold exposure""[tiab] OR ""thermal sensation""[tiab] OR ""thermal comfort""[tiab] OR ""cold sensitivity""[tiab] OR ""cold hypersensitivity""[tiab])","""mandarin orange"" AND (""body temperature"" OR ""core temperature"" OR ""skin temperature"" OR ""tympanic temperature"" OR ""axillary temperature"" OR ""rectal temperature"" OR ""oral temperature"" OR thermogenesis OR ""thermic effect"" OR ""heat production"" OR ""energy expenditure"" OR ""metabolic rate"" OR ""peripheral circulation"" OR ""blood flow"" OR microcirculation OR thermoregulation OR ""cold tolerance"" OR ""cold exposure"" OR ""thermal sensation"" OR ""thermal comfort"" OR ""cold sensitivity"" OR ""cold hypersensitivity"")",
mandarin orange,みかん,sensitivity,2,L3,0,,,"""mandarin orange""[tiab] AND (""body temperature""[tiab] OR ""core temperature""[tiab] OR ""skin temperature""[tiab] OR ""tympanic temperature""[tiab] OR ""axillary temperature""[tiab] OR ""rectal temperature""[tiab] OR ""oral temperature""[tiab] OR thermogenesis[tiab] OR ""thermic effect""[tiab] OR ""heat production""[tiab] OR ""energy expenditure""[tiab] OR ""metabolic rate""[tiab] OR ""peripheral circulation""[tiab] OR ""blood flow""[tiab] OR microcirculation[tiab] OR thermoregulation[tiab] OR ""cold tolerance""[tiab] OR ""cold exposure""[tiab] OR ""thermal sensation""[tiab] OR ""thermal comfort""[tiab] OR ""cold sensitivity""[tiab] OR ""cold hypersensitivity""[tiab]) AND ""randomized controlled trial""[pt]",,
mugicha,麦茶,sensitivity,2,L1,37,,212,"(mugicha[tiab] OR ""barley tea""[tiab])",,麦茶
mugicha,麦茶,sensitivity,2,L2,3,21,,"(mugicha[tiab] OR ""barley tea""[tiab]) AND (""body temperature""[tiab] OR ""core temperature""[tiab] OR ""skin temperature""[tiab] OR ""tympanic temperature""[tiab] OR ""axillary temperature""[tiab] OR ""rectal temperature""[tiab] OR ""oral temperature""[tiab] OR thermogenesis[tiab] OR ""thermic effect""[tiab] OR ""heat production""[tiab] OR ""energy expenditure""[tiab] OR ""metabolic rate""[tiab] OR ""peripheral circulation""[tiab] OR ""blood flow""[tiab] OR microcirculation[tiab] OR thermoregulation[tiab] OR ""cold tolerance""[tiab] OR ""cold exposure""[tiab] OR ""thermal sensation""[tiab] OR ""thermal comfort""[tiab] OR ""cold sensitivity""[tiab] OR ""cold hypersensitivity""[tiab])","(mugicha OR ""barley tea"") AND (""body temperature"" OR ""core temperature"" OR ""skin temperature"" OR ""tympanic temperature"" OR ""axillary temperature"" OR ""rectal temperature"" OR ""oral temperature"" OR thermogenesis OR ""thermic effect"" OR ""heat production"" OR ""energy expenditure"" OR ""metabolic rate"" OR ""peripheral circulation"" OR ""blood flow"" OR microcirculation OR thermoregulation OR ""cold tolerance"" OR ""cold exposure"" OR ""thermal sensation"" OR ""thermal comfort"" OR ""cold sensitivity"" OR ""cold hypersensitivity"")",
mugicha,麦茶,sensitivity,2,L3,3,,,"(mugicha[tiab] OR ""barley tea""[tiab]) AND (""body temperature""[tiab] OR ""core temperature""[tiab] OR ""skin temperature""[tiab] OR ""tympanic temperature""[tiab] OR ""axillary temperature""[tiab] OR ""rectal temperature""[tiab] OR ""oral temperature""[tiab] OR thermogenesis[tiab] OR ""thermic effect""[tiab] OR ""heat production""[tiab] OR ""energy expenditure""[tiab] OR ""metabolic rate""[tiab] OR ""peripheral circulation""[tiab] OR ""blood flow""[tiab] OR microcirculation[tiab] OR thermoregulation[tiab] OR ""cold tolerance""[tiab] OR ""cold exposure""[tiab] OR ""thermal sensation""[tiab] OR ""thermal comfort""[tiab] OR ""cold sensitivity""[tiab] OR ""cold hypersensitivity""[tiab]) AND ""randomized controlled trial""[pt]",,
orange,オレンジ,sensitivity,2,L1,44647,,6070,orange[tiab],,オレンジ
orange,オレンジ,sensitivity,2,L2,262,27274,,"orange[tiab] AND (""body temperature""[tiab] OR ""core temperature""[tiab] OR ""skin temperature""[tiab] OR ""tympanic temperature""[tiab] OR ""axillary temperature""[tiab] OR ""rectal temperature""[tiab] OR ""oral temperature""[tiab] OR thermogenesis[tiab] OR ""thermic effect""[tiab] OR ""heat production""[tiab] OR ""energy expenditure""[tiab] OR ""metabolic rate""[tiab] OR ""peripheral circulation""[tiab] OR ""blood flow""[tiab] OR microcirculation[tiab] OR thermoregulation[tiab] OR ""cold tolerance""[tiab] OR ""cold exposure""[tiab] OR ""thermal sensation""[tiab] OR ""thermal comfort""[tiab] OR ""cold sensitivity""[tiab] OR ""cold hypersensitivity""[tiab])","orange AND (""body temperature"" OR ""core temperature"" OR ""skin temperature"" OR ""tympanic temperature"" OR ""axillary temperature"" OR ""rectal temperature"" OR ""oral temperature"" OR thermogenesis OR ""thermic effect"" OR ""heat production"" OR ""energy expenditure"" OR ""metabolic rate"" OR ""peripheral circulation"" OR ""blood flow"" OR microcirculation OR thermoregulation OR ""cold tolerance"" OR ""cold exposure"" OR ""thermal sensation"" OR ""thermal comfort"" OR ""cold sensitivity"" OR ""cold hypersensitivity"")",
orange,オレンジ,sensitivity,2,L3,19,,,"orange[tiab] AND (""body temperature""[tiab] OR ""core temperature""[tiab] OR ""skin temperature""[tiab] OR ""tympanic temperature""[tiab] OR ""axillary temperature""[tiab] OR ""rectal temperature""[tiab] OR ""oral temperature""[tiab] OR thermogenesis[tiab] OR ""thermic effect""[tiab] OR ""heat production""[tiab] OR ""energy expenditure""[tiab] OR ""metabolic rate""[tiab] OR ""peripheral circulation""[tiab] OR ""blood flow""[tiab] OR microcirculation[tiab] OR thermoregulation[tiab] OR ""cold tolerance""[tiab] OR ""cold exposure""[tiab] OR ""thermal sensation""[tiab] OR ""thermal comfort""[tiab] OR ""cold sensitivity""[tiab] OR ""cold hypersensitivity""[tiab]) AND ""randomized controlled trial""[pt]",,
oyster,牡蠣,sensitivity,2,L1,8919,,1086,oyster[tiab],,牡蠣
oyster,牡蠣,sensitivity,2,L2,45,2329,,"oyster[tiab] AND (""body temperature""[tiab] OR ""core temperature""[tiab] OR ""skin temperature""[tiab] OR ""tympanic temperature""[tiab] OR ""axillary temperature""[tiab] OR ""rectal temperature""[tiab] OR ""oral temperature""[tiab] OR thermogenesis[tiab] OR ""thermic effect""[tiab] OR ""heat production""[tiab] OR ""energy expenditure""[tiab] OR ""metabolic rate""[tiab] OR ""peripheral circulation""[tiab] OR ""blood flow""[tiab] OR microcirculation[tiab] OR thermoregulation[tiab] OR ""cold tolerance""[tiab] OR ""cold exposure""[tiab] OR ""thermal sensation""[tiab] OR ""thermal comfort""[tiab] OR ""cold sensitivity""[tiab] OR ""cold hypersensitivity""[tiab])","oyster AND (""body temperature"" OR ""core temperature"" OR ""skin temperature"" OR ""tympanic temperature"" OR ""axillary temperature"" OR ""rectal temperature"" OR ""oral temperature"" OR thermogenesis OR ""thermic effect"" OR ""heat production"" OR ""energy expenditure"" OR ""metabolic rate"" OR ""peripheral circulation"" OR ""blood flow"" OR microcirculation OR thermoregulation OR ""cold tolerance"" OR ""cold exposure"" OR ""thermal sensation"" OR ""thermal comfort"" OR ""cold sensitivity"" OR ""cold hypersensitivity"")",
oyster,牡蠣,sensitivity,2,L3,0,,,"oyster[tiab] AND (""body temperature""[tiab] OR ""core temperature""[tiab] OR ""skin temperature""[tiab] OR ""tympanic temperature""[tiab] OR ""axillary temperature""[tiab] OR ""rectal temperature""[tiab] OR ""oral temperature""[tiab] OR thermogenesis[tiab] OR ""thermic effect""[tiab] OR ""heat production""[tiab] OR ""energy expenditure""[tiab] OR ""metabolic rate""[tiab] OR ""peripheral circulation""[tiab] OR ""blood flow""[tiab] OR microcirculation[tiab] OR thermoregulation[tiab] OR ""cold tolerance""[tiab] OR ""cold exposure""[tiab] OR ""thermal sensation""[tiab] OR ""thermal comfort""[tiab] OR ""cold sensitivity""[tiab] OR ""cold hypersensitivity""[tiab]) AND ""randomized controlled trial""[pt]",,
pepper,黒胡椒,sensitivity,2,L1,11730,,40,pepper[tiab],,黒胡椒
pepper,黒胡椒,sensitivity,2,L2,144,6459,,"pepper[tiab] AND (""body temperature""[tiab] OR ""core temperature""[tiab] OR ""skin temperature""[tiab] OR ""tympanic temperature""[tiab] OR ""axillary temperature""[tiab] OR ""rectal temperature""[tiab] OR ""oral temperature""[tiab] OR thermogenesis[tiab] OR ""thermic effect""[tiab] OR ""heat production""[tiab] OR ""energy expenditure""[tiab] OR ""metabolic rate""[tiab] OR ""peripheral circulation""[tiab] OR ""blood flow""[tiab] OR microcirculation[tiab] OR thermoregulation[tiab] OR ""cold tolerance""[tiab] OR ""cold exposure""[tiab] OR ""thermal sensation""[tiab] OR ""thermal comfort""[tiab] OR ""cold sensitivity""[tiab] OR ""cold hypersensitivity""[tiab])","pepper AND (""body temperature"" OR ""core temperature"" OR ""skin temperature"" OR ""tympanic temperature"" OR ""axillary temperature"" OR ""rectal temperature"" OR ""oral temperature"" OR thermogenesis OR ""thermic effect"" OR ""heat production"" OR ""energy expenditure"" OR ""metabolic rate"" OR ""peripheral circulation"" OR ""blood flow"" OR microcirculation OR thermoregulation OR ""cold tolerance"" OR ""cold exposure"" OR ""thermal sensation"" OR ""thermal comfort"" OR ""cold sensitivity"" OR ""cold hypersensitivity"")",
pepper,黒胡椒,sensitivity,2,L3,11,,,"pepper[tiab] AND (""body temperature""[tiab] OR ""core temperature""[tiab] OR ""skin temperature""[tiab] OR ""tympanic temperature""[tiab] OR ""axillary temperature""[tiab] OR ""rectal temperature""[tiab] OR ""oral temperature""[tiab] OR thermogenesis[tiab] OR ""thermic effect""[tiab] OR ""heat production""[tiab] OR ""energy expenditure""[tiab] OR ""metabolic rate""[tiab] OR ""peripheral circulation""[tiab] OR ""blood flow""[tiab] OR microcirculation[tiab] OR thermoregulation[tiab] OR ""cold tolerance""[tiab] OR ""cold exposure""[tiab] OR ""thermal sensation""[tiab] OR ""thermal comfort""[tiab] OR ""cold sensitivity""[tiab] OR ""cold hypersensitivity""[tiab]) AND ""randomized controlled trial""[pt]",,
pork liver,レバー,sensitivity,2,L1,257,,224415,"""pork liver""[tiab]",,レバー
pork liver,レバー,sensitivity,2,L2,3,81,,"""pork liver""[tiab] AND (""body temperature""[tiab] OR ""core temperature""[tiab] OR ""skin temperature""[tiab] OR ""tympanic temperature""[tiab] OR ""axillary temperature""[tiab] OR ""rectal temperature""[tiab] OR ""oral temperature""[tiab] OR thermogenesis[tiab] OR ""thermic effect""[tiab] OR ""heat production""[tiab] OR ""energy expenditure""[tiab] OR ""metabolic rate""[tiab] OR ""peripheral circulation""[tiab] OR ""blood flow""[tiab] OR microcirculation[tiab] OR thermoregulation[tiab] OR ""cold tolerance""[tiab] OR ""cold exposure""[tiab] OR ""thermal sensation""[tiab] OR ""thermal comfort""[tiab] OR ""cold sensitivity""[tiab] OR ""cold hypersensitivity""[tiab])","""pork liver"" AND (""body temperature"" OR ""core temperature"" OR ""skin temperature"" OR ""tympanic temperature"" OR ""axillary temperature"" OR ""rectal temperature"" OR ""oral temperature"" OR thermogenesis OR ""thermic effect"" OR ""heat production"" OR ""energy expenditure"" OR ""metabolic rate"" OR ""peripheral circulation"" OR ""blood flow"" OR microcirculation OR thermoregulation OR ""cold tolerance"" OR ""cold exposure"" OR ""thermal sensation"" OR ""thermal comfort"" OR ""cold sensitivity"" OR ""cold hypersensitivity"")",
pork liver,レバー,sensitivity,2,L3,0,,,"""pork liver""[tiab] AND (""body temperature""[tiab] OR ""core temperature""[tiab] OR ""skin temperature""[tiab] OR ""tympanic temperature""[tiab] OR ""axillary temperature""[tiab] OR ""rectal temperature""[tiab] OR ""oral temperature""[tiab] OR thermogenesis[tiab] OR ""thermic effect""[tiab] OR ""heat production""[tiab] OR ""energy expenditure""[tiab] OR ""metabolic rate""[tiab] OR ""peripheral circulation""[tiab] OR ""blood flow""[tiab] OR microcirculation[tiab] OR thermoregulation[tiab] OR ""cold tolerance""[tiab] OR ""cold exposure""[tiab] OR ""thermal sensation""[tiab] OR ""thermal comfort""[tiab] OR ""cold sensitivity""[tiab] OR ""cold hypersensitivity""[tiab]) AND ""randomized controlled trial""[pt]",,
sardine,イワシ,sensitivity,2,L1,919,,10576,sardine[tiab],,イワシ
sardine,イワシ,sensitivity,2,L2,6,928,,"sardine[tiab] AND (""body temperature""[tiab] OR ""core temperature""[tiab] OR ""skin temperature""[tiab] OR ""tympanic temperature""[tiab] OR ""axillary temperature""[tiab] OR ""rectal temperature""[tiab] OR ""oral temperature""[tiab] OR thermogenesis[tiab] OR ""thermic effect""[tiab] OR ""heat production""[tiab] OR ""energy expenditure""[tiab] OR ""metabolic rate""[tiab] OR ""peripheral circulation""[tiab] OR ""blood flow""[tiab] OR microcirculation[tiab] OR thermoregulation[tiab] OR ""cold tolerance""[tiab] OR ""cold exposure""[tiab] OR ""thermal sensation""[tiab] OR ""thermal comfort""[tiab] OR ""cold sensitivity""[tiab] OR ""cold hypersensitivity""[tiab])","sardine AND (""body temperature"" OR ""core temperature"" OR ""skin temperature"" OR ""tympanic temperature"" OR ""axillary temperature"" OR ""rectal temperature"" OR ""oral temperature"" OR thermogenesis OR ""thermic effect"" OR ""heat production"" OR ""energy expenditure"" OR ""metabolic rate"" OR ""peripheral circulation"" OR ""blood flow"" OR microcirculation OR thermoregulation OR ""cold tolerance"" OR ""cold exposure"" OR ""thermal sensation"" OR ""thermal comfort"" OR ""cold sensitivity"" OR ""cold hypersensitivity"")",
sardine,イワシ,sensitivity,2,L3,0,,,"sardine[tiab] AND (""body temperature""[tiab] OR ""core temperature""[tiab] OR ""skin temperature""[tiab] OR ""tympanic temperature""[tiab] OR ""axillary temperature""[tiab] OR ""rectal temperature""[tiab] OR ""oral temperature""[tiab] OR thermogenesis[tiab] OR ""thermic effect""[tiab] OR ""heat production""[tiab] OR ""energy expenditure""[tiab] OR ""metabolic rate""[tiab] OR ""peripheral circulation""[tiab] OR ""blood flow""[tiab] OR microcirculation[tiab] OR thermoregulation[tiab] OR ""cold tolerance""[tiab] OR ""cold exposure""[tiab] OR ""thermal sensation""[tiab] OR ""thermal comfort""[tiab] OR ""cold sensitivity""[tiab] OR ""cold hypersensitivity""[tiab]) AND ""randomized controlled trial""[pt]",,
sesame,ごま,sensitivity,2,L1,5128,,19054,sesame[tiab],,ごま
sesame,ごま,sensitivity,2,L2,33,1702,,"sesame[tiab] AND (""body temperature""[tiab] OR ""core temperature""[tiab] OR ""skin temperature""[tiab] OR ""tympanic temperature""[tiab] OR ""axillary temperature""[tiab] OR ""rectal temperature""[tiab] OR ""oral temperature""[tiab] OR thermogenesis[tiab] OR ""thermic effect""[tiab] OR ""heat production""[tiab] OR ""energy expenditure""[tiab] OR ""metabolic rate""[tiab] OR ""peripheral circulation""[tiab] OR ""blood flow""[tiab] OR microcirculation[tiab] OR thermoregulation[tiab] OR ""cold tolerance""[tiab] OR ""cold exposure""[tiab] OR ""thermal sensation""[tiab] OR ""thermal comfort""[tiab] OR ""cold sensitivity""[tiab] OR ""cold hypersensitivity""[tiab])","sesame AND (""body temperature"" OR ""core temperature"" OR ""skin temperature"" OR ""tympanic temperature"" OR ""axillary temperature"" OR ""rectal temperature"" OR ""oral temperature"" OR thermogenesis OR ""thermic effect"" OR ""heat production"" OR ""energy expenditure"" OR ""metabolic rate"" OR ""peripheral circulation"" OR ""blood flow"" OR microcirculation OR thermoregulation OR ""cold tolerance"" OR ""cold exposure"" OR ""thermal sensation"" OR ""thermal comfort"" OR ""cold sensitivity"" OR ""cold hypersensitivity"")",
sesame,ごま,sensitivity,2,L3,3,,,"sesame[tiab] AND (""body temperature""[tiab] OR ""core temperature""[tiab] OR ""skin temperature""[tiab] OR ""tympanic temperature""[tiab] OR ""axillary temperature""[tiab] OR ""rectal temperature""[tiab] OR ""oral temperature""[tiab] OR thermogenesis[tiab] OR ""thermic effect""[tiab] OR ""heat production""[tiab] OR ""energy expenditure""[tiab] OR ""metabolic rate""[tiab] OR ""peripheral circulation""[tiab] OR ""blood flow""[tiab] OR microcirculation[tiab] OR thermoregulation[tiab] OR ""cold tolerance""[tiab] OR ""cold exposure""[tiab] OR ""thermal sensation""[tiab] OR ""thermal comfort""[tiab] OR ""cold sensitivity""[tiab] OR ""cold hypersensitivity""[tiab]) AND ""randomized controlled trial""[pt]",,
shrimp,エビ,sensitivity,2,L1,17962,,55519,shrimp[tiab],,エビ
shrimp,エビ,sensitivity,2,L2,60,3818,,"shrimp[tiab] AND (""body temperature""[tiab] OR ""core temperature""[tiab] OR ""skin temperature""[tiab] OR ""tympanic temperature""[tiab] OR ""axillary temperature""[tiab] OR ""rectal temperature""[tiab] OR ""oral temperature""[tiab] OR thermogenesis[tiab] OR ""thermic effect""[tiab] OR ""heat production""[tiab] OR ""energy expenditure""[tiab] OR ""metabolic rate""[tiab] OR ""peripheral circulation""[tiab] OR ""blood flow""[tiab] OR microcirculation[tiab] OR thermoregulation[tiab] OR ""cold tolerance""[tiab] OR ""cold exposure""[tiab] OR ""thermal sensation""[tiab] OR ""thermal comfort""[tiab] OR ""cold sensitivity""[tiab] OR ""cold hypersensitivity""[tiab])","shrimp AND (""body temperature"" OR ""core temperature"" OR ""skin temperature"" OR ""tympanic temperature"" OR ""axillary temperature"" OR ""rectal temperature"" OR ""oral temperature"" OR thermogenesis OR ""thermic effect"" OR ""heat production"" OR ""energy expenditure"" OR ""metabolic rate"" OR ""peripheral circulation"" OR ""blood flow"" OR microcirculation OR thermoregulation OR ""cold tolerance"" OR ""cold exposure"" OR ""thermal sensation"" OR ""thermal comfort"" OR ""cold sensitivity"" OR ""cold hypersensitivity"")",
shrimp,エビ,sensitivity,2,L3,0,,,"shrimp[tiab] AND (""body temperature""[tiab] OR ""core temperature""[tiab] OR ""skin temperature""[tiab] OR ""tympanic temperature""[tiab] OR ""axillary temperature""[tiab] OR ""rectal temperature""[tiab] OR ""oral temperature""[tiab] OR thermogenesis[tiab] OR ""thermic effect""[tiab] OR ""heat production""[tiab] OR ""energy expenditure""[tiab] OR ""metabolic rate""[tiab] OR ""peripheral circulation""[tiab] OR ""blood flow""[tiab] OR microcirculation[tiab] OR thermoregulation[tiab] OR ""cold tolerance""[tiab] OR ""cold exposure""[tiab] OR ""thermal sensation""[tiab] OR ""thermal comfort""[tiab] OR ""cold sensitivity""[tiab] OR ""cold hypersensitivity""[tiab]) AND ""randomized controlled trial""[pt]",,
tsukemono,たくあん,sensitivity,2,L1,27,,733,"(tsukemono[tiab] OR ""Japanese pickles""[tiab])",,たくあん
tsukemono,たくあん,sensitivity,2,L2,0,9,,"(tsukemono[tiab] OR ""Japanese pickles""[tiab]) AND (""body temperature""[tiab] OR ""core temperature""[tiab] OR ""skin temperature""[tiab] OR ""tympanic temperature""[tiab] OR ""axillary temperature""[tiab] OR ""rectal temperature""[tiab] OR ""oral temperature""[tiab] OR thermogenesis[tiab] OR ""thermic effect""[tiab] OR ""heat production""[tiab] OR ""energy expenditure""[tiab] OR ""metabolic rate""[tiab] OR ""peripheral circulation""[tiab] OR ""blood flow""[tiab] OR microcirculation[tiab] OR thermoregulation[tiab] OR ""cold tolerance""[tiab] OR ""cold exposure""[tiab] OR ""thermal sensation""[tiab] OR ""thermal comfort""[tiab] OR ""cold sensitivity""[tiab] OR ""cold hypersensitivity""[tiab])","(tsukemono OR ""Japanese pickles"") AND (""body temperature"" OR ""core temperature"" OR ""skin temperature"" OR ""tympanic temperature"" OR ""axillary temperature"" OR ""rectal temperature"" OR ""oral temperature"" OR thermogenesis OR ""thermic effect"" OR ""heat production"" OR ""energy expenditure"" OR ""metabolic rate"" OR ""peripheral circulation"" OR ""blood flow"" OR microcirculation OR thermoregulation OR ""cold tolerance"" OR ""cold exposure"" OR ""thermal sensation"" OR ""thermal comfort"" OR ""cold sensitivity"" OR ""cold hypersensitivity"")",
tsukemono,たくあん,sensitivity,2,L3,0,,,"(tsukemono[tiab] OR ""Japanese pickles""[tiab]) AND (""body temperature""[tiab] OR ""core temperature""[tiab] OR ""skin temperature""[tiab] OR ""tympanic temperature""[tiab] OR ""axillary temperature""[tiab] OR ""rectal temperature""[tiab] OR ""oral temperature""[tiab] OR thermogenesis[tiab] OR ""thermic effect""[tiab] OR ""heat production""[tiab] OR ""energy expenditure""[tiab] OR ""metabolic rate""[tiab] OR ""peripheral circulation""[tiab] OR ""blood flow""[tiab] OR microcirculation[tiab] OR thermoregulation[tiab] OR ""cold tolerance""[tiab] OR ""cold exposure""[tiab] OR ""thermal sensation""[tiab] OR ""thermal comfort""[tiab] OR ""cold sensitivity""[tiab] OR ""cold hypersensitivity""[tiab]) AND ""randomized controlled trial""[pt]",,
walnut,くるみ,sensitivity,2,L1,4061,,3484,walnut[tiab],,くるみ
walnut,くるみ,sensitivity,2,L2,27,1823,,"walnut[tiab] AND (""body temperature""[tiab] OR ""core temperature""[tiab] OR ""skin temperature""[tiab] OR ""tympanic temperature""[tiab] OR ""axillary temperature""[tiab] OR ""rectal temperature""[tiab] OR ""oral temperature""[tiab] OR thermogenesis[tiab] OR ""thermic effect""[tiab] OR ""heat production""[tiab] OR ""energy expenditure""[tiab] OR ""metabolic rate""[tiab] OR ""peripheral circulation""[tiab] OR ""blood flow""[tiab] OR microcirculation[tiab] OR thermoregulation[tiab] OR ""cold tolerance""[tiab] OR ""cold exposure""[tiab] OR ""thermal sensation""[tiab] OR ""thermal comfort""[tiab] OR ""cold sensitivity""[tiab] OR ""cold hypersensitivity""[tiab])","walnut AND (""body temperature"" OR ""core temperature"" OR ""skin temperature"" OR ""tympanic temperature"" OR ""axillary temperature"" OR ""rectal temperature"" OR ""oral temperature"" OR thermogenesis OR ""thermic effect"" OR ""heat production"" OR ""energy expenditure"" OR ""metabolic rate"" OR ""peripheral circulation"" OR ""blood flow"" OR microcirculation OR thermoregulation OR ""cold tolerance"" OR ""cold exposure"" OR ""thermal sensation"" OR ""thermal comfort"" OR ""cold sensitivity"" OR ""cold hypersensitivity"")",
walnut,くるみ,sensitivity,2,L3,2,,,"walnut[tiab] AND (""body temperature""[tiab] OR ""core temperature""[tiab] OR ""skin temperature""[tiab] OR ""tympanic temperature""[tiab] OR ""axillary temperature""[tiab] OR ""rectal temperature""[tiab] OR ""oral temperature""[tiab] OR thermogenesis[tiab] OR ""thermic effect""[tiab] OR ""heat production""[tiab] OR ""energy expenditure""[tiab] OR ""metabolic rate""[tiab] OR ""peripheral circulation""[tiab] OR ""blood flow""[tiab] OR microcirculation[tiab] OR thermoregulation[tiab] OR ""cold tolerance""[tiab] OR ""cold exposure""[tiab] OR ""thermal sensation""[tiab] OR ""thermal comfort""[tiab] OR ""cold sensitivity""[tiab] OR ""cold hypersensitivity""[tiab]) AND ""randomized controlled trial""[pt]",,
white fish,白身の魚,sensitivity,2,L1,185,,30,"""white fish""[tiab]",,白身の魚
white fish,白身の魚,sensitivity,2,L2,1,101,,"""white fish""[tiab] AND (""body temperature""[tiab] OR ""core temperature""[tiab] OR ""skin temperature""[tiab] OR ""tympanic temperature""[tiab] OR ""axillary temperature""[tiab] OR ""rectal temperature""[tiab] OR ""oral temperature""[tiab] OR thermogenesis[tiab] OR ""thermic effect""[tiab] OR ""heat production""[tiab] OR ""energy expenditure""[tiab] OR ""metabolic rate""[tiab] OR ""peripheral circulation""[tiab] OR ""blood flow""[tiab] OR microcirculation[tiab] OR thermoregulation[tiab] OR ""cold tolerance""[tiab] OR ""cold exposure""[tiab] OR ""thermal sensation""[tiab] OR ""thermal comfort""[tiab] OR ""cold sensitivity""[tiab] OR ""cold hypersensitivity""[tiab])","""white fish"" AND (""body temperature"" OR ""core temperature"" OR ""skin temperature"" OR ""tympanic temperature"" OR ""axillary temperature"" OR ""rectal temperature"" OR ""oral temperature"" OR thermogenesis OR ""thermic effect"" OR ""heat production"" OR ""energy expenditure"" OR ""metabolic rate"" OR ""peripheral circulation"" OR ""blood flow"" OR microcirculation OR thermoregulation OR ""cold tolerance"" OR ""cold exposure"" OR ""thermal sensation"" OR ""thermal comfort"" OR ""cold sensitivity"" OR ""cold hypersensitivity"")",
white fish,白身の魚,sensitivity,2,L3,0,,,"""white fish""[tiab] AND (""body temperature""[tiab] OR ""core temperature""[tiab] OR ""skin temperature""[tiab] OR ""tympanic temperature""[tiab] OR ""axillary temperature""[tiab] OR ""rectal temperature""[tiab] OR ""oral temperature""[tiab] OR thermogenesis[tiab] OR ""thermic effect""[tiab] OR ""heat production""[tiab] OR ""energy expenditure""[tiab] OR ""metabolic rate""[tiab] OR ""peripheral circulation""[tiab] OR ""blood flow""[tiab] OR microcirculation[tiab] OR thermoregulation[tiab] OR ""cold tolerance""[tiab] OR ""cold exposure""[tiab] OR ""thermal sensation""[tiab] OR ""thermal comfort""[tiab] OR ""cold sensitivity""[tiab] OR ""cold hypersensitivity""[tiab]) AND ""randomized controlled trial""[pt]",,
whole grain bread,全粒粉の天然酵母パン,sensitivity,2,L1,191,,0,"""whole grain bread""[tiab]",,全粒粉の天然酵母パン
whole grain bread,全粒粉の天然酵母パン,sensitivity,2,L2,3,134,,"""whole grain bread""[tiab] AND (""body temperature""[tiab] OR ""core temperature""[tiab] OR ""skin temperature""[tiab] OR ""tympanic temperature""[tiab] OR ""axillary temperature""[tiab] OR ""rectal temperature""[tiab] OR ""oral temperature""[tiab] OR thermogenesis[tiab] OR ""thermic effect""[tiab] OR ""heat production""[tiab] OR ""energy expenditure""[tiab] OR ""metabolic rate""[tiab] OR ""peripheral circulation""[tiab] OR ""blood flow""[tiab] OR microcirculation[tiab] OR thermoregulation[tiab] OR ""cold tolerance""[tiab] OR ""cold exposure""[tiab] OR ""thermal sensation""[tiab] OR ""thermal comfort""[tiab] OR ""cold sensitivity""[tiab] OR ""cold hypersensitivity""[tiab])","""whole grain bread"" AND (""body temperature"" OR ""core temperature"" OR ""skin temperature"" OR ""tympanic temperature"" OR ""axillary temperature"" OR ""rectal temperature"" OR ""oral temperature"" OR thermogenesis OR ""thermic effect"" OR ""heat production"" OR ""energy expenditure"" OR ""metabolic rate"" OR ""peripheral circulation"" OR ""blood flow"" OR microcirculation OR thermoregulation OR ""cold tolerance"" OR ""cold exposure"" OR ""thermal sensation"" OR ""thermal comfort"" OR ""cold sensitivity"" OR ""cold hypersensitivity"")",
whole grain bread,全粒粉の天然酵母パン,sensitivity,2,L3,1,,,"""whole grain bread""[tiab] AND (""body temperature""[tiab] OR ""core temperature""[tiab] OR ""skin temperature""[tiab] OR ""tympanic temperature""[tiab] OR ""axillary temperature""[tiab] OR ""rectal temperature""[tiab] OR ""oral temperature""[tiab] OR thermogenesis[tiab] OR ""thermic effect""[tiab] OR ""heat production""[tiab] OR ""energy expenditure""[tiab] OR ""metabolic rate""[tiab] OR ""peripheral circulation""[tiab] OR ""blood flow""[tiab] OR microcirculation[tiab] OR thermoregulation[tiab] OR ""cold tolerance""[tiab] OR ""cold exposure""[tiab] OR ""thermal sensation""[tiab] OR ""thermal comfort""[tiab] OR ""cold sensitivity""[tiab] OR ""cold hypersensitivity""[tiab]) AND ""randomized controlled trial""[pt]",,
yam,山芋,sensitivity,2,L1,1886,,121,yam[tiab],,山芋
yam,山芋,sensitivity,2,L2,12,2181,,"yam[tiab] AND (""body temperature""[tiab] OR ""core temperature""[tiab] OR ""skin temperature""[tiab] OR ""tympanic temperature""[tiab] OR ""axillary temperature""[tiab] OR ""rectal temperature""[tiab] OR ""oral temperature""[tiab] OR thermogenesis[tiab] OR ""thermic effect""[tiab] OR ""heat production""[tiab] OR ""energy expenditure""[tiab] OR ""metabolic rate""[tiab] OR ""peripheral circulation""[tiab] OR ""blood flow""[tiab] OR microcirculation[tiab] OR thermoregulation[tiab] OR ""cold tolerance""[tiab] OR ""cold exposure""[tiab] OR ""thermal sensation""[tiab] OR ""thermal comfort""[tiab] OR ""cold sensitivity""[tiab] OR ""cold hypersensitivity""[tiab])","yam AND (""body temperature"" OR ""core temperature"" OR ""skin temperature"" OR ""tympanic temperature"" OR ""axillary temperature"" OR ""rectal temperature"" OR ""oral temperature"" OR thermogenesis OR ""thermic effect"" OR ""heat production"" OR ""energy expenditure"" OR ""metabolic rate"" OR ""peripheral circulation"" OR ""blood flow"" OR microcirculation OR thermoregulation OR ""cold tolerance"" OR ""cold exposure"" OR ""thermal sensation"" OR ""thermal comfort"" OR ""cold sensitivity"" OR ""cold hypersensitivity"")",
yam,山芋,sensitivity,2,L3,0,,,"yam[tiab] AND (""body temperature""[tiab] OR ""core temperature""[tiab] OR ""skin temperature""[tiab] OR ""tympanic temperature""[tiab] OR ""axillary temperature""[tiab] OR ""rectal temperature""[tiab] OR ""oral temperature""[tiab] OR thermogenesis[tiab] OR ""thermic effect""[tiab] OR ""heat production""[tiab] OR ""energy expenditure""[tiab] OR ""metabolic rate""[tiab] OR ""peripheral circulation""[tiab] OR ""blood flow""[tiab] OR microcirculation[tiab] OR thermoregulation[tiab] OR ""cold tolerance""[tiab] OR ""cold exposure""[tiab] OR ""thermal sensation""[tiab] OR ""thermal comfort""[tiab] OR ""cold sensitivity""[tiab] OR ""cold hypersensitivity""[tiab]) AND ""randomized controlled trial""[pt]",,
bell pepper,パプリカ,sensitivity,2,L1,627,,448,"""bell pepper""[tiab]",,パプリカ
bell pepper,パプリカ,sensitivity,2,L2,4,268,,"""bell pepper""[tiab] AND (""body temperature""[tiab] OR ""core temperature""[tiab] OR ""skin temperature""[tiab] OR ""tympanic temperature""[tiab] OR ""axillary temperature""[tiab] OR ""rectal temperature""[tiab] OR ""oral temperature""[tiab] OR thermogenesis[tiab] OR ""thermic effect""[tiab] OR ""heat production""[tiab] OR ""energy expenditure""[tiab] OR ""metabolic rate""[tiab] OR ""peripheral circulation""[tiab] OR ""blood flow""[tiab] OR microcirculation[tiab] OR thermoregulation[tiab] OR ""cold tolerance""[tiab] OR ""cold exposure""[tiab] OR ""thermal sensation""[tiab] OR ""thermal comfort""[tiab] OR ""cold sensitivity""[tiab] OR ""cold hypersensitivity""[tiab])","""bell pepper"" AND (""body temperature"" OR ""core temperature"" OR ""skin temperature"" OR ""tympanic temperature"" OR ""axillary temperature"" OR ""rectal temperature"" OR ""oral temperature"" OR thermogenesis OR ""thermic effect"" OR ""heat production"" OR ""energy expenditure"" OR ""metabolic rate"" OR ""peripheral circulation"" OR ""blood flow"" OR microcirculation OR thermoregulation OR ""cold tolerance"" OR ""cold exposure"" OR ""thermal sensation"" OR ""thermal comfort"" OR ""cold sensitivity"" OR ""cold hypersensitivity"")",
bell pepper,パプリカ,sensitivity,2,L3,0,,,"""bell pepper""[tiab] AND (""body temperature""[tiab] OR ""core temperature""[tiab] OR ""skin temperature""[tiab] OR ""tympanic temperature""[tiab] OR ""axillary temperature""[tiab] OR ""rectal temperature""[tiab] OR ""oral temperature""[tiab] OR thermogenesis[tiab] OR ""thermic effect""[tiab] OR ""heat production""[tiab] OR ""energy expenditure""[tiab] OR ""metabolic rate""[tiab] OR ""peripheral circulation""[tiab] OR ""blood flow""[tiab] OR microcirculation[tiab] OR thermoregulation[tiab] OR ""cold tolerance""[tiab] OR ""cold exposure""[tiab] OR ""thermal sensation""[tiab] OR ""thermal comfort""[tiab] OR ""cold sensitivity""[tiab] OR ""cold hypersensitivity""[tiab]) AND ""randomized controlled trial""[pt]",,
duck meat,鴨,sensitivity,2,L1,300,,23442,"""duck meat""[tiab]",,鴨
duck meat,鴨,sensitivity,2,L2,1,121,,"""duck meat""[tiab] AND (""body temperature""[tiab] OR ""core temperature""[tiab] OR ""skin temperature""[tiab] OR ""tympanic temperature""[tiab] OR ""axillary temperature""[tiab] OR ""rectal temperature""[tiab] OR ""oral temperature""[tiab] OR thermogenesis[tiab] OR ""thermic effect""[tiab] OR ""heat production""[tiab] OR ""energy expenditure""[tiab] OR ""metabolic rate""[tiab] OR ""peripheral circulation""[tiab] OR ""blood flow""[tiab] OR microcirculation[tiab] OR thermoregulation[tiab] OR ""cold tolerance""[tiab] OR ""cold exposure""[tiab] OR ""thermal sensation""[tiab] OR ""thermal comfort""[tiab] OR ""cold sensitivity""[tiab] OR ""cold hypersensitivity""[tiab])","""duck meat"" AND (""body temperature"" OR ""core temperature"" OR ""skin temperature"" OR ""tympanic temperature"" OR ""axillary temperature"" OR ""rectal temperature"" OR ""oral temperature"" OR thermogenesis OR ""thermic effect"" OR ""heat production"" OR ""energy expenditure"" OR ""metabolic rate"" OR ""peripheral circulation"" OR ""blood flow"" OR microcirculation OR thermoregulation OR ""cold tolerance"" OR ""cold exposure"" OR ""thermal sensation"" OR ""thermal comfort"" OR ""cold sensitivity"" OR ""cold hypersensitivity"")",
duck meat,鴨,sensitivity,2,L3,0,,,"""duck meat""[tiab] AND (""body temperature""[tiab] OR ""core temperature""[tiab] OR ""skin temperature""[tiab] OR ""tympanic temperature""[tiab] OR ""axillary temperature""[tiab] OR ""rectal temperature""[tiab] OR ""oral temperature""[tiab] OR thermogenesis[tiab] OR ""thermic effect""[tiab] OR ""heat production""[tiab] OR ""energy expenditure""[tiab] OR ""metabolic rate""[tiab] OR ""peripheral circulation""[tiab] OR ""blood flow""[tiab] OR microcirculation[tiab] OR thermoregulation[tiab] OR ""cold tolerance""[tiab] OR ""cold exposure""[tiab] OR ""thermal sensation""[tiab] OR ""thermal comfort""[tiab] OR ""cold sensitivity""[tiab] OR ""cold hypersensitivity""[tiab]) AND ""randomized controlled trial""[pt]",,
rapeseed oil,なたね油,sensitivity,2,L1,1896,,338,"""rapeseed oil""[tiab]",,なたね油
rapeseed oil,なたね油,sensitivity,2,L2,14,546,,"""rapeseed oil""[tiab] AND (""body temperature""[tiab] OR ""core temperature""[tiab] OR ""skin temperature""[tiab] OR ""tympanic temperature""[tiab] OR ""axillary temperature""[tiab] OR ""rectal temperature""[tiab] OR ""oral temperature""[tiab] OR thermogenesis[tiab] OR ""thermic effect""[tiab] OR ""heat production""[tiab] OR ""energy expenditure""[tiab] OR ""metabolic rate""[tiab] OR ""peripheral circulation""[tiab] OR ""blood flow""[tiab] OR microcirculation[tiab] OR thermoregulation[tiab] OR ""cold tolerance""[tiab] OR ""cold exposure""[tiab] OR ""thermal sensation""[tiab] OR ""thermal comfort""[tiab] OR ""cold sensitivity""[tiab] OR ""cold hypersensitivity""[tiab])","""rapeseed oil"" AND (""body temperature"" OR ""core temperature"" OR ""skin temperature"" OR ""tympanic temperature"" OR ""axillary temperature"" OR ""rectal temperature"" OR ""oral temperature"" OR thermogenesis OR ""thermic effect"" OR ""heat production"" OR ""energy expenditure"" OR ""metabolic rate"" OR ""peripheral circulation"" OR ""blood flow"" OR microcirculation OR thermoregulation OR ""cold tolerance"" OR ""cold exposure"" OR ""thermal sensation"" OR ""thermal comfort"" OR ""cold sensitivity"" OR ""cold hypersensitivity"")",
rapeseed oil,なたね油,sensitivity,2,L3,5,,,"""rapeseed oil""[tiab] AND (""body temperature""[tiab] OR ""core temperature""[tiab] OR ""skin temperature""[tiab] OR ""tympanic temperature""[tiab] OR ""axillary temperature""[tiab] OR ""rectal temperature""[tiab] OR ""oral temperature""[tiab] OR thermogenesis[tiab] OR ""thermic effect""[tiab] OR ""heat production""[tiab] OR ""energy expenditure""[tiab] OR ""metabolic rate""[tiab] OR ""peripheral circulation""[tiab] OR ""blood flow""[tiab] OR microcirculation[tiab] OR thermoregulation[tiab] OR ""cold tolerance""[tiab] OR ""cold exposure""[tiab] OR ""thermal sensation""[tiab] OR ""thermal comfort""[tiab] OR ""cold sensitivity""[tiab] OR ""cold hypersensitivity""[tiab]) AND ""randomized controlled trial""[pt]",,
taro,サトイモ,sensitivity,2,L1,669,,2120,taro[tiab],,サトイモ
taro,サトイモ,sensitivity,2,L2,1,481,,"taro[tiab] AND (""body temperature""[tiab] OR ""core temperature""[tiab] OR ""skin temperature""[tiab] OR ""tympanic temperature""[tiab] OR ""axillary temperature""[tiab] OR ""rectal temperature""[tiab] OR ""oral temperature""[tiab] OR thermogenesis[tiab] OR ""thermic effect""[tiab] OR ""heat production""[tiab] OR ""energy expenditure""[tiab] OR ""metabolic rate""[tiab] OR ""peripheral circulation""[tiab] OR ""blood flow""[tiab] OR microcirculation[tiab] OR thermoregulation[tiab] OR ""cold tolerance""[tiab] OR ""cold exposure""[tiab] OR ""thermal sensation""[tiab] OR ""thermal comfort""[tiab] OR ""cold sensitivity""[tiab] OR ""cold hypersensitivity""[tiab])","taro AND (""body temperature"" OR ""core temperature"" OR ""skin temperature"" OR ""tympanic temperature"" OR ""axillary temperature"" OR ""rectal temperature"" OR ""oral temperature"" OR thermogenesis OR ""thermic effect"" OR ""heat production"" OR ""energy expenditure"" OR ""metabolic rate"" OR ""peripheral circulation"" OR ""blood flow"" OR microcirculation OR thermoregulation OR ""cold tolerance"" OR ""cold exposure"" OR ""thermal sensation"" OR ""thermal comfort"" OR ""cold sensitivity"" OR ""cold hypersensitivity"")",
taro,サトイモ,sensitivity,2,L3,0,,,"taro[tiab] AND (""body temperature""[tiab] OR ""core temperature""[tiab] OR ""skin temperature""[tiab] OR ""tympanic temperature""[tiab] OR ""axillary temperature""[tiab] OR ""rectal temperature""[tiab] OR ""oral temperature""[tiab] OR thermogenesis[tiab] OR ""thermic effect""[tiab] OR ""heat production""[tiab] OR ""energy expenditure""[tiab] OR ""metabolic rate""[tiab] OR ""peripheral circulation""[tiab] OR ""blood flow""[tiab] OR microcirculation[tiab] OR thermoregulation[tiab] OR ""cold tolerance""[tiab] OR ""cold exposure""[tiab] OR ""thermal sensation""[tiab] OR ""thermal comfort""[tiab] OR ""cold sensitivity""[tiab] OR ""cold hypersensitivity""[tiab]) AND ""randomized controlled trial""[pt]",,
wheat,小麦,sensitivity,2,L1,85471,,15112,wheat[tiab],,小麦
wheat,小麦,sensitivity,2,L2,330,12449,,"wheat[tiab] AND (""body temperature""[tiab] OR ""core temperature""[tiab] OR ""skin temperature""[tiab] OR ""tympanic temperature""[tiab] OR ""axillary temperature""[tiab] OR ""rectal temperature""[tiab] OR ""oral temperature""[tiab] OR thermogenesis[tiab] OR ""thermic effect""[tiab] OR ""heat production""[tiab] OR ""energy expenditure""[tiab] OR ""metabolic rate""[tiab] OR ""peripheral circulation""[tiab] OR ""blood flow""[tiab] OR microcirculation[tiab] OR thermoregulation[tiab] OR ""cold tolerance""[tiab] OR ""cold exposure""[tiab] OR ""thermal sensation""[tiab] OR ""thermal comfort""[tiab] OR ""cold sensitivity""[tiab] OR ""cold hypersensitivity""[tiab])","wheat AND (""body temperature"" OR ""core temperature"" OR ""skin temperature"" OR ""tympanic temperature"" OR ""axillary temperature"" OR ""rectal temperature"" OR ""oral temperature"" OR thermogenesis OR ""thermic effect"" OR ""heat production"" OR ""energy expenditure"" OR ""metabolic rate"" OR ""peripheral circulation"" OR ""blood flow"" OR microcirculation OR thermoregulation OR ""cold tolerance"" OR ""cold exposure"" OR ""thermal sensation"" OR ""thermal comfort"" OR ""cold sensitivity"" OR ""cold hypersensitivity"")",
wheat,小麦,sensitivity,2,L3,18,,,"wheat[tiab] AND (""body temperature""[tiab] OR ""core temperature""[tiab] OR ""skin temperature""[tiab] OR ""tympanic temperature""[tiab] OR ""axillary temperature""[tiab] OR ""rectal temperature""[tiab] OR ""oral temperature""[tiab] OR thermogenesis[tiab] OR ""thermic effect""[tiab] OR ""heat production""[tiab] OR ""energy expenditure""[tiab] OR ""metabolic rate""[tiab] OR ""peripheral circulation""[tiab] OR ""blood flow""[tiab] OR microcirculation[tiab] OR thermoregulation[tiab] OR ""cold tolerance""[tiab] OR ""cold exposure""[tiab] OR ""thermal sensation""[tiab] OR ""thermal comfort""[tiab] OR ""cold sensitivity""[tiab] OR ""cold hypersensitivity""[tiab]) AND ""randomized controlled trial""[pt]",,
acerola,アセロラ,single,1,L1,240,,101,acerola[tiab],,アセロラ
acerola,アセロラ,single,1,L2,1,110,,"acerola[tiab] AND (""body temperature""[tiab] OR ""core temperature""[tiab] OR ""skin temperature""[tiab] OR ""tympanic temperature""[tiab] OR ""axillary temperature""[tiab] OR ""rectal temperature""[tiab] OR ""oral temperature""[tiab] OR thermogenesis[tiab] OR ""thermic effect""[tiab] OR ""heat production""[tiab] OR ""energy expenditure""[tiab] OR ""metabolic rate""[tiab] OR ""peripheral circulation""[tiab] OR ""blood flow""[tiab] OR microcirculation[tiab] OR thermoregulation[tiab] OR ""cold tolerance""[tiab] OR ""cold exposure""[tiab] OR ""thermal sensation""[tiab] OR ""thermal comfort""[tiab] OR ""cold sensitivity""[tiab] OR ""cold hypersensitivity""[tiab])","acerola AND (""body temperature"" OR ""core temperature"" OR ""skin temperature"" OR ""tympanic temperature"" OR ""axillary temperature"" OR ""rectal temperature"" OR ""oral temperature"" OR thermogenesis OR ""thermic effect"" OR ""heat production"" OR ""energy expenditure"" OR ""metabolic rate"" OR ""peripheral circulation"" OR ""blood flow"" OR microcirculation OR thermoregulation OR ""cold tolerance"" OR ""cold exposure"" OR ""thermal sensation"" OR ""thermal comfort"" OR ""cold sensitivity"" OR ""cold hypersensitivity"")",
acerola,アセロラ,single,1,L3,0,,,"acerola[tiab] AND (""body temperature""[tiab] OR ""core temperature""[tiab] OR ""skin temperature""[tiab] OR ""tympanic temperature""[tiab] OR ""axillary temperature""[tiab] OR ""rectal temperature""[tiab] OR ""oral temperature""[tiab] OR thermogenesis[tiab] OR ""thermic effect""[tiab] OR ""heat production""[tiab] OR ""energy expenditure""[tiab] OR ""metabolic rate""[tiab] OR ""peripheral circulation""[tiab] OR ""blood flow""[tiab] OR microcirculation[tiab] OR thermoregulation[tiab] OR ""cold tolerance""[tiab] OR ""cold exposure""[tiab] OR ""thermal sensation""[tiab] OR ""thermal comfort""[tiab] OR ""cold sensitivity""[tiab] OR ""cold hypersensitivity""[tiab]) AND ""randomized controlled trial""[pt]",,
agar,寒天,single,1,L1,75001,,7283,agar[tiab],,寒天
agar,寒天,single,1,L2,137,16414,,"agar[tiab] AND (""body temperature""[tiab] OR ""core temperature""[tiab] OR ""skin temperature""[tiab] OR ""tympanic temperature""[tiab] OR ""axillary temperature""[tiab] OR ""rectal temperature""[tiab] OR ""oral temperature""[tiab] OR thermogenesis[tiab] OR ""thermic effect""[tiab] OR ""heat production""[tiab] OR ""energy expenditure""[tiab] OR ""metabolic rate""[tiab] OR ""peripheral circulation""[tiab] OR ""blood flow""[tiab] OR microcirculation[tiab] OR thermoregulation[tiab] OR ""cold tolerance""[tiab] OR ""cold exposure""[tiab] OR ""thermal sensation""[tiab] OR ""thermal comfort""[tiab] OR ""cold sensitivity""[tiab] OR ""cold hypersensitivity""[tiab])","agar AND (""body temperature"" OR ""core temperature"" OR ""skin temperature"" OR ""tympanic temperature"" OR ""axillary temperature"" OR ""rectal temperature"" OR ""oral temperature"" OR thermogenesis OR ""thermic effect"" OR ""heat production"" OR ""energy expenditure"" OR ""metabolic rate"" OR ""peripheral circulation"" OR ""blood flow"" OR microcirculation OR thermoregulation OR ""cold tolerance"" OR ""cold exposure"" OR ""thermal sensation"" OR ""thermal comfort"" OR ""cold sensitivity"" OR ""cold hypersensitivity"")",
agar,寒天,single,1,L3,2,,,"agar[tiab] AND (""body temperature""[tiab] OR ""core temperature""[tiab] OR ""skin temperature""[tiab] OR ""tympanic temperature""[tiab] OR ""axillary temperature""[tiab] OR ""rectal temperature""[tiab] OR ""oral temperature""[tiab] OR thermogenesis[tiab] OR ""thermic effect""[tiab] OR ""heat production""[tiab] OR ""energy expenditure""[tiab] OR ""metabolic rate""[tiab] OR ""peripheral circulation""[tiab] OR ""blood flow""[tiab] OR microcirculation[tiab] OR thermoregulation[tiab] OR ""cold tolerance""[tiab] OR ""cold exposure""[tiab] OR ""thermal sensation""[tiab] OR ""thermal comfort""[tiab] OR ""cold sensitivity""[tiab] OR ""cold hypersensitivity""[tiab]) AND ""randomized controlled trial""[pt]",,
amaranth,アマランサス,single,1,L1,2051,,277,amaranth[tiab],,アマランサス
amaranth,アマランサス,single,1,L2,4,378,,"amaranth[tiab] AND (""body temperature""[tiab] OR ""core temperature""[tiab] OR ""skin temperature""[tiab] OR ""tympanic temperature""[tiab] OR ""axillary temperature""[tiab] OR ""rectal temperature""[tiab] OR ""oral temperature""[tiab] OR thermogenesis[tiab] OR ""thermic effect""[tiab] OR ""heat production""[tiab] OR ""energy expenditure""[tiab] OR ""metabolic rate""[tiab] OR ""peripheral circulation""[tiab] OR ""blood flow""[tiab] OR microcirculation[tiab] OR thermoregulation[tiab] OR ""cold tolerance""[tiab] OR ""cold exposure""[tiab] OR ""thermal sensation""[tiab] OR ""thermal comfort""[tiab] OR ""cold sensitivity""[tiab] OR ""cold hypersensitivity""[tiab])","amaranth AND (""body temperature"" OR ""core temperature"" OR ""skin temperature"" OR ""tympanic temperature"" OR ""axillary temperature"" OR ""rectal temperature"" OR ""oral temperature"" OR thermogenesis OR ""thermic effect"" OR ""heat production"" OR ""energy expenditure"" OR ""metabolic rate"" OR ""peripheral circulation"" OR ""blood flow"" OR microcirculation OR thermoregulation OR ""cold tolerance"" OR ""cold exposure"" OR ""thermal sensation"" OR ""thermal comfort"" OR ""cold sensitivity"" OR ""cold hypersensitivity"")",
amaranth,アマランサス,single,1,L3,0,,,"amaranth[tiab] AND (""body temperature""[tiab] OR ""core temperature""[tiab] OR ""skin temperature""[tiab] OR ""tympanic temperature""[tiab] OR ""axillary temperature""[tiab] OR ""rectal temperature""[tiab] OR ""oral temperature""[tiab] OR thermogenesis[tiab] OR ""thermic effect""[tiab] OR ""heat production""[tiab] OR ""energy expenditure""[tiab] OR ""metabolic rate""[tiab] OR ""peripheral circulation""[tiab] OR ""blood flow""[tiab] OR microcirculation[tiab] OR thermoregulation[tiab] OR ""cold tolerance""[tiab] OR ""cold exposure""[tiab] OR ""thermal sensation""[tiab] OR ""thermal comfort""[tiab] OR ""cold sensitivity""[tiab] OR ""cold hypersensitivity""[tiab]) AND ""randomized controlled trial""[pt]",,
apricot,あんず,single,1,L1,1779,,2174,apricot[tiab],,あんず
apricot,あんず,single,1,L2,5,658,,"apricot[tiab] AND (""body temperature""[tiab] OR ""core temperature""[tiab] OR ""skin temperature""[tiab] OR ""tympanic temperature""[tiab] OR ""axillary temperature""[tiab] OR ""rectal temperature""[tiab] OR ""oral temperature""[tiab] OR thermogenesis[tiab] OR ""thermic effect""[tiab] OR ""heat production""[tiab] OR ""energy expenditure""[tiab] OR ""metabolic rate""[tiab] OR ""peripheral circulation""[tiab] OR ""blood flow""[tiab] OR microcirculation[tiab] OR thermoregulation[tiab] OR ""cold tolerance""[tiab] OR ""cold exposure""[tiab] OR ""thermal sensation""[tiab] OR ""thermal comfort""[tiab] OR ""cold sensitivity""[tiab] OR ""cold hypersensitivity""[tiab])","apricot AND (""body temperature"" OR ""core temperature"" OR ""skin temperature"" OR ""tympanic temperature"" OR ""axillary temperature"" OR ""rectal temperature"" OR ""oral temperature"" OR thermogenesis OR ""thermic effect"" OR ""heat production"" OR ""energy expenditure"" OR ""metabolic rate"" OR ""peripheral circulation"" OR ""blood flow"" OR microcirculation OR thermoregulation OR ""cold tolerance"" OR ""cold exposure"" OR ""thermal sensation"" OR ""thermal comfort"" OR ""cold sensitivity"" OR ""cold hypersensitivity"")",
apricot,あんず,single,1,L3,0,,,"apricot[tiab] AND (""body temperature""[tiab] OR ""core temperature""[tiab] OR ""skin temperature""[tiab] OR ""tympanic temperature""[tiab] OR ""axillary temperature""[tiab] OR ""rectal temperature""[tiab] OR ""oral temperature""[tiab] OR thermogenesis[tiab] OR ""thermic effect""[tiab] OR ""heat production""[tiab] OR ""energy expenditure""[tiab] OR ""metabolic rate""[tiab] OR ""peripheral circulation""[tiab] OR ""blood flow""[tiab] OR microcirculation[tiab] OR thermoregulation[tiab] OR ""cold tolerance""[tiab] OR ""cold exposure""[tiab] OR ""thermal sensation""[tiab] OR ""thermal comfort""[tiab] OR ""cold sensitivity""[tiab] OR ""cold hypersensitivity""[tiab]) AND ""randomized controlled trial""[pt]",,
arame,あらめ,single,1,L1,11,,694,arame[tiab],,あらめ
arame,あらめ,single,1,L2,0,77,,"arame[tiab] AND (""body temperature""[tiab] OR ""core temperature""[tiab] OR ""skin temperature""[tiab] OR ""tympanic temperature""[tiab] OR ""axillary temperature""[tiab] OR ""rectal temperature""[tiab] OR ""oral temperature""[tiab] OR thermogenesis[tiab] OR ""thermic effect""[tiab] OR ""heat production""[tiab] OR ""energy expenditure""[tiab] OR ""metabolic rate""[tiab] OR ""peripheral circulation""[tiab] OR ""blood flow""[tiab] OR microcirculation[tiab] OR thermoregulation[tiab] OR ""cold tolerance""[tiab] OR ""cold exposure""[tiab] OR ""thermal sensation""[tiab] OR ""thermal comfort""[tiab] OR ""cold sensitivity""[tiab] OR ""cold hypersensitivity""[tiab])","arame AND (""body temperature"" OR ""core temperature"" OR ""skin temperature"" OR ""tympanic temperature"" OR ""axillary temperature"" OR ""rectal temperature"" OR ""oral temperature"" OR thermogenesis OR ""thermic effect"" OR ""heat production"" OR ""energy expenditure"" OR ""metabolic rate"" OR ""peripheral circulation"" OR ""blood flow"" OR microcirculation OR thermoregulation OR ""cold tolerance"" OR ""cold exposure"" OR ""thermal sensation"" OR ""thermal comfort"" OR ""cold sensitivity"" OR ""cold hypersensitivity"")",
arame,あらめ,single,1,L3,0,,,"arame[tiab] AND (""body temperature""[tiab] OR ""core temperature""[tiab] OR ""skin temperature""[tiab] OR ""tympanic temperature""[tiab] OR ""axillary temperature""[tiab] OR ""rectal temperature""[tiab] OR ""oral temperature""[tiab] OR thermogenesis[tiab] OR ""thermic effect""[tiab] OR ""heat production""[tiab] OR ""energy expenditure""[tiab] OR ""metabolic rate""[tiab] OR ""peripheral circulation""[tiab] OR ""blood flow""[tiab] OR microcirculation[tiab] OR thermoregulation[tiab] OR ""cold tolerance""[tiab] OR ""cold exposure""[tiab] OR ""thermal sensation""[tiab] OR ""thermal comfort""[tiab] OR ""cold sensitivity""[tiab] OR ""cold hypersensitivity""[tiab]) AND ""randomized controlled trial""[pt]",,
asparagus,アスパラガス,single,1,L1,1672,,2204,asparagus[tiab],,アスパラガス
asparagus,アスパラガス,single,1,L2,8,670,,"asparagus[tiab] AND (""body temperature""[tiab] OR ""core temperature""[tiab] OR ""skin temperature""[tiab] OR ""tympanic temperature""[tiab] OR ""axillary temperature""[tiab] OR ""rectal temperature""[tiab] OR ""oral temperature""[tiab] OR thermogenesis[tiab] OR ""thermic effect""[tiab] OR ""heat production""[tiab] OR ""energy expenditure""[tiab] OR ""metabolic rate""[tiab] OR ""peripheral circulation""[tiab] OR ""blood flow""[tiab] OR microcirculation[tiab] OR thermoregulation[tiab] OR ""cold tolerance""[tiab] OR ""cold exposure""[tiab] OR ""thermal sensation""[tiab] OR ""thermal comfort""[tiab] OR ""cold sensitivity""[tiab] OR ""cold hypersensitivity""[tiab])","asparagus AND (""body temperature"" OR ""core temperature"" OR ""skin temperature"" OR ""tympanic temperature"" OR ""axillary temperature"" OR ""rectal temperature"" OR ""oral temperature"" OR thermogenesis OR ""thermic effect"" OR ""heat production"" OR ""energy expenditure"" OR ""metabolic rate"" OR ""peripheral circulation"" OR ""blood flow"" OR microcirculation OR thermoregulation OR ""cold tolerance"" OR ""cold exposure"" OR ""thermal sensation"" OR ""thermal comfort"" OR ""cold sensitivity"" OR ""cold hypersensitivity"")",
asparagus,アスパラガス,single,1,L3,0,,,"asparagus[tiab] AND (""body temperature""[tiab] OR ""core temperature""[tiab] OR ""skin temperature""[tiab] OR ""tympanic temperature""[tiab] OR ""axillary temperature""[tiab] OR ""rectal temperature""[tiab] OR ""oral temperature""[tiab] OR thermogenesis[tiab] OR ""thermic effect""[tiab] OR ""heat production""[tiab] OR ""energy expenditure""[tiab] OR ""metabolic rate""[tiab] OR ""peripheral circulation""[tiab] OR ""blood flow""[tiab] OR microcirculation[tiab] OR thermoregulation[tiab] OR ""cold tolerance""[tiab] OR ""cold exposure""[tiab] OR ""thermal sensation""[tiab] OR ""thermal comfort""[tiab] OR ""cold sensitivity""[tiab] OR ""cold hypersensitivity""[tiab]) AND ""randomized controlled trial""[pt]",,
bean sprouts,モヤシ,single,1,L1,327,,1188,"""bean sprouts""[tiab]",,モヤシ
bean sprouts,モヤシ,single,1,L2,0,86,,"""bean sprouts""[tiab] AND (""body temperature""[tiab] OR ""core temperature""[tiab] OR ""skin temperature""[tiab] OR ""tympanic temperature""[tiab] OR ""axillary temperature""[tiab] OR ""rectal temperature""[tiab] OR ""oral temperature""[tiab] OR thermogenesis[tiab] OR ""thermic effect""[tiab] OR ""heat production""[tiab] OR ""energy expenditure""[tiab] OR ""metabolic rate""[tiab] OR ""peripheral circulation""[tiab] OR ""blood flow""[tiab] OR microcirculation[tiab] OR thermoregulation[tiab] OR ""cold tolerance""[tiab] OR ""cold exposure""[tiab] OR ""thermal sensation""[tiab] OR ""thermal comfort""[tiab] OR ""cold sensitivity""[tiab] OR ""cold hypersensitivity""[tiab])","""bean sprouts"" AND (""body temperature"" OR ""core temperature"" OR ""skin temperature"" OR ""tympanic temperature"" OR ""axillary temperature"" OR ""rectal temperature"" OR ""oral temperature"" OR thermogenesis OR ""thermic effect"" OR ""heat production"" OR ""energy expenditure"" OR ""metabolic rate"" OR ""peripheral circulation"" OR ""blood flow"" OR microcirculation OR thermoregulation OR ""cold tolerance"" OR ""cold exposure"" OR ""thermal sensation"" OR ""thermal comfort"" OR ""cold sensitivity"" OR ""cold hypersensitivity"")",
bean sprouts,モヤシ,single,1,L3,0,,,"""bean sprouts""[tiab] AND (""body temperature""[tiab] OR ""core temperature""[tiab] OR ""skin temperature""[tiab] OR ""tympanic temperature""[tiab] OR ""axillary temperature""[tiab] OR ""rectal temperature""[tiab] OR ""oral temperature""[tiab] OR thermogenesis[tiab] OR ""thermic effect""[tiab] OR ""heat production""[tiab] OR ""energy expenditure""[tiab] OR ""metabolic rate""[tiab] OR ""peripheral circulation""[tiab] OR ""blood flow""[tiab] OR microcirculation[tiab] OR thermoregulation[tiab] OR ""cold tolerance""[tiab] OR ""cold exposure""[tiab] OR ""thermal sensation""[tiab] OR ""thermal comfort""[tiab] OR ""cold sensitivity""[tiab] OR ""cold hypersensitivity""[tiab]) AND ""randomized controlled trial""[pt]",,
beet sugar,てんさい糖,single,1,L1,123,,24,"""beet sugar""[tiab]",,てんさい糖
beet sugar,てんさい糖,single,1,L2,1,52,,"""beet sugar""[tiab] AND (""body temperature""[tiab] OR ""core temperature""[tiab] OR ""skin temperature""[tiab] OR ""tympanic temperature""[tiab] OR ""axillary temperature""[tiab] OR ""rectal temperature""[tiab] OR ""oral temperature""[tiab] OR thermogenesis[tiab] OR ""thermic effect""[tiab] OR ""heat production""[tiab] OR ""energy expenditure""[tiab] OR ""metabolic rate""[tiab] OR ""peripheral circulation""[tiab] OR ""blood flow""[tiab] OR microcirculation[tiab] OR thermoregulation[tiab] OR ""cold tolerance""[tiab] OR ""cold exposure""[tiab] OR ""thermal sensation""[tiab] OR ""thermal comfort""[tiab] OR ""cold sensitivity""[tiab] OR ""cold hypersensitivity""[tiab])","""beet sugar"" AND (""body temperature"" OR ""core temperature"" OR ""skin temperature"" OR ""tympanic temperature"" OR ""axillary temperature"" OR ""rectal temperature"" OR ""oral temperature"" OR thermogenesis OR ""thermic effect"" OR ""heat production"" OR ""energy expenditure"" OR ""metabolic rate"" OR ""peripheral circulation"" OR ""blood flow"" OR microcirculation OR thermoregulation OR ""cold tolerance"" OR ""cold exposure"" OR ""thermal sensation"" OR ""thermal comfort"" OR ""cold sensitivity"" OR ""cold hypersensitivity"")",
beet sugar,てんさい糖,single,1,L3,0,,,"""beet sugar""[tiab] AND (""body temperature""[tiab] OR ""core temperature""[tiab] OR ""skin temperature""[tiab] OR ""tympanic temperature""[tiab] OR ""axillary temperature""[tiab] OR ""rectal temperature""[tiab] OR ""oral temperature""[tiab] OR thermogenesis[tiab] OR ""thermic effect""[tiab] OR ""heat production""[tiab] OR ""energy expenditure""[tiab] OR ""metabolic rate""[tiab] OR ""peripheral circulation""[tiab] OR ""blood flow""[tiab] OR microcirculation[tiab] OR thermoregulation[tiab] OR ""cold tolerance""[tiab] OR ""cold exposure""[tiab] OR ""thermal sensation""[tiab] OR ""thermal comfort""[tiab] OR ""cold sensitivity""[tiab] OR ""cold hypersensitivity""[tiab]) AND ""randomized controlled trial""[pt]",,
black sesame,黒ごま,single,1,L1,79,,53,"""black sesame""[tiab]",,黒ごま
black sesame,黒ごま,single,1,L2,1,24,,"""black sesame""[tiab] AND (""body temperature""[tiab] OR ""core temperature""[tiab] OR ""skin temperature""[tiab] OR ""tympanic temperature""[tiab] OR ""axillary temperature""[tiab] OR ""rectal temperature""[tiab] OR ""oral temperature""[tiab] OR thermogenesis[tiab] OR ""thermic effect""[tiab] OR ""heat production""[tiab] OR ""energy expenditure""[tiab] OR ""metabolic rate""[tiab] OR ""peripheral circulation""[tiab] OR ""blood flow""[tiab] OR microcirculation[tiab] OR thermoregulation[tiab] OR ""cold tolerance""[tiab] OR ""cold exposure""[tiab] OR ""thermal sensation""[tiab] OR ""thermal comfort""[tiab] OR ""cold sensitivity""[tiab] OR ""cold hypersensitivity""[tiab])","""black sesame"" AND (""body temperature"" OR ""core temperature"" OR ""skin temperature"" OR ""tympanic temperature"" OR ""axillary temperature"" OR ""rectal temperature"" OR ""oral temperature"" OR thermogenesis OR ""thermic effect"" OR ""heat production"" OR ""energy expenditure"" OR ""metabolic rate"" OR ""peripheral circulation"" OR ""blood flow"" OR microcirculation OR thermoregulation OR ""cold tolerance"" OR ""cold exposure"" OR ""thermal sensation"" OR ""thermal comfort"" OR ""cold sensitivity"" OR ""cold hypersensitivity"")",
black sesame,黒ごま,single,1,L3,0,,,"""black sesame""[tiab] AND (""body temperature""[tiab] OR ""core temperature""[tiab] OR ""skin temperature""[tiab] OR ""tympanic temperature""[tiab] OR ""axillary temperature""[tiab] OR ""rectal temperature""[tiab] OR ""oral temperature""[tiab] OR thermogenesis[tiab] OR ""thermic effect""[tiab] OR ""heat production""[tiab] OR ""energy expenditure""[tiab] OR ""metabolic rate""[tiab] OR ""peripheral circulation""[tiab] OR ""blood flow""[tiab] OR microcirculation[tiab] OR thermoregulation[tiab] OR ""cold tolerance""[tiab] OR ""cold exposure""[tiab] OR ""thermal sensation""[tiab] OR ""thermal comfort""[tiab] OR ""cold sensitivity""[tiab] OR ""cold hypersensitivity""[tiab]) AND ""randomized controlled trial""[pt]",,
black soybean tea,黒豆茶,single,1,L1,0,,7,"""black soybean tea""[tiab]",,黒豆茶
black soybean tea,黒豆茶,single,1,L2,0,0,,"""black soybean tea""[tiab] AND (""body temperature""[tiab] OR ""core temperature""[tiab] OR ""skin temperature""[tiab] OR ""tympanic temperature""[tiab] OR ""axillary temperature""[tiab] OR ""rectal temperature""[tiab] OR ""oral temperature""[tiab] OR thermogenesis[tiab] OR ""thermic effect""[tiab] OR ""heat production""[tiab] OR ""energy expenditure""[tiab] OR ""metabolic rate""[tiab] OR ""peripheral circulation""[tiab] OR ""blood flow""[tiab] OR microcirculation[tiab] OR thermoregulation[tiab] OR ""cold tolerance""[tiab] OR ""cold exposure""[tiab] OR ""thermal sensation""[tiab] OR ""thermal comfort""[tiab] OR ""cold sensitivity""[tiab] OR ""cold hypersensitivity""[tiab])","""black soybean tea"" AND (""body temperature"" OR ""core temperature"" OR ""skin temperature"" OR ""tympanic temperature"" OR ""axillary temperature"" OR ""rectal temperature"" OR ""oral temperature"" OR thermogenesis OR ""thermic effect"" OR ""heat production"" OR ""energy expenditure"" OR ""metabolic rate"" OR ""peripheral circulation"" OR ""blood flow"" OR microcirculation OR thermoregulation OR ""cold tolerance"" OR ""cold exposure"" OR ""thermal sensation"" OR ""thermal comfort"" OR ""cold sensitivity"" OR ""cold hypersensitivity"")",
black soybean tea,黒豆茶,single,1,L3,0,,,"""black soybean tea""[tiab] AND (""body temperature""[tiab] OR ""core temperature""[tiab] OR ""skin temperature""[tiab] OR ""tympanic temperature""[tiab] OR ""axillary temperature""[tiab] OR ""rectal temperature""[tiab] OR ""oral temperature""[tiab] OR thermogenesis[tiab] OR ""thermic effect""[tiab] OR ""heat production""[tiab] OR ""energy expenditure""[tiab] OR ""metabolic rate""[tiab] OR ""peripheral circulation""[tiab] OR ""blood flow""[tiab] OR microcirculation[tiab] OR thermoregulation[tiab] OR ""cold tolerance""[tiab] OR ""cold exposure""[tiab] OR ""thermal sensation""[tiab] OR ""thermal comfort""[tiab] OR ""cold sensitivity""[tiab] OR ""cold hypersensitivity""[tiab]) AND ""randomized controlled trial""[pt]",,
bok choy,チンゲン菜,single,1,L1,116,,14,"""bok choy""[tiab]",,チンゲン菜
bok choy,チンゲン菜,single,1,L2,0,42,,"""bok choy""[tiab] AND (""body temperature""[tiab] OR ""core temperature""[tiab] OR ""skin temperature""[tiab] OR ""tympanic temperature""[tiab] OR ""axillary temperature""[tiab] OR ""rectal temperature""[tiab] OR ""oral temperature""[tiab] OR thermogenesis[tiab] OR ""thermic effect""[tiab] OR ""heat production""[tiab] OR ""energy expenditure""[tiab] OR ""metabolic rate""[tiab] OR ""peripheral circulation""[tiab] OR ""blood flow""[tiab] OR microcirculation[tiab] OR thermoregulation[tiab] OR ""cold tolerance""[tiab] OR ""cold exposure""[tiab] OR ""thermal sensation""[tiab] OR ""thermal comfort""[tiab] OR ""cold sensitivity""[tiab] OR ""cold hypersensitivity""[tiab])","""bok choy"" AND (""body temperature"" OR ""core temperature"" OR ""skin temperature"" OR ""tympanic temperature"" OR ""axillary temperature"" OR ""rectal temperature"" OR ""oral temperature"" OR thermogenesis OR ""thermic effect"" OR ""heat production"" OR ""energy expenditure"" OR ""metabolic rate"" OR ""peripheral circulation"" OR ""blood flow"" OR microcirculation OR thermoregulation OR ""cold tolerance"" OR ""cold exposure"" OR ""thermal sensation"" OR ""thermal comfort"" OR ""cold sensitivity"" OR ""cold hypersensitivity"")",
bok choy,チンゲン菜,single,1,L3,0,,,"""bok choy""[tiab] AND (""body temperature""[tiab] OR ""core temperature""[tiab] OR ""skin temperature""[tiab] OR ""tympanic temperature""[tiab] OR ""axillary temperature""[tiab] OR ""rectal temperature""[tiab] OR ""oral temperature""[tiab] OR thermogenesis[tiab] OR ""thermic effect""[tiab] OR ""heat production""[tiab] OR ""energy expenditure""[tiab] OR ""metabolic rate""[tiab] OR ""peripheral circulation""[tiab] OR ""blood flow""[tiab] OR microcirculation[tiab] OR thermoregulation[tiab] OR ""cold tolerance""[tiab] OR ""cold exposure""[tiab] OR ""thermal sensation""[tiab] OR ""thermal comfort""[tiab] OR ""cold sensitivity""[tiab] OR ""cold hypersensitivity""[tiab]) AND ""randomized controlled trial""[pt]",,
bonito,カツオ,single,1,L1,363,,8414,bonito[tiab],,カツオ
bonito,カツオ,single,1,L2,10,572,,"bonito[tiab] AND (""body temperature""[tiab] OR ""core temperature""[tiab] OR ""skin temperature""[tiab] OR ""tympanic temperature""[tiab] OR ""axillary temperature""[tiab] OR ""rectal temperature""[tiab] OR ""oral temperature""[tiab] OR thermogenesis[tiab] OR ""thermic effect""[tiab] OR ""heat production""[tiab] OR ""energy expenditure""[tiab] OR ""metabolic rate""[tiab] OR ""peripheral circulation""[tiab] OR ""blood flow""[tiab] OR microcirculation[tiab] OR thermoregulation[tiab] OR ""cold tolerance""[tiab] OR ""cold exposure""[tiab] OR ""thermal sensation""[tiab] OR ""thermal comfort""[tiab] OR ""cold sensitivity""[tiab] OR ""cold hypersensitivity""[tiab])","bonito AND (""body temperature"" OR ""core temperature"" OR ""skin temperature"" OR ""tympanic temperature"" OR ""axillary temperature"" OR ""rectal temperature"" OR ""oral temperature"" OR thermogenesis OR ""thermic effect"" OR ""heat production"" OR ""energy expenditure"" OR ""metabolic rate"" OR ""peripheral circulation"" OR ""blood flow"" OR microcirculation OR thermoregulation OR ""cold tolerance"" OR ""cold exposure"" OR ""thermal sensation"" OR ""thermal comfort"" OR ""cold sensitivity"" OR ""cold hypersensitivity"")",
bonito,カツオ,single,1,L3,1,,,"bonito[tiab] AND (""body temperature""[tiab] OR ""core temperature""[tiab] OR ""skin temperature""[tiab] OR ""tympanic temperature""[tiab] OR ""axillary temperature""[tiab] OR ""rectal temperature""[tiab] OR ""oral temperature""[tiab] OR thermogenesis[tiab] OR ""thermic effect""[tiab] OR ""heat production""[tiab] OR ""energy expenditure""[tiab] OR ""metabolic rate""[tiab] OR ""peripheral circulation""[tiab] OR ""blood flow""[tiab] OR microcirculation[tiab] OR thermoregulation[tiab] OR ""cold tolerance""[tiab] OR ""cold exposure""[tiab] OR ""thermal sensation""[tiab] OR ""thermal comfort""[tiab] OR ""cold sensitivity""[tiab] OR ""cold hypersensitivity""[tiab]) AND ""randomized controlled trial""[pt]",,
broccoli,ブロッコリー,single,1,L1,3594,,1444,broccoli[tiab],,ブロッコリー
broccoli,ブロッコリー,single,1,L2,7,1445,,"broccoli[tiab] AND (""body temperature""[tiab] OR ""core temperature""[tiab] OR ""skin temperature""[tiab] OR ""tympanic temperature""[tiab] OR ""axillary temperature""[tiab] OR ""rectal temperature""[tiab] OR ""oral temperature""[tiab] OR thermogenesis[tiab] OR ""thermic effect""[tiab] OR ""heat production""[tiab] OR ""energy expenditure""[tiab] OR ""metabolic rate""[tiab] OR ""peripheral circulation""[tiab] OR ""blood flow""[tiab] OR microcirculation[tiab] OR thermoregulation[tiab] OR ""cold tolerance""[tiab] OR ""cold exposure""[tiab] OR ""thermal sensation""[tiab] OR ""thermal comfort""[tiab] OR ""cold sensitivity""[tiab] OR ""cold hypersensitivity""[tiab])","broccoli AND (""body temperature"" OR ""core temperature"" OR ""skin temperature"" OR ""tympanic temperature"" OR ""axillary temperature"" OR ""rectal temperature"" OR ""oral temperature"" OR thermogenesis OR ""thermic effect"" OR ""heat production"" OR ""energy expenditure"" OR ""metabolic rate"" OR ""peripheral circulation"" OR ""blood flow"" OR microcirculation OR thermoregulation OR ""cold tolerance"" OR ""cold exposure"" OR ""thermal sensation"" OR ""thermal comfort"" OR ""cold sensitivity"" OR ""cold hypersensitivity"")",
broccoli,ブロッコリー,single,1,L3,0,,,"broccoli[tiab] AND (""body temperature""[tiab] OR ""core temperature""[tiab] OR ""skin temperature""[tiab] OR ""tympanic temperature""[tiab] OR ""axillary temperature""[tiab] OR ""rectal temperature""[tiab] OR ""oral temperature""[tiab] OR thermogenesis[tiab] OR ""thermic effect""[tiab] OR ""heat production""[tiab] OR ""energy expenditure""[tiab] OR ""metabolic rate""[tiab] OR ""peripheral circulation""[tiab] OR ""blood flow""[tiab] OR microcirculation[tiab] OR thermoregulation[tiab] OR ""cold tolerance""[tiab] OR ""cold exposure""[tiab] OR ""thermal sensation""[tiab] OR ""thermal comfort""[tiab] OR ""cold sensitivity""[tiab] OR ""cold hypersensitivity""[tiab]) AND ""randomized controlled trial""[pt]",,
chestnut,栗,single,1,L1,3244,,175307,chestnut[tiab],,栗
chestnut,栗,single,1,L2,15,1904,,"chestnut[tiab] AND (""body temperature""[tiab] OR ""core temperature""[tiab] OR ""skin temperature""[tiab] OR ""tympanic temperature""[tiab] OR ""axillary temperature""[tiab] OR ""rectal temperature""[tiab] OR ""oral temperature""[tiab] OR thermogenesis[tiab] OR ""thermic effect""[tiab] OR ""heat production""[tiab] OR ""energy expenditure""[tiab] OR ""metabolic rate""[tiab] OR ""peripheral circulation""[tiab] OR ""blood flow""[tiab] OR microcirculation[tiab] OR thermoregulation[tiab] OR ""cold tolerance""[tiab] OR ""cold exposure""[tiab] OR ""thermal sensation""[tiab] OR ""thermal comfort""[tiab] OR ""cold sensitivity""[tiab] OR ""cold hypersensitivity""[tiab])","chestnut AND (""body temperature"" OR ""core temperature"" OR ""skin temperature"" OR ""tympanic temperature"" OR ""axillary temperature"" OR ""rectal temperature"" OR ""oral temperature"" OR thermogenesis OR ""thermic effect"" OR ""heat production"" OR ""energy expenditure"" OR ""metabolic rate"" OR ""peripheral circulation"" OR ""blood flow"" OR microcirculation OR thermoregulation OR ""cold tolerance"" OR ""cold exposure"" OR ""thermal sensation"" OR ""thermal comfort"" OR ""cold sensitivity"" OR ""cold hypersensitivity"")",
chestnut,栗,single,1,L3,1,,,"chestnut[tiab] AND (""body temperature""[tiab] OR ""core temperature""[tiab] OR ""skin temperature""[tiab] OR ""tympanic temperature""[tiab] OR ""axillary temperature""[tiab] OR ""rectal temperature""[tiab] OR ""oral temperature""[tiab] OR thermogenesis[tiab] OR ""thermic effect""[tiab] OR ""heat production""[tiab] OR ""energy expenditure""[tiab] OR ""metabolic rate""[tiab] OR ""peripheral circulation""[tiab] OR ""blood flow""[tiab] OR microcirculation[tiab] OR thermoregulation[tiab] OR ""cold tolerance""[tiab] OR ""cold exposure""[tiab] OR ""thermal sensation""[tiab] OR ""thermal comfort""[tiab] OR ""cold sensitivity""[tiab] OR ""cold hypersensitivity""[tiab]) AND ""randomized controlled trial""[pt]",,
chickpea,ひよこ豆,single,1,L1,3584,,38,chickpea[tiab],,ひよこ豆
chickpea,ひよこ豆,single,1,L2,30,688,,"chickpea[tiab] AND (""body temperature""[tiab] OR ""core temperature""[tiab] OR ""skin temperature""[tiab] OR ""tympanic temperature""[tiab] OR ""axillary temperature""[tiab] OR ""rectal temperature""[tiab] OR ""oral temperature""[tiab] OR thermogenesis[tiab] OR ""thermic effect""[tiab] OR ""heat production""[tiab] OR ""energy expenditure""[tiab] OR ""metabolic rate""[tiab] OR ""peripheral circulation""[tiab] OR ""blood flow""[tiab] OR microcirculation[tiab] OR thermoregulation[tiab] OR ""cold tolerance""[tiab] OR ""cold exposure""[tiab] OR ""thermal sensation""[tiab] OR ""thermal comfort""[tiab] OR ""cold sensitivity""[tiab] OR ""cold hypersensitivity""[tiab])","chickpea AND (""body temperature"" OR ""core temperature"" OR ""skin temperature"" OR ""tympanic temperature"" OR ""axillary temperature"" OR ""rectal temperature"" OR ""oral temperature"" OR thermogenesis OR ""thermic effect"" OR ""heat production"" OR ""energy expenditure"" OR ""metabolic rate"" OR ""peripheral circulation"" OR ""blood flow"" OR microcirculation OR thermoregulation OR ""cold tolerance"" OR ""cold exposure"" OR ""thermal sensation"" OR ""thermal comfort"" OR ""cold sensitivity"" OR ""cold hypersensitivity"")",
chickpea,ひよこ豆,single,1,L3,0,,,"chickpea[tiab] AND (""body temperature""[tiab] OR ""core temperature""[tiab] OR ""skin temperature""[tiab] OR ""tympanic temperature""[tiab] OR ""axillary temperature""[tiab] OR ""rectal temperature""[tiab] OR ""oral temperature""[tiab] OR thermogenesis[tiab] OR ""thermic effect""[tiab] OR ""heat production""[tiab] OR ""energy expenditure""[tiab] OR ""metabolic rate""[tiab] OR ""peripheral circulation""[tiab] OR ""blood flow""[tiab] OR microcirculation[tiab] OR thermoregulation[tiab] OR ""cold tolerance""[tiab] OR ""cold exposure""[tiab] OR ""thermal sensation""[tiab] OR ""thermal comfort""[tiab] OR ""cold sensitivity""[tiab] OR ""cold hypersensitivity""[tiab]) AND ""randomized controlled trial""[pt]",,
curry powder,カレー粉,single,1,L1,95,,62,"""curry powder""[tiab]",,カレー粉
curry powder,カレー粉,single,1,L2,0,48,,"""curry powder""[tiab] AND (""body temperature""[tiab] OR ""core temperature""[tiab] OR ""skin temperature""[tiab] OR ""tympanic temperature""[tiab] OR ""axillary temperature""[tiab] OR ""rectal temperature""[tiab] OR ""oral temperature""[tiab] OR thermogenesis[tiab] OR ""thermic effect""[tiab] OR ""heat production""[tiab] OR ""energy expenditure""[tiab] OR ""metabolic rate""[tiab] OR ""peripheral circulation""[tiab] OR ""blood flow""[tiab] OR microcirculation[tiab] OR thermoregulation[tiab] OR ""cold tolerance""[tiab] OR ""cold exposure""[tiab] OR ""thermal sensation""[tiab] OR ""thermal comfort""[tiab] OR ""cold sensitivity""[tiab] OR ""cold hypersensitivity""[tiab])","""curry powder"" AND (""body temperature"" OR ""core temperature"" OR ""skin temperature"" OR ""tympanic temperature"" OR ""axillary temperature"" OR ""rectal temperature"" OR ""oral temperature"" OR thermogenesis OR ""thermic effect"" OR ""heat production"" OR ""energy expenditure"" OR ""metabolic rate"" OR ""peripheral circulation"" OR ""blood flow"" OR microcirculation OR thermoregulation OR ""cold tolerance"" OR ""cold exposure"" OR ""thermal sensation"" OR ""thermal comfort"" OR ""cold sensitivity"" OR ""cold hypersensitivity"")",
curry powder,カレー粉,single,1,L3,0,,,"""curry powder""[tiab] AND (""body temperature""[tiab] OR ""core temperature""[tiab] OR ""skin temperature""[tiab] OR ""tympanic temperature""[tiab] OR ""axillary temperature""[tiab] OR ""rectal temperature""[tiab] OR ""oral temperature""[tiab] OR thermogenesis[tiab] OR ""thermic effect""[tiab] OR ""heat production""[tiab] OR ""energy expenditure""[tiab] OR ""metabolic rate""[tiab] OR ""peripheral circulation""[tiab] OR ""blood flow""[tiab] OR microcirculation[tiab] OR thermoregulation[tiab] OR ""cold tolerance""[tiab] OR ""cold exposure""[tiab] OR ""thermal sensation""[tiab] OR ""thermal comfort""[tiab] OR ""cold sensitivity""[tiab] OR ""cold hypersensitivity""[tiab]) AND ""randomized controlled trial""[pt]",,
dried daikon,切り干し大根,single,1,L1,0,,47,"""dried daikon""[tiab]",,切り干し大根
dried daikon,切り干し大根,single,1,L2,0,0,,"""dried daikon""[tiab] AND (""body temperature""[tiab] OR ""core temperature""[tiab] OR ""skin temperature""[tiab] OR ""tympanic temperature""[tiab] OR ""axillary temperature""[tiab] OR ""rectal temperature""[tiab] OR ""oral temperature""[tiab] OR thermogenesis[tiab] OR ""thermic effect""[tiab] OR ""heat production""[tiab] OR ""energy expenditure""[tiab] OR ""metabolic rate""[tiab] OR ""peripheral circulation""[tiab] OR ""blood flow""[tiab] OR microcirculation[tiab] OR thermoregulation[tiab] OR ""cold tolerance""[tiab] OR ""cold exposure""[tiab] OR ""thermal sensation""[tiab] OR ""thermal comfort""[tiab] OR ""cold sensitivity""[tiab] OR ""cold hypersensitivity""[tiab])","""dried daikon"" AND (""body temperature"" OR ""core temperature"" OR ""skin temperature"" OR ""tympanic temperature"" OR ""axillary temperature"" OR ""rectal temperature"" OR ""oral temperature"" OR thermogenesis OR ""thermic effect"" OR ""heat production"" OR ""energy expenditure"" OR ""metabolic rate"" OR ""peripheral circulation"" OR ""blood flow"" OR microcirculation OR thermoregulation OR ""cold tolerance"" OR ""cold exposure"" OR ""thermal sensation"" OR ""thermal comfort"" OR ""cold sensitivity"" OR ""cold hypersensitivity"")",
dried daikon,切り干し大根,single,1,L3,0,,,"""dried daikon""[tiab] AND (""body temperature""[tiab] OR ""core temperature""[tiab] OR ""skin temperature""[tiab] OR ""tympanic temperature""[tiab] OR ""axillary temperature""[tiab] OR ""rectal temperature""[tiab] OR ""oral temperature""[tiab] OR thermogenesis[tiab] OR ""thermic effect""[tiab] OR ""heat production""[tiab] OR ""energy expenditure""[tiab] OR ""metabolic rate""[tiab] OR ""peripheral circulation""[tiab] OR ""blood flow""[tiab] OR microcirculation[tiab] OR thermoregulation[tiab] OR ""cold tolerance""[tiab] OR ""cold exposure""[tiab] OR ""thermal sensation""[tiab] OR ""thermal comfort""[tiab] OR ""cold sensitivity""[tiab] OR ""cold hypersensitivity""[tiab]) AND ""randomized controlled trial""[pt]",,
eel,うなぎ,single,1,L1,6021,,5342,eel[tiab],,うなぎ
eel,うなぎ,single,1,L2,59,3118,,"eel[tiab] AND (""body temperature""[tiab] OR ""core temperature""[tiab] OR ""skin temperature""[tiab] OR ""tympanic temperature""[tiab] OR ""axillary temperature""[tiab] OR ""rectal temperature""[tiab] OR ""oral temperature""[tiab] OR thermogenesis[tiab] OR ""thermic effect""[tiab] OR ""heat production""[tiab] OR ""energy expenditure""[tiab] OR ""metabolic rate""[tiab] OR ""peripheral circulation""[tiab] OR ""blood flow""[tiab] OR microcirculation[tiab] OR thermoregulation[tiab] OR ""cold tolerance""[tiab] OR ""cold exposure""[tiab] OR ""thermal sensation""[tiab] OR ""thermal comfort""[tiab] OR ""cold sensitivity""[tiab] OR ""cold hypersensitivity""[tiab])","eel AND (""body temperature"" OR ""core temperature"" OR ""skin temperature"" OR ""tympanic temperature"" OR ""axillary temperature"" OR ""rectal temperature"" OR ""oral temperature"" OR thermogenesis OR ""thermic effect"" OR ""heat production"" OR ""energy expenditure"" OR ""metabolic rate"" OR ""peripheral circulation"" OR ""blood flow"" OR microcirculation OR thermoregulation OR ""cold tolerance"" OR ""cold exposure"" OR ""thermal sensation"" OR ""thermal comfort"" OR ""cold sensitivity"" OR ""cold hypersensitivity"")",
eel,うなぎ,single,1,L3,0,,,"eel[tiab] AND (""body temperature""[tiab] OR ""core temperature""[tiab] OR ""skin temperature""[tiab] OR ""tympanic temperature""[tiab] OR ""axillary temperature""[tiab] OR ""rectal temperature""[tiab] OR ""oral temperature""[tiab] OR thermogenesis[tiab] OR ""thermic effect""[tiab] OR ""heat production""[tiab] OR ""energy expenditure""[tiab] OR ""metabolic rate""[tiab] OR ""peripheral circulation""[tiab] OR ""blood flow""[tiab] OR microcirculation[tiab] OR thermoregulation[tiab] OR ""cold tolerance""[tiab] OR ""cold exposure""[tiab] OR ""thermal sensation""[tiab] OR ""thermal comfort""[tiab] OR ""cold sensitivity""[tiab] OR ""cold hypersensitivity""[tiab]) AND ""randomized controlled trial""[pt]",,
flaxseed oil,あまに油,single,1,L1,1042,,216,"""flaxseed oil""[tiab]",,あまに油
flaxseed oil,あまに油,single,1,L2,12,473,,"""flaxseed oil""[tiab] AND (""body temperature""[tiab] OR ""core temperature""[tiab] OR ""skin temperature""[tiab] OR ""tympanic temperature""[tiab] OR ""axillary temperature""[tiab] OR ""rectal temperature""[tiab] OR ""oral temperature""[tiab] OR thermogenesis[tiab] OR ""thermic effect""[tiab] OR ""heat production""[tiab] OR ""energy expenditure""[tiab] OR ""metabolic rate""[tiab] OR ""peripheral circulation""[tiab] OR ""blood flow""[tiab] OR microcirculation[tiab] OR thermoregulation[tiab] OR ""cold tolerance""[tiab] OR ""cold exposure""[tiab] OR ""thermal sensation""[tiab] OR ""thermal comfort""[tiab] OR ""cold sensitivity""[tiab] OR ""cold hypersensitivity""[tiab])","""flaxseed oil"" AND (""body temperature"" OR ""core temperature"" OR ""skin temperature"" OR ""tympanic temperature"" OR ""axillary temperature"" OR ""rectal temperature"" OR ""oral temperature"" OR thermogenesis OR ""thermic effect"" OR ""heat production"" OR ""energy expenditure"" OR ""metabolic rate"" OR ""peripheral circulation"" OR ""blood flow"" OR microcirculation OR thermoregulation OR ""cold tolerance"" OR ""cold exposure"" OR ""thermal sensation"" OR ""thermal comfort"" OR ""cold sensitivity"" OR ""cold hypersensitivity"")",
flaxseed oil,あまに油,single,1,L3,5,,,"""flaxseed oil""[tiab] AND (""body temperature""[tiab] OR ""core temperature""[tiab] OR ""skin temperature""[tiab] OR ""tympanic temperature""[tiab] OR ""axillary temperature""[tiab] OR ""rectal temperature""[tiab] OR ""oral temperature""[tiab] OR thermogenesis[tiab] OR ""thermic effect""[tiab] OR ""heat production""[tiab] OR ""energy expenditure""[tiab] OR ""metabolic rate""[tiab] OR ""peripheral circulation""[tiab] OR ""blood flow""[tiab] OR microcirculation[tiab] OR thermoregulation[tiab] OR ""cold tolerance""[tiab] OR ""cold exposure""[tiab] OR ""thermal sensation""[tiab] OR ""thermal comfort""[tiab] OR ""cold sensitivity""[tiab] OR ""cold hypersensitivity""[tiab]) AND ""randomized controlled trial""[pt]",,
freeze-dried tofu,高野豆腐,single,1,L1,7,,77,"""freeze-dried tofu""[tiab]",,高野豆腐
freeze-dried tofu,高野豆腐,single,1,L2,0,2,,"""freeze-dried tofu""[tiab] AND (""body temperature""[tiab] OR ""core temperature""[tiab] OR ""skin temperature""[tiab] OR ""tympanic temperature""[tiab] OR ""axillary temperature""[tiab] OR ""rectal temperature""[tiab] OR ""oral temperature""[tiab] OR thermogenesis[tiab] OR ""thermic effect""[tiab] OR ""heat production""[tiab] OR ""energy expenditure""[tiab] OR ""metabolic rate""[tiab] OR ""peripheral circulation""[tiab] OR ""blood flow""[tiab] OR microcirculation[tiab] OR thermoregulation[tiab] OR ""cold tolerance""[tiab] OR ""cold exposure""[tiab] OR ""thermal sensation""[tiab] OR ""thermal comfort""[tiab] OR ""cold sensitivity""[tiab] OR ""cold hypersensitivity""[tiab])","""freeze-dried tofu"" AND (""body temperature"" OR ""core temperature"" OR ""skin temperature"" OR ""tympanic temperature"" OR ""axillary temperature"" OR ""rectal temperature"" OR ""oral temperature"" OR thermogenesis OR ""thermic effect"" OR ""heat production"" OR ""energy expenditure"" OR ""metabolic rate"" OR ""peripheral circulation"" OR ""blood flow"" OR microcirculation OR thermoregulation OR ""cold tolerance"" OR ""cold exposure"" OR ""thermal sensation"" OR ""thermal comfort"" OR ""cold sensitivity"" OR ""cold hypersensitivity"")",
freeze-dried tofu,高野豆腐,single,1,L3,0,,,"""freeze-dried tofu""[tiab] AND (""body temperature""[tiab] OR ""core temperature""[tiab] OR ""skin temperature""[tiab] OR ""tympanic temperature""[tiab] OR ""axillary temperature""[tiab] OR ""rectal temperature""[tiab] OR ""oral temperature""[tiab] OR thermogenesis[tiab] OR ""thermic effect""[tiab] OR ""heat production""[tiab] OR ""energy expenditure""[tiab] OR ""metabolic rate""[tiab] OR ""peripheral circulation""[tiab] OR ""blood flow""[tiab] OR microcirculation[tiab] OR thermoregulation[tiab] OR ""cold tolerance""[tiab] OR ""cold exposure""[tiab] OR ""thermal sensation""[tiab] OR ""thermal comfort""[tiab] OR ""cold sensitivity""[tiab] OR ""cold hypersensitivity""[tiab]) AND ""randomized controlled trial""[pt]",,
glutinous rice,もち米,single,1,L1,444,,555,"""glutinous rice""[tiab]",,もち米
glutinous rice,もち米,single,1,L2,2,90,,"""glutinous rice""[tiab] AND (""body temperature""[tiab] OR ""core temperature""[tiab] OR ""skin temperature""[tiab] OR ""tympanic temperature""[tiab] OR ""axillary temperature""[tiab] OR ""rectal temperature""[tiab] OR ""oral temperature""[tiab] OR thermogenesis[tiab] OR ""thermic effect""[tiab] OR ""heat production""[tiab] OR ""energy expenditure""[tiab] OR ""metabolic rate""[tiab] OR ""peripheral circulation""[tiab] OR ""blood flow""[tiab] OR microcirculation[tiab] OR thermoregulation[tiab] OR ""cold tolerance""[tiab] OR ""cold exposure""[tiab] OR ""thermal sensation""[tiab] OR ""thermal comfort""[tiab] OR ""cold sensitivity""[tiab] OR ""cold hypersensitivity""[tiab])","""glutinous rice"" AND (""body temperature"" OR ""core temperature"" OR ""skin temperature"" OR ""tympanic temperature"" OR ""axillary temperature"" OR ""rectal temperature"" OR ""oral temperature"" OR thermogenesis OR ""thermic effect"" OR ""heat production"" OR ""energy expenditure"" OR ""metabolic rate"" OR ""peripheral circulation"" OR ""blood flow"" OR microcirculation OR thermoregulation OR ""cold tolerance"" OR ""cold exposure"" OR ""thermal sensation"" OR ""thermal comfort"" OR ""cold sensitivity"" OR ""cold hypersensitivity"")",
glutinous rice,もち米,single,1,L3,0,,,"""glutinous rice""[tiab] AND (""body temperature""[tiab] OR ""core temperature""[tiab] OR ""skin temperature""[tiab] OR ""tympanic temperature""[tiab] OR ""axillary temperature""[tiab] OR ""rectal temperature""[tiab] OR ""oral temperature""[tiab] OR thermogenesis[tiab] OR ""thermic effect""[tiab] OR ""heat production""[tiab] OR ""energy expenditure""[tiab] OR ""metabolic rate""[tiab] OR ""peripheral circulation""[tiab] OR ""blood flow""[tiab] OR microcirculation[tiab] OR thermoregulation[tiab] OR ""cold tolerance""[tiab] OR ""cold exposure""[tiab] OR ""thermal sensation""[tiab] OR ""thermal comfort""[tiab] OR ""cold sensitivity""[tiab] OR ""cold hypersensitivity""[tiab]) AND ""randomized controlled trial""[pt]",,
grapefruit,グレープフルーツ,single,1,L1,2645,,442,grapefruit[tiab],,グレープフルーツ
grapefruit,グレープフルーツ,single,1,L2,26,1054,,"grapefruit[tiab] AND (""body temperature""[tiab] OR ""core temperature""[tiab] OR ""skin temperature""[tiab] OR ""tympanic temperature""[tiab] OR ""axillary temperature""[tiab] OR ""rectal temperature""[tiab] OR ""oral temperature""[tiab] OR thermogenesis[tiab] OR ""thermic effect""[tiab] OR ""heat production""[tiab] OR ""energy expenditure""[tiab] OR ""metabolic rate""[tiab] OR ""peripheral circulation""[tiab] OR ""blood flow""[tiab] OR microcirculation[tiab] OR thermoregulation[tiab] OR ""cold tolerance""[tiab] OR ""cold exposure""[tiab] OR ""thermal sensation""[tiab] OR ""thermal comfort""[tiab] OR ""cold sensitivity""[tiab] OR ""cold hypersensitivity""[tiab])","grapefruit AND (""body temperature"" OR ""core temperature"" OR ""skin temperature"" OR ""tympanic temperature"" OR ""axillary temperature"" OR ""rectal temperature"" OR ""oral temperature"" OR thermogenesis OR ""thermic effect"" OR ""heat production"" OR ""energy expenditure"" OR ""metabolic rate"" OR ""peripheral circulation"" OR ""blood flow"" OR microcirculation OR thermoregulation OR ""cold tolerance"" OR ""cold exposure"" OR ""thermal sensation"" OR ""thermal comfort"" OR ""cold sensitivity"" OR ""cold hypersensitivity"")",
grapefruit,グレープフルーツ,single,1,L3,2,,,"grapefruit[tiab] AND (""body temperature""[tiab] OR ""core temperature""[tiab] OR ""skin temperature""[tiab] OR ""tympanic temperature""[tiab] OR ""axillary temperature""[tiab] OR ""rectal temperature""[tiab] OR ""oral temperature""[tiab] OR thermogenesis[tiab] OR ""thermic effect""[tiab] OR ""heat production""[tiab] OR ""energy expenditure""[tiab] OR ""metabolic rate""[tiab] OR ""peripheral circulation""[tiab] OR ""blood flow""[tiab] OR microcirculation[tiab] OR thermoregulation[tiab] OR ""cold tolerance""[tiab] OR ""cold exposure""[tiab] OR ""thermal sensation""[tiab] OR ""thermal comfort""[tiab] OR ""cold sensitivity""[tiab] OR ""cold hypersensitivity""[tiab]) AND ""randomized controlled trial""[pt]",,
hamaguri clam,はまぐり,single,1,L1,0,,970,"""hamaguri clam""[tiab]",,はまぐり
hamaguri clam,はまぐり,single,1,L2,0,0,,"""hamaguri clam""[tiab] AND (""body temperature""[tiab] OR ""core temperature""[tiab] OR ""skin temperature""[tiab] OR ""tympanic temperature""[tiab] OR ""axillary temperature""[tiab] OR ""rectal temperature""[tiab] OR ""oral temperature""[tiab] OR thermogenesis[tiab] OR ""thermic effect""[tiab] OR ""heat production""[tiab] OR ""energy expenditure""[tiab] OR ""metabolic rate""[tiab] OR ""peripheral circulation""[tiab] OR ""blood flow""[tiab] OR microcirculation[tiab] OR thermoregulation[tiab] OR ""cold tolerance""[tiab] OR ""cold exposure""[tiab] OR ""thermal sensation""[tiab] OR ""thermal comfort""[tiab] OR ""cold sensitivity""[tiab] OR ""cold hypersensitivity""[tiab])","""hamaguri clam"" AND (""body temperature"" OR ""core temperature"" OR ""skin temperature"" OR ""tympanic temperature"" OR ""axillary temperature"" OR ""rectal temperature"" OR ""oral temperature"" OR thermogenesis OR ""thermic effect"" OR ""heat production"" OR ""energy expenditure"" OR ""metabolic rate"" OR ""peripheral circulation"" OR ""blood flow"" OR microcirculation OR thermoregulation OR ""cold tolerance"" OR ""cold exposure"" OR ""thermal sensation"" OR ""thermal comfort"" OR ""cold sensitivity"" OR ""cold hypersensitivity"")",
hamaguri clam,はまぐり,single,1,L3,0,,,"""hamaguri clam""[tiab] AND (""body temperature""[tiab] OR ""core temperature""[tiab] OR ""skin temperature""[tiab] OR ""tympanic temperature""[tiab] OR ""axillary temperature""[tiab] OR ""rectal temperature""[tiab] OR ""oral temperature""[tiab] OR thermogenesis[tiab] OR ""thermic effect""[tiab] OR ""heat production""[tiab] OR ""energy expenditure""[tiab] OR ""metabolic rate""[tiab] OR ""peripheral circulation""[tiab] OR ""blood flow""[tiab] OR microcirculation[tiab] OR thermoregulation[tiab] OR ""cold tolerance""[tiab] OR ""cold exposure""[tiab] OR ""thermal sensation""[tiab] OR ""thermal comfort""[tiab] OR ""cold sensitivity""[tiab] OR ""cold hypersensitivity""[tiab]) AND ""randomized controlled trial""[pt]",,
jinenjo,ジネンジョ,single,1,L1,0,,340,jinenjo[tiab],,ジネンジョ
jinenjo,ジネンジョ,single,1,L2,0,0,,"jinenjo[tiab] AND (""body temperature""[tiab] OR ""core temperature""[tiab] OR ""skin temperature""[tiab] OR ""tympanic temperature""[tiab] OR ""axillary temperature""[tiab] OR ""rectal temperature""[tiab] OR ""oral temperature""[tiab] OR thermogenesis[tiab] OR ""thermic effect""[tiab] OR ""heat production""[tiab] OR ""energy expenditure""[tiab] OR ""metabolic rate""[tiab] OR ""peripheral circulation""[tiab] OR ""blood flow""[tiab] OR microcirculation[tiab] OR thermoregulation[tiab] OR ""cold tolerance""[tiab] OR ""cold exposure""[tiab] OR ""thermal sensation""[tiab] OR ""thermal comfort""[tiab] OR ""cold sensitivity""[tiab] OR ""cold hypersensitivity""[tiab])","jinenjo AND (""body temperature"" OR ""core temperature"" OR ""skin temperature"" OR ""tympanic temperature"" OR ""axillary temperature"" OR ""rectal temperature"" OR ""oral temperature"" OR thermogenesis OR ""thermic effect"" OR ""heat production"" OR ""energy expenditure"" OR ""metabolic rate"" OR ""peripheral circulation"" OR ""blood flow"" OR microcirculation OR thermoregulation OR ""cold tolerance"" OR ""cold exposure"" OR ""thermal sensation"" OR ""thermal comfort"" OR ""cold sensitivity"" OR ""cold hypersensitivity"")",
jinenjo,ジネンジョ,single,1,L3,0,,,"jinenjo[tiab] AND (""body temperature""[tiab] OR ""core temperature""[tiab] OR ""skin temperature""[tiab] OR ""tympanic temperature""[tiab] OR ""axillary temperature""[tiab] OR ""rectal temperature""[tiab] OR ""oral temperature""[tiab] OR thermogenesis[tiab] OR ""thermic effect""[tiab] OR ""heat production""[tiab] OR ""energy expenditure""[tiab] OR ""metabolic rate""[tiab] OR ""peripheral circulation""[tiab] OR ""blood flow""[tiab] OR microcirculation[tiab] OR thermoregulation[tiab] OR ""cold tolerance""[tiab] OR ""cold exposure""[tiab] OR ""thermal sensation""[tiab] OR ""thermal comfort""[tiab] OR ""cold sensitivity""[tiab] OR ""cold hypersensitivity""[tiab]) AND ""randomized controlled trial""[pt]",,
jujube,なつめ,single,1,L1,1307,,13995,jujube[tiab],,なつめ
jujube,なつめ,single,1,L2,9,332,,"jujube[tiab] AND (""body temperature""[tiab] OR ""core temperature""[tiab] OR ""skin temperature""[tiab] OR ""tympanic temperature""[tiab] OR ""axillary temperature""[tiab] OR ""rectal temperature""[tiab] OR ""oral temperature""[tiab] OR thermogenesis[tiab] OR ""thermic effect""[tiab] OR ""heat production""[tiab] OR ""energy expenditure""[tiab] OR ""metabolic rate""[tiab] OR ""peripheral circulation""[tiab] OR ""blood flow""[tiab] OR microcirculation[tiab] OR thermoregulation[tiab] OR ""cold tolerance""[tiab] OR ""cold exposure""[tiab] OR ""thermal sensation""[tiab] OR ""thermal comfort""[tiab] OR ""cold sensitivity""[tiab] OR ""cold hypersensitivity""[tiab])","jujube AND (""body temperature"" OR ""core temperature"" OR ""skin temperature"" OR ""tympanic temperature"" OR ""axillary temperature"" OR ""rectal temperature"" OR ""oral temperature"" OR thermogenesis OR ""thermic effect"" OR ""heat production"" OR ""energy expenditure"" OR ""metabolic rate"" OR ""peripheral circulation"" OR ""blood flow"" OR microcirculation OR thermoregulation OR ""cold tolerance"" OR ""cold exposure"" OR ""thermal sensation"" OR ""thermal comfort"" OR ""cold sensitivity"" OR ""cold hypersensitivity"")",
jujube,なつめ,single,1,L3,0,,,"jujube[tiab] AND (""body temperature""[tiab] OR ""core temperature""[tiab] OR ""skin temperature""[tiab] OR ""tympanic temperature""[tiab] OR ""axillary temperature""[tiab] OR ""rectal temperature""[tiab] OR ""oral temperature""[tiab] OR thermogenesis[tiab] OR ""thermic effect""[tiab] OR ""heat production""[tiab] OR ""energy expenditure""[tiab] OR ""metabolic rate""[tiab] OR ""peripheral circulation""[tiab] OR ""blood flow""[tiab] OR microcirculation[tiab] OR thermoregulation[tiab] OR ""cold tolerance""[tiab] OR ""cold exposure""[tiab] OR ""thermal sensation""[tiab] OR ""thermal comfort""[tiab] OR ""cold sensitivity""[tiab] OR ""cold hypersensitivity""[tiab]) AND ""randomized controlled trial""[pt]",,
ketchup,ケチャップ,single,1,L1,217,,147,ketchup[tiab],,ケチャップ
ketchup,ケチャップ,single,1,L2,1,136,,"ketchup[tiab] AND (""body temperature""[tiab] OR ""core temperature""[tiab] OR ""skin temperature""[tiab] OR ""tympanic temperature""[tiab] OR ""axillary temperature""[tiab] OR ""rectal temperature""[tiab] OR ""oral temperature""[tiab] OR thermogenesis[tiab] OR ""thermic effect""[tiab] OR ""heat production""[tiab] OR ""energy expenditure""[tiab] OR ""metabolic rate""[tiab] OR ""peripheral circulation""[tiab] OR ""blood flow""[tiab] OR microcirculation[tiab] OR thermoregulation[tiab] OR ""cold tolerance""[tiab] OR ""cold exposure""[tiab] OR ""thermal sensation""[tiab] OR ""thermal comfort""[tiab] OR ""cold sensitivity""[tiab] OR ""cold hypersensitivity""[tiab])","ketchup AND (""body temperature"" OR ""core temperature"" OR ""skin temperature"" OR ""tympanic temperature"" OR ""axillary temperature"" OR ""rectal temperature"" OR ""oral temperature"" OR thermogenesis OR ""thermic effect"" OR ""heat production"" OR ""energy expenditure"" OR ""metabolic rate"" OR ""peripheral circulation"" OR ""blood flow"" OR microcirculation OR thermoregulation OR ""cold tolerance"" OR ""cold exposure"" OR ""thermal sensation"" OR ""thermal comfort"" OR ""cold sensitivity"" OR ""cold hypersensitivity"")",
ketchup,ケチャップ,single,1,L3,0,,,"ketchup[tiab] AND (""body temperature""[tiab] OR ""core temperature""[tiab] OR ""skin temperature""[tiab] OR ""tympanic temperature""[tiab] OR ""axillary temperature""[tiab] OR ""rectal temperature""[tiab] OR ""oral temperature""[tiab] OR thermogenesis[tiab] OR ""thermic effect""[tiab] OR ""heat production""[tiab] OR ""energy expenditure""[tiab] OR ""metabolic rate""[tiab] OR ""peripheral circulation""[tiab] OR ""blood flow""[tiab] OR microcirculation[tiab] OR thermoregulation[tiab] OR ""cold tolerance""[tiab] OR ""cold exposure""[tiab] OR ""thermal sensation""[tiab] OR ""thermal comfort""[tiab] OR ""cold sensitivity""[tiab] OR ""cold hypersensitivity""[tiab]) AND ""randomized controlled trial""[pt]",,
konjac,こんにゃく,single,1,L1,1648,,2533,konjac[tiab],,こんにゃく
konjac,こんにゃく,single,1,L2,5,415,,"konjac[tiab] AND (""body temperature""[tiab] OR ""core temperature""[tiab] OR ""skin temperature""[tiab] OR ""tympanic temperature""[tiab] OR ""axillary temperature""[tiab] OR ""rectal temperature""[tiab] OR ""oral temperature""[tiab] OR thermogenesis[tiab] OR ""thermic effect""[tiab] OR ""heat production""[tiab] OR ""energy expenditure""[tiab] OR ""metabolic rate""[tiab] OR ""peripheral circulation""[tiab] OR ""blood flow""[tiab] OR microcirculation[tiab] OR thermoregulation[tiab] OR ""cold tolerance""[tiab] OR ""cold exposure""[tiab] OR ""thermal sensation""[tiab] OR ""thermal comfort""[tiab] OR ""cold sensitivity""[tiab] OR ""cold hypersensitivity""[tiab])","konjac AND (""body temperature"" OR ""core temperature"" OR ""skin temperature"" OR ""tympanic temperature"" OR ""axillary temperature"" OR ""rectal temperature"" OR ""oral temperature"" OR thermogenesis OR ""thermic effect"" OR ""heat production"" OR ""energy expenditure"" OR ""metabolic rate"" OR ""peripheral circulation"" OR ""blood flow"" OR microcirculation OR thermoregulation OR ""cold tolerance"" OR ""cold exposure"" OR ""thermal sensation"" OR ""thermal comfort"" OR ""cold sensitivity"" OR ""cold hypersensitivity"")",
konjac,こんにゃく,single,1,L3,2,,,"konjac[tiab] AND (""body temperature""[tiab] OR ""core temperature""[tiab] OR ""skin temperature""[tiab] OR ""tympanic temperature""[tiab] OR ""axillary temperature""[tiab] OR ""rectal temperature""[tiab] OR ""oral temperature""[tiab] OR thermogenesis[tiab] OR ""thermic effect""[tiab] OR ""heat production""[tiab] OR ""energy expenditure""[tiab] OR ""metabolic rate""[tiab] OR ""peripheral circulation""[tiab] OR ""blood flow""[tiab] OR microcirculation[tiab] OR thermoregulation[tiab] OR ""cold tolerance""[tiab] OR ""cold exposure""[tiab] OR ""thermal sensation""[tiab] OR ""thermal comfort""[tiab] OR ""cold sensitivity""[tiab] OR ""cold hypersensitivity""[tiab]) AND ""randomized controlled trial""[pt]",,
lentil,レンズ豆,single,1,L1,2623,,27,lentil[tiab],,レンズ豆
lentil,レンズ豆,single,1,L2,2,784,,"lentil[tiab] AND (""body temperature""[tiab] OR ""core temperature""[tiab] OR ""skin temperature""[tiab] OR ""tympanic temperature""[tiab] OR ""axillary temperature""[tiab] OR ""rectal temperature""[tiab] OR ""oral temperature""[tiab] OR thermogenesis[tiab] OR ""thermic effect""[tiab] OR ""heat production""[tiab] OR ""energy expenditure""[tiab] OR ""metabolic rate""[tiab] OR ""peripheral circulation""[tiab] OR ""blood flow""[tiab] OR microcirculation[tiab] OR thermoregulation[tiab] OR ""cold tolerance""[tiab] OR ""cold exposure""[tiab] OR ""thermal sensation""[tiab] OR ""thermal comfort""[tiab] OR ""cold sensitivity""[tiab] OR ""cold hypersensitivity""[tiab])","lentil AND (""body temperature"" OR ""core temperature"" OR ""skin temperature"" OR ""tympanic temperature"" OR ""axillary temperature"" OR ""rectal temperature"" OR ""oral temperature"" OR thermogenesis OR ""thermic effect"" OR ""heat production"" OR ""energy expenditure"" OR ""metabolic rate"" OR ""peripheral circulation"" OR ""blood flow"" OR microcirculation OR thermoregulation OR ""cold tolerance"" OR ""cold exposure"" OR ""thermal sensation"" OR ""thermal comfort"" OR ""cold sensitivity"" OR ""cold hypersensitivity"")",
lentil,レンズ豆,single,1,L3,0,,,"lentil[tiab] AND (""body temperature""[tiab] OR ""core temperature""[tiab] OR ""skin temperature""[tiab] OR ""tympanic temperature""[tiab] OR ""axillary temperature""[tiab] OR ""rectal temperature""[tiab] OR ""oral temperature""[tiab] OR thermogenesis[tiab] OR ""thermic effect""[tiab] OR ""heat production""[tiab] OR ""energy expenditure""[tiab] OR ""metabolic rate""[tiab] OR ""peripheral circulation""[tiab] OR ""blood flow""[tiab] OR microcirculation[tiab] OR thermoregulation[tiab] OR ""cold tolerance""[tiab] OR ""cold exposure""[tiab] OR ""thermal sensation""[tiab] OR ""thermal comfort""[tiab] OR ""cold sensitivity""[tiab] OR ""cold hypersensitivity""[tiab]) AND ""randomized controlled trial""[pt]",,
mozuku seaweed,もずく,single,1,L1,0,,527,"""mozuku seaweed""[tiab]",,もずく
mozuku seaweed,もずく,single,1,L2,0,0,,"""mozuku seaweed""[tiab] AND (""body temperature""[tiab] OR ""core temperature""[tiab] OR ""skin temperature""[tiab] OR ""tympanic temperature""[tiab] OR ""axillary temperature""[tiab] OR ""rectal temperature""[tiab] OR ""oral temperature""[tiab] OR thermogenesis[tiab] OR ""thermic effect""[tiab] OR ""heat production""[tiab] OR ""energy expenditure""[tiab] OR ""metabolic rate""[tiab] OR ""peripheral circulation""[tiab] OR ""blood flow""[tiab] OR microcirculation[tiab] OR thermoregulation[tiab] OR ""cold tolerance""[tiab] OR ""cold exposure""[tiab] OR ""thermal sensation""[tiab] OR ""thermal comfort""[tiab] OR ""cold sensitivity""[tiab] OR ""cold hypersensitivity""[tiab])","""mozuku seaweed"" AND (""body temperature"" OR ""core temperature"" OR ""skin temperature"" OR ""tympanic temperature"" OR ""axillary temperature"" OR ""rectal temperature"" OR ""oral temperature"" OR thermogenesis OR ""thermic effect"" OR ""heat production"" OR ""energy expenditure"" OR ""metabolic rate"" OR ""peripheral circulation"" OR ""blood flow"" OR microcirculation OR thermoregulation OR ""cold tolerance"" OR ""cold exposure"" OR ""thermal sensation"" OR ""thermal comfort"" OR ""cold sensitivity"" OR ""cold hypersensitivity"")",
mozuku seaweed,もずく,single,1,L3,0,,,"""mozuku seaweed""[tiab] AND (""body temperature""[tiab] OR ""core temperature""[tiab] OR ""skin temperature""[tiab] OR ""tympanic temperature""[tiab] OR ""axillary temperature""[tiab] OR ""rectal temperature""[tiab] OR ""oral temperature""[tiab] OR thermogenesis[tiab] OR ""thermic effect""[tiab] OR ""heat production""[tiab] OR ""energy expenditure""[tiab] OR ""metabolic rate""[tiab] OR ""peripheral circulation""[tiab] OR ""blood flow""[tiab] OR microcirculation[tiab] OR thermoregulation[tiab] OR ""cold tolerance""[tiab] OR ""cold exposure""[tiab] OR ""thermal sensation""[tiab] OR ""thermal comfort""[tiab] OR ""cold sensitivity""[tiab] OR ""cold hypersensitivity""[tiab]) AND ""randomized controlled trial""[pt]",,
mung bean,緑豆,single,1,L1,2441,,302,"""mung bean""[tiab]",,緑豆
mung bean,緑豆,single,1,L2,5,327,,"""mung bean""[tiab] AND (""body temperature""[tiab] OR ""core temperature""[tiab] OR ""skin temperature""[tiab] OR ""tympanic temperature""[tiab] OR ""axillary temperature""[tiab] OR ""rectal temperature""[tiab] OR ""oral temperature""[tiab] OR thermogenesis[tiab] OR ""thermic effect""[tiab] OR ""heat production""[tiab] OR ""energy expenditure""[tiab] OR ""metabolic rate""[tiab] OR ""peripheral circulation""[tiab] OR ""blood flow""[tiab] OR microcirculation[tiab] OR thermoregulation[tiab] OR ""cold tolerance""[tiab] OR ""cold exposure""[tiab] OR ""thermal sensation""[tiab] OR ""thermal comfort""[tiab] OR ""cold sensitivity""[tiab] OR ""cold hypersensitivity""[tiab])","""mung bean"" AND (""body temperature"" OR ""core temperature"" OR ""skin temperature"" OR ""tympanic temperature"" OR ""axillary temperature"" OR ""rectal temperature"" OR ""oral temperature"" OR thermogenesis OR ""thermic effect"" OR ""heat production"" OR ""energy expenditure"" OR ""metabolic rate"" OR ""peripheral circulation"" OR ""blood flow"" OR microcirculation OR thermoregulation OR ""cold tolerance"" OR ""cold exposure"" OR ""thermal sensation"" OR ""thermal comfort"" OR ""cold sensitivity"" OR ""cold hypersensitivity"")",
mung bean,緑豆,single,1,L3,0,,,"""mung bean""[tiab] AND (""body temperature""[tiab] OR ""core temperature""[tiab] OR ""skin temperature""[tiab] OR ""tympanic temperature""[tiab] OR ""axillary temperature""[tiab] OR ""rectal temperature""[tiab] OR ""oral temperature""[tiab] OR thermogenesis[tiab] OR ""thermic effect""[tiab] OR ""heat production""[tiab] OR ""energy expenditure""[tiab] OR ""metabolic rate""[tiab] OR ""peripheral circulation""[tiab] OR ""blood flow""[tiab] OR microcirculation[tiab] OR thermoregulation[tiab] OR ""cold tolerance""[tiab] OR ""cold exposure""[tiab] OR ""thermal sensation""[tiab] OR ""thermal comfort""[tiab] OR ""cold sensitivity""[tiab] OR ""cold hypersensitivity""[tiab]) AND ""randomized controlled trial""[pt]",,
myoga,みょうが,single,1,L1,12,,942,myoga[tiab],,みょうが
myoga,みょうが,single,1,L2,0,38,,"myoga[tiab] AND (""body temperature""[tiab] OR ""core temperature""[tiab] OR ""skin temperature""[tiab] OR ""tympanic temperature""[tiab] OR ""axillary temperature""[tiab] OR ""rectal temperature""[tiab] OR ""oral temperature""[tiab] OR thermogenesis[tiab] OR ""thermic effect""[tiab] OR ""heat production""[tiab] OR ""energy expenditure""[tiab] OR ""metabolic rate""[tiab] OR ""peripheral circulation""[tiab] OR ""blood flow""[tiab] OR microcirculation[tiab] OR thermoregulation[tiab] OR ""cold tolerance""[tiab] OR ""cold exposure""[tiab] OR ""thermal sensation""[tiab] OR ""thermal comfort""[tiab] OR ""cold sensitivity""[tiab] OR ""cold hypersensitivity""[tiab])","myoga AND (""body temperature"" OR ""core temperature"" OR ""skin temperature"" OR ""tympanic temperature"" OR ""axillary temperature"" OR ""rectal temperature"" OR ""oral temperature"" OR thermogenesis OR ""thermic effect"" OR ""heat production"" OR ""energy expenditure"" OR ""metabolic rate"" OR ""peripheral circulation"" OR ""blood flow"" OR microcirculation OR thermoregulation OR ""cold tolerance"" OR ""cold exposure"" OR ""thermal sensation"" OR ""thermal comfort"" OR ""cold sensitivity"" OR ""cold hypersensitivity"")",
myoga,みょうが,single,1,L3,0,,,"myoga[tiab] AND (""body temperature""[tiab] OR ""core temperature""[tiab] OR ""skin temperature""[tiab] OR ""tympanic temperature""[tiab] OR ""axillary temperature""[tiab] OR ""rectal temperature""[tiab] OR ""oral temperature""[tiab] OR thermogenesis[tiab] OR ""thermic effect""[tiab] OR ""heat production""[tiab] OR ""energy expenditure""[tiab] OR ""metabolic rate""[tiab] OR ""peripheral circulation""[tiab] OR ""blood flow""[tiab] OR microcirculation[tiab] OR thermoregulation[tiab] OR ""cold tolerance""[tiab] OR ""cold exposure""[tiab] OR ""thermal sensation""[tiab] OR ""thermal comfort""[tiab] OR ""cold sensitivity""[tiab] OR ""cold hypersensitivity""[tiab]) AND ""randomized controlled trial""[pt]",,
oatmeal,オートミール,single,1,L1,661,,137,oatmeal[tiab],,オートミール
oatmeal,オートミール,single,1,L2,4,715,,"oatmeal[tiab] AND (""body temperature""[tiab] OR ""core temperature""[tiab] OR ""skin temperature""[tiab] OR ""tympanic temperature""[tiab] OR ""axillary temperature""[tiab] OR ""rectal temperature""[tiab] OR ""oral temperature""[tiab] OR thermogenesis[tiab] OR ""thermic effect""[tiab] OR ""heat production""[tiab] OR ""energy expenditure""[tiab] OR ""metabolic rate""[tiab] OR ""peripheral circulation""[tiab] OR ""blood flow""[tiab] OR microcirculation[tiab] OR thermoregulation[tiab] OR ""cold tolerance""[tiab] OR ""cold exposure""[tiab] OR ""thermal sensation""[tiab] OR ""thermal comfort""[tiab] OR ""cold sensitivity""[tiab] OR ""cold hypersensitivity""[tiab])","oatmeal AND (""body temperature"" OR ""core temperature"" OR ""skin temperature"" OR ""tympanic temperature"" OR ""axillary temperature"" OR ""rectal temperature"" OR ""oral temperature"" OR thermogenesis OR ""thermic effect"" OR ""heat production"" OR ""energy expenditure"" OR ""metabolic rate"" OR ""peripheral circulation"" OR ""blood flow"" OR microcirculation OR thermoregulation OR ""cold tolerance"" OR ""cold exposure"" OR ""thermal sensation"" OR ""thermal comfort"" OR ""cold sensitivity"" OR ""cold hypersensitivity"")",
oatmeal,オートミール,single,1,L3,2,,,"oatmeal[tiab] AND (""body temperature""[tiab] OR ""core temperature""[tiab] OR ""skin temperature""[tiab] OR ""tympanic temperature""[tiab] OR ""axillary temperature""[tiab] OR ""rectal temperature""[tiab] OR ""oral temperature""[tiab] OR thermogenesis[tiab] OR ""thermic effect""[tiab] OR ""heat production""[tiab] OR ""energy expenditure""[tiab] OR ""metabolic rate""[tiab] OR ""peripheral circulation""[tiab] OR ""blood flow""[tiab] OR microcirculation[tiab] OR thermoregulation[tiab] OR ""cold tolerance""[tiab] OR ""cold exposure""[tiab] OR ""thermal sensation""[tiab] OR ""thermal comfort""[tiab] OR ""cold sensitivity""[tiab] OR ""cold hypersensitivity""[tiab]) AND ""randomized controlled trial""[pt]",,
okara,おから,single,1,L1,437,,2627,okara[tiab],,おから
okara,おから,single,1,L2,2,168,,"okara[tiab] AND (""body temperature""[tiab] OR ""core temperature""[tiab] OR ""skin temperature""[tiab] OR ""tympanic temperature""[tiab] OR ""axillary temperature""[tiab] OR ""rectal temperature""[tiab] OR ""oral temperature""[tiab] OR thermogenesis[tiab] OR ""thermic effect""[tiab] OR ""heat production""[tiab] OR ""energy expenditure""[tiab] OR ""metabolic rate""[tiab] OR ""peripheral circulation""[tiab] OR ""blood flow""[tiab] OR microcirculation[tiab] OR thermoregulation[tiab] OR ""cold tolerance""[tiab] OR ""cold exposure""[tiab] OR ""thermal sensation""[tiab] OR ""thermal comfort""[tiab] OR ""cold sensitivity""[tiab] OR ""cold hypersensitivity""[tiab])","okara AND (""body temperature"" OR ""core temperature"" OR ""skin temperature"" OR ""tympanic temperature"" OR ""axillary temperature"" OR ""rectal temperature"" OR ""oral temperature"" OR thermogenesis OR ""thermic effect"" OR ""heat production"" OR ""energy expenditure"" OR ""metabolic rate"" OR ""peripheral circulation"" OR ""blood flow"" OR microcirculation OR thermoregulation OR ""cold tolerance"" OR ""cold exposure"" OR ""thermal sensation"" OR ""thermal comfort"" OR ""cold sensitivity"" OR ""cold hypersensitivity"")",
okara,おから,single,1,L3,0,,,"okara[tiab] AND (""body temperature""[tiab] OR ""core temperature""[tiab] OR ""skin temperature""[tiab] OR ""tympanic temperature""[tiab] OR ""axillary temperature""[tiab] OR ""rectal temperature""[tiab] OR ""oral temperature""[tiab] OR thermogenesis[tiab] OR ""thermic effect""[tiab] OR ""heat production""[tiab] OR ""energy expenditure""[tiab] OR ""metabolic rate""[tiab] OR ""peripheral circulation""[tiab] OR ""blood flow""[tiab] OR microcirculation[tiab] OR thermoregulation[tiab] OR ""cold tolerance""[tiab] OR ""cold exposure""[tiab] OR ""thermal sensation""[tiab] OR ""thermal comfort""[tiab] OR ""cold sensitivity""[tiab] OR ""cold hypersensitivity""[tiab]) AND ""randomized controlled trial""[pt]",,
oolong tea,ウーロン茶,single,1,L1,743,,302,"""oolong tea""[tiab]",,ウーロン茶
oolong tea,ウーロン茶,single,1,L2,9,469,,"""oolong tea""[tiab] AND (""body temperature""[tiab] OR ""core temperature""[tiab] OR ""skin temperature""[tiab] OR ""tympanic temperature""[tiab] OR ""axillary temperature""[tiab] OR ""rectal temperature""[tiab] OR ""oral temperature""[tiab] OR thermogenesis[tiab] OR ""thermic effect""[tiab] OR ""heat production""[tiab] OR ""energy expenditure""[tiab] OR ""metabolic rate""[tiab] OR ""peripheral circulation""[tiab] OR ""blood flow""[tiab] OR microcirculation[tiab] OR thermoregulation[tiab] OR ""cold tolerance""[tiab] OR ""cold exposure""[tiab] OR ""thermal sensation""[tiab] OR ""thermal comfort""[tiab] OR ""cold sensitivity""[tiab] OR ""cold hypersensitivity""[tiab])","""oolong tea"" AND (""body temperature"" OR ""core temperature"" OR ""skin temperature"" OR ""tympanic temperature"" OR ""axillary temperature"" OR ""rectal temperature"" OR ""oral temperature"" OR thermogenesis OR ""thermic effect"" OR ""heat production"" OR ""energy expenditure"" OR ""metabolic rate"" OR ""peripheral circulation"" OR ""blood flow"" OR microcirculation OR thermoregulation OR ""cold tolerance"" OR ""cold exposure"" OR ""thermal sensation"" OR ""thermal comfort"" OR ""cold sensitivity"" OR ""cold hypersensitivity"")",
oolong tea,ウーロン茶,single,1,L3,3,,,"""oolong tea""[tiab] AND (""body temperature""[tiab] OR ""core temperature""[tiab] OR ""skin temperature""[tiab] OR ""tympanic temperature""[tiab] OR ""axillary temperature""[tiab] OR ""rectal temperature""[tiab] OR ""oral temperature""[tiab] OR thermogenesis[tiab] OR ""thermic effect""[tiab] OR ""heat production""[tiab] OR ""energy expenditure""[tiab] OR ""metabolic rate""[tiab] OR ""peripheral circulation""[tiab] OR ""blood flow""[tiab] OR microcirculation[tiab] OR thermoregulation[tiab] OR ""cold tolerance""[tiab] OR ""cold exposure""[tiab] OR ""thermal sensation""[tiab] OR ""thermal comfort""[tiab] OR ""cold sensitivity""[tiab] OR ""cold hypersensitivity""[tiab]) AND ""randomized controlled trial""[pt]",,
oyster sauce,オイスターソース,single,1,L1,16,,21,"""oyster sauce""[tiab]",,オイスターソース
oyster sauce,オイスターソース,single,1,L2,0,6,,"""oyster sauce""[tiab] AND (""body temperature""[tiab] OR ""core temperature""[tiab] OR ""skin temperature""[tiab] OR ""tympanic temperature""[tiab] OR ""axillary temperature""[tiab] OR ""rectal temperature""[tiab] OR ""oral temperature""[tiab] OR thermogenesis[tiab] OR ""thermic effect""[tiab] OR ""heat production""[tiab] OR ""energy expenditure""[tiab] OR ""metabolic rate""[tiab] OR ""peripheral circulation""[tiab] OR ""blood flow""[tiab] OR microcirculation[tiab] OR thermoregulation[tiab] OR ""cold tolerance""[tiab] OR ""cold exposure""[tiab] OR ""thermal sensation""[tiab] OR ""thermal comfort""[tiab] OR ""cold sensitivity""[tiab] OR ""cold hypersensitivity""[tiab])","""oyster sauce"" AND (""body temperature"" OR ""core temperature"" OR ""skin temperature"" OR ""tympanic temperature"" OR ""axillary temperature"" OR ""rectal temperature"" OR ""oral temperature"" OR thermogenesis OR ""thermic effect"" OR ""heat production"" OR ""energy expenditure"" OR ""metabolic rate"" OR ""peripheral circulation"" OR ""blood flow"" OR microcirculation OR thermoregulation OR ""cold tolerance"" OR ""cold exposure"" OR ""thermal sensation"" OR ""thermal comfort"" OR ""cold sensitivity"" OR ""cold hypersensitivity"")",
oyster sauce,オイスターソース,single,1,L3,0,,,"""oyster sauce""[tiab] AND (""body temperature""[tiab] OR ""core temperature""[tiab] OR ""skin temperature""[tiab] OR ""tympanic temperature""[tiab] OR ""axillary temperature""[tiab] OR ""rectal temperature""[tiab] OR ""oral temperature""[tiab] OR thermogenesis[tiab] OR ""thermic effect""[tiab] OR ""heat production""[tiab] OR ""energy expenditure""[tiab] OR ""metabolic rate""[tiab] OR ""peripheral circulation""[tiab] OR ""blood flow""[tiab] OR microcirculation[tiab] OR thermoregulation[tiab] OR ""cold tolerance""[tiab] OR ""cold exposure""[tiab] OR ""thermal sensation""[tiab] OR ""thermal comfort""[tiab] OR ""cold sensitivity""[tiab] OR ""cold hypersensitivity""[tiab]) AND ""randomized controlled trial""[pt]",,
pasta,パスタ,single,1,L1,3334,,2045,pasta[tiab],,パスタ
pasta,パスタ,single,1,L2,28,1669,,"pasta[tiab] AND (""body temperature""[tiab] OR ""core temperature""[tiab] OR ""skin temperature""[tiab] OR ""tympanic temperature""[tiab] OR ""axillary temperature""[tiab] OR ""rectal temperature""[tiab] OR ""oral temperature""[tiab] OR thermogenesis[tiab] OR ""thermic effect""[tiab] OR ""heat production""[tiab] OR ""energy expenditure""[tiab] OR ""metabolic rate""[tiab] OR ""peripheral circulation""[tiab] OR ""blood flow""[tiab] OR microcirculation[tiab] OR thermoregulation[tiab] OR ""cold tolerance""[tiab] OR ""cold exposure""[tiab] OR ""thermal sensation""[tiab] OR ""thermal comfort""[tiab] OR ""cold sensitivity""[tiab] OR ""cold hypersensitivity""[tiab])","pasta AND (""body temperature"" OR ""core temperature"" OR ""skin temperature"" OR ""tympanic temperature"" OR ""axillary temperature"" OR ""rectal temperature"" OR ""oral temperature"" OR thermogenesis OR ""thermic effect"" OR ""heat production"" OR ""energy expenditure"" OR ""metabolic rate"" OR ""peripheral circulation"" OR ""blood flow"" OR microcirculation OR thermoregulation OR ""cold tolerance"" OR ""cold exposure"" OR ""thermal sensation"" OR ""thermal comfort"" OR ""cold sensitivity"" OR ""cold hypersensitivity"")",
pasta,パスタ,single,1,L3,12,,,"pasta[tiab] AND (""body temperature""[tiab] OR ""core temperature""[tiab] OR ""skin temperature""[tiab] OR ""tympanic temperature""[tiab] OR ""axillary temperature""[tiab] OR ""rectal temperature""[tiab] OR ""oral temperature""[tiab] OR thermogenesis[tiab] OR ""thermic effect""[tiab] OR ""heat production""[tiab] OR ""energy expenditure""[tiab] OR ""metabolic rate""[tiab] OR ""peripheral circulation""[tiab] OR ""blood flow""[tiab] OR microcirculation[tiab] OR thermoregulation[tiab] OR ""cold tolerance""[tiab] OR ""cold exposure""[tiab] OR ""thermal sensation""[tiab] OR ""thermal comfort""[tiab] OR ""cold sensitivity""[tiab] OR ""cold hypersensitivity""[tiab]) AND ""randomized controlled trial""[pt]",,
perilla,しそ,single,1,L1,1471,,142941,perilla[tiab],,しそ
perilla,しそ,single,1,L2,7,409,,"perilla[tiab] AND (""body temperature""[tiab] OR ""core temperature""[tiab] OR ""skin temperature""[tiab] OR ""tympanic temperature""[tiab] OR ""axillary temperature""[tiab] OR ""rectal temperature""[tiab] OR ""oral temperature""[tiab] OR thermogenesis[tiab] OR ""thermic effect""[tiab] OR ""heat production""[tiab] OR ""energy expenditure""[tiab] OR ""metabolic rate""[tiab] OR ""peripheral circulation""[tiab] OR ""blood flow""[tiab] OR microcirculation[tiab] OR thermoregulation[tiab] OR ""cold tolerance""[tiab] OR ""cold exposure""[tiab] OR ""thermal sensation""[tiab] OR ""thermal comfort""[tiab] OR ""cold sensitivity""[tiab] OR ""cold hypersensitivity""[tiab])","perilla AND (""body temperature"" OR ""core temperature"" OR ""skin temperature"" OR ""tympanic temperature"" OR ""axillary temperature"" OR ""rectal temperature"" OR ""oral temperature"" OR thermogenesis OR ""thermic effect"" OR ""heat production"" OR ""energy expenditure"" OR ""metabolic rate"" OR ""peripheral circulation"" OR ""blood flow"" OR microcirculation OR thermoregulation OR ""cold tolerance"" OR ""cold exposure"" OR ""thermal sensation"" OR ""thermal comfort"" OR ""cold sensitivity"" OR ""cold hypersensitivity"")",
perilla,しそ,single,1,L3,1,,,"perilla[tiab] AND (""body temperature""[tiab] OR ""core temperature""[tiab] OR ""skin temperature""[tiab] OR ""tympanic temperature""[tiab] OR ""axillary temperature""[tiab] OR ""rectal temperature""[tiab] OR ""oral temperature""[tiab] OR thermogenesis[tiab] OR ""thermic effect""[tiab] OR ""heat production""[tiab] OR ""energy expenditure""[tiab] OR ""metabolic rate""[tiab] OR ""peripheral circulation""[tiab] OR ""blood flow""[tiab] OR microcirculation[tiab] OR thermoregulation[tiab] OR ""cold tolerance""[tiab] OR ""cold exposure""[tiab] OR ""thermal sensation""[tiab] OR ""thermal comfort""[tiab] OR ""cold sensitivity""[tiab] OR ""cold hypersensitivity""[tiab]) AND ""randomized controlled trial""[pt]",,
pine nut,松の実,single,1,L1,220,,59,"""pine nut""[tiab]",,松の実
pine nut,松の実,single,1,L2,3,88,,"""pine nut""[tiab] AND (""body temperature""[tiab] OR ""core temperature""[tiab] OR ""skin temperature""[tiab] OR ""tympanic temperature""[tiab] OR ""axillary temperature""[tiab] OR ""rectal temperature""[tiab] OR ""oral temperature""[tiab] OR thermogenesis[tiab] OR ""thermic effect""[tiab] OR ""heat production""[tiab] OR ""energy expenditure""[tiab] OR ""metabolic rate""[tiab] OR ""peripheral circulation""[tiab] OR ""blood flow""[tiab] OR microcirculation[tiab] OR thermoregulation[tiab] OR ""cold tolerance""[tiab] OR ""cold exposure""[tiab] OR ""thermal sensation""[tiab] OR ""thermal comfort""[tiab] OR ""cold sensitivity""[tiab] OR ""cold hypersensitivity""[tiab])","""pine nut"" AND (""body temperature"" OR ""core temperature"" OR ""skin temperature"" OR ""tympanic temperature"" OR ""axillary temperature"" OR ""rectal temperature"" OR ""oral temperature"" OR thermogenesis OR ""thermic effect"" OR ""heat production"" OR ""energy expenditure"" OR ""metabolic rate"" OR ""peripheral circulation"" OR ""blood flow"" OR microcirculation OR thermoregulation OR ""cold tolerance"" OR ""cold exposure"" OR ""thermal sensation"" OR ""thermal comfort"" OR ""cold sensitivity"" OR ""cold hypersensitivity"")",
pine nut,松の実,single,1,L3,0,,,"""pine nut""[tiab] AND (""body temperature""[tiab] OR ""core temperature""[tiab] OR ""skin temperature""[tiab] OR ""tympanic temperature""[tiab] OR ""axillary temperature""[tiab] OR ""rectal temperature""[tiab] OR ""oral temperature""[tiab] OR thermogenesis[tiab] OR ""thermic effect""[tiab] OR ""heat production""[tiab] OR ""energy expenditure""[tiab] OR ""metabolic rate""[tiab] OR ""peripheral circulation""[tiab] OR ""blood flow""[tiab] OR microcirculation[tiab] OR thermoregulation[tiab] OR ""cold tolerance""[tiab] OR ""cold exposure""[tiab] OR ""thermal sensation""[tiab] OR ""thermal comfort""[tiab] OR ""cold sensitivity""[tiab] OR ""cold hypersensitivity""[tiab]) AND ""randomized controlled trial""[pt]",,
pu-erh tea,プーアール茶,single,1,L1,355,,76,"""pu-erh tea""[tiab]",,プーアール茶
pu-erh tea,プーアール茶,single,1,L2,2,189,,"""pu-erh tea""[tiab] AND (""body temperature""[tiab] OR ""core temperature""[tiab] OR ""skin temperature""[tiab] OR ""tympanic temperature""[tiab] OR ""axillary temperature""[tiab] OR ""rectal temperature""[tiab] OR ""oral temperature""[tiab] OR thermogenesis[tiab] OR ""thermic effect""[tiab] OR ""heat production""[tiab] OR ""energy expenditure""[tiab] OR ""metabolic rate""[tiab] OR ""peripheral circulation""[tiab] OR ""blood flow""[tiab] OR microcirculation[tiab] OR thermoregulation[tiab] OR ""cold tolerance""[tiab] OR ""cold exposure""[tiab] OR ""thermal sensation""[tiab] OR ""thermal comfort""[tiab] OR ""cold sensitivity""[tiab] OR ""cold hypersensitivity""[tiab])","""pu-erh tea"" AND (""body temperature"" OR ""core temperature"" OR ""skin temperature"" OR ""tympanic temperature"" OR ""axillary temperature"" OR ""rectal temperature"" OR ""oral temperature"" OR thermogenesis OR ""thermic effect"" OR ""heat production"" OR ""energy expenditure"" OR ""metabolic rate"" OR ""peripheral circulation"" OR ""blood flow"" OR microcirculation OR thermoregulation OR ""cold tolerance"" OR ""cold exposure"" OR ""thermal sensation"" OR ""thermal comfort"" OR ""cold sensitivity"" OR ""cold hypersensitivity"")",
pu-erh tea,プーアール茶,single,1,L3,0,,,"""pu-erh tea""[tiab] AND (""body temperature""[tiab] OR ""core temperature""[tiab] OR ""skin temperature""[tiab] OR ""tympanic temperature""[tiab] OR ""axillary temperature""[tiab] OR ""rectal temperature""[tiab] OR ""oral temperature""[tiab] OR thermogenesis[tiab] OR ""thermic effect""[tiab] OR ""heat production""[tiab] OR ""energy expenditure""[tiab] OR ""metabolic rate""[tiab] OR ""peripheral circulation""[tiab] OR ""blood flow""[tiab] OR microcirculation[tiab] OR thermoregulation[tiab] OR ""cold tolerance""[tiab] OR ""cold exposure""[tiab] OR ""thermal sensation""[tiab] OR ""thermal comfort""[tiab] OR ""cold sensitivity""[tiab] OR ""cold hypersensitivity""[tiab]) AND ""randomized controlled trial""[pt]",,
quinoa,キヌア,single,1,L1,2527,,171,quinoa[tiab],,キヌア
quinoa,キヌア,single,1,L2,4,402,,"quinoa[tiab] AND (""body temperature""[tiab] OR ""core temperature""[tiab] OR ""skin temperature""[tiab] OR ""tympanic temperature""[tiab] OR ""axillary temperature""[tiab] OR ""rectal temperature""[tiab] OR ""oral temperature""[tiab] OR thermogenesis[tiab] OR ""thermic effect""[tiab] OR ""heat production""[tiab] OR ""energy expenditure""[tiab] OR ""metabolic rate""[tiab] OR ""peripheral circulation""[tiab] OR ""blood flow""[tiab] OR microcirculation[tiab] OR thermoregulation[tiab] OR ""cold tolerance""[tiab] OR ""cold exposure""[tiab] OR ""thermal sensation""[tiab] OR ""thermal comfort""[tiab] OR ""cold sensitivity""[tiab] OR ""cold hypersensitivity""[tiab])","quinoa AND (""body temperature"" OR ""core temperature"" OR ""skin temperature"" OR ""tympanic temperature"" OR ""axillary temperature"" OR ""rectal temperature"" OR ""oral temperature"" OR thermogenesis OR ""thermic effect"" OR ""heat production"" OR ""energy expenditure"" OR ""metabolic rate"" OR ""peripheral circulation"" OR ""blood flow"" OR microcirculation OR thermoregulation OR ""cold tolerance"" OR ""cold exposure"" OR ""thermal sensation"" OR ""thermal comfort"" OR ""cold sensitivity"" OR ""cold hypersensitivity"")",
quinoa,キヌア,single,1,L3,0,,,"quinoa[tiab] AND (""body temperature""[tiab] OR ""core temperature""[tiab] OR ""skin temperature""[tiab] OR ""tympanic temperature""[tiab] OR ""axillary temperature""[tiab] OR ""rectal temperature""[tiab] OR ""oral temperature""[tiab] OR thermogenesis[tiab] OR ""thermic effect""[tiab] OR ""heat production""[tiab] OR ""energy expenditure""[tiab] OR ""metabolic rate""[tiab] OR ""peripheral circulation""[tiab] OR ""blood flow""[tiab] OR microcirculation[tiab] OR thermoregulation[tiab] OR ""cold tolerance""[tiab] OR ""cold exposure""[tiab] OR ""thermal sensation""[tiab] OR ""thermal comfort""[tiab] OR ""cold sensitivity""[tiab] OR ""cold hypersensitivity""[tiab]) AND ""randomized controlled trial""[pt]",,
radish sprouts,かいわれ大根,single,1,L1,111,,116,"""radish sprouts""[tiab]",,かいわれ大根
radish sprouts,かいわれ大根,single,1,L2,0,33,,"""radish sprouts""[tiab] AND (""body temperature""[tiab] OR ""core temperature""[tiab] OR ""skin temperature""[tiab] OR ""tympanic temperature""[tiab] OR ""axillary temperature""[tiab] OR ""rectal temperature""[tiab] OR ""oral temperature""[tiab] OR thermogenesis[tiab] OR ""thermic effect""[tiab] OR ""heat production""[tiab] OR ""energy expenditure""[tiab] OR ""metabolic rate""[tiab] OR ""peripheral circulation""[tiab] OR ""blood flow""[tiab] OR microcirculation[tiab] OR thermoregulation[tiab] OR ""cold tolerance""[tiab] OR ""cold exposure""[tiab] OR ""thermal sensation""[tiab] OR ""thermal comfort""[tiab] OR ""cold sensitivity""[tiab] OR ""cold hypersensitivity""[tiab])","""radish sprouts"" AND (""body temperature"" OR ""core temperature"" OR ""skin temperature"" OR ""tympanic temperature"" OR ""axillary temperature"" OR ""rectal temperature"" OR ""oral temperature"" OR thermogenesis OR ""thermic effect"" OR ""heat production"" OR ""energy expenditure"" OR ""metabolic rate"" OR ""peripheral circulation"" OR ""blood flow"" OR microcirculation OR thermoregulation OR ""cold tolerance"" OR ""cold exposure"" OR ""thermal sensation"" OR ""thermal comfort"" OR ""cold sensitivity"" OR ""cold hypersensitivity"")",
radish sprouts,かいわれ大根,single,1,L3,0,,,"""radish sprouts""[tiab] AND (""body temperature""[tiab] OR ""core temperature""[tiab] OR ""skin temperature""[tiab] OR ""tympanic temperature""[tiab] OR ""axillary temperature""[tiab] OR ""rectal temperature""[tiab] OR ""oral temperature""[tiab] OR thermogenesis[tiab] OR ""thermic effect""[tiab] OR ""heat production""[tiab] OR ""energy expenditure""[tiab] OR ""metabolic rate""[tiab] OR ""peripheral circulation""[tiab] OR ""blood flow""[tiab] OR microcirculation[tiab] OR thermoregulation[tiab] OR ""cold tolerance""[tiab] OR ""cold exposure""[tiab] OR ""thermal sensation""[tiab] OR ""thermal comfort""[tiab] OR ""cold sensitivity""[tiab] OR ""cold hypersensitivity""[tiab]) AND ""randomized controlled trial""[pt]",,
rapeseed flowers,菜の花,single,1,L1,10,,928,"""rapeseed flowers""[tiab]",,菜の花
rapeseed flowers,菜の花,single,1,L2,0,2,,"""rapeseed flowers""[tiab] AND (""body temperature""[tiab] OR ""core temperature""[tiab] OR ""skin temperature""[tiab] OR ""tympanic temperature""[tiab] OR ""axillary temperature""[tiab] OR ""rectal temperature""[tiab] OR ""oral temperature""[tiab] OR thermogenesis[tiab] OR ""thermic effect""[tiab] OR ""heat production""[tiab] OR ""energy expenditure""[tiab] OR ""metabolic rate""[tiab] OR ""peripheral circulation""[tiab] OR ""blood flow""[tiab] OR microcirculation[tiab] OR thermoregulation[tiab] OR ""cold tolerance""[tiab] OR ""cold exposure""[tiab] OR ""thermal sensation""[tiab] OR ""thermal comfort""[tiab] OR ""cold sensitivity""[tiab] OR ""cold hypersensitivity""[tiab])","""rapeseed flowers"" AND (""body temperature"" OR ""core temperature"" OR ""skin temperature"" OR ""tympanic temperature"" OR ""axillary temperature"" OR ""rectal temperature"" OR ""oral temperature"" OR thermogenesis OR ""thermic effect"" OR ""heat production"" OR ""energy expenditure"" OR ""metabolic rate"" OR ""peripheral circulation"" OR ""blood flow"" OR microcirculation OR thermoregulation OR ""cold tolerance"" OR ""cold exposure"" OR ""thermal sensation"" OR ""thermal comfort"" OR ""cold sensitivity"" OR ""cold hypersensitivity"")",
rapeseed flowers,菜の花,single,1,L3,0,,,"""rapeseed flowers""[tiab] AND (""body temperature""[tiab] OR ""core temperature""[tiab] OR ""skin temperature""[tiab] OR ""tympanic temperature""[tiab] OR ""axillary temperature""[tiab] OR ""rectal temperature""[tiab] OR ""oral temperature""[tiab] OR thermogenesis[tiab] OR ""thermic effect""[tiab] OR ""heat production""[tiab] OR ""energy expenditure""[tiab] OR ""metabolic rate""[tiab] OR ""peripheral circulation""[tiab] OR ""blood flow""[tiab] OR microcirculation[tiab] OR thermoregulation[tiab] OR ""cold tolerance""[tiab] OR ""cold exposure""[tiab] OR ""thermal sensation""[tiab] OR ""thermal comfort""[tiab] OR ""cold sensitivity""[tiab] OR ""cold hypersensitivity""[tiab]) AND ""randomized controlled trial""[pt]",,
rice cake,もち,single,1,L1,133,,377354,"""rice cake""[tiab]",,もち
rice cake,もち,single,1,L2,1,70,,"""rice cake""[tiab] AND (""body temperature""[tiab] OR ""core temperature""[tiab] OR ""skin temperature""[tiab] OR ""tympanic temperature""[tiab] OR ""axillary temperature""[tiab] OR ""rectal temperature""[tiab] OR ""oral temperature""[tiab] OR thermogenesis[tiab] OR ""thermic effect""[tiab] OR ""heat production""[tiab] OR ""energy expenditure""[tiab] OR ""metabolic rate""[tiab] OR ""peripheral circulation""[tiab] OR ""blood flow""[tiab] OR microcirculation[tiab] OR thermoregulation[tiab] OR ""cold tolerance""[tiab] OR ""cold exposure""[tiab] OR ""thermal sensation""[tiab] OR ""thermal comfort""[tiab] OR ""cold sensitivity""[tiab] OR ""cold hypersensitivity""[tiab])","""rice cake"" AND (""body temperature"" OR ""core temperature"" OR ""skin temperature"" OR ""tympanic temperature"" OR ""axillary temperature"" OR ""rectal temperature"" OR ""oral temperature"" OR thermogenesis OR ""thermic effect"" OR ""heat production"" OR ""energy expenditure"" OR ""metabolic rate"" OR ""peripheral circulation"" OR ""blood flow"" OR microcirculation OR thermoregulation OR ""cold tolerance"" OR ""cold exposure"" OR ""thermal sensation"" OR ""thermal comfort"" OR ""cold sensitivity"" OR ""cold hypersensitivity"")",
rice cake,もち,single,1,L3,0,,,"""rice cake""[tiab] AND (""body temperature""[tiab] OR ""core temperature""[tiab] OR ""skin temperature""[tiab] OR ""tympanic temperature""[tiab] OR ""axillary temperature""[tiab] OR ""rectal temperature""[tiab] OR ""oral temperature""[tiab] OR thermogenesis[tiab] OR ""thermic effect""[tiab] OR ""heat production""[tiab] OR ""energy expenditure""[tiab] OR ""metabolic rate""[tiab] OR ""peripheral circulation""[tiab] OR ""blood flow""[tiab] OR microcirculation[tiab] OR thermoregulation[tiab] OR ""cold tolerance""[tiab] OR ""cold exposure""[tiab] OR ""thermal sensation""[tiab] OR ""thermal comfort""[tiab] OR ""cold sensitivity""[tiab] OR ""cold hypersensitivity""[tiab]) AND ""randomized controlled trial""[pt]",,
rooibos tea,ルイボスティー,single,1,L1,155,,33,"""rooibos tea""[tiab]",,ルイボスティー
rooibos tea,ルイボスティー,single,1,L2,1,61,,"""rooibos tea""[tiab] AND (""body temperature""[tiab] OR ""core temperature""[tiab] OR ""skin temperature""[tiab] OR ""tympanic temperature""[tiab] OR ""axillary temperature""[tiab] OR ""rectal temperature""[tiab] OR ""oral temperature""[tiab] OR thermogenesis[tiab] OR ""thermic effect""[tiab] OR ""heat production""[tiab] OR ""energy expenditure""[tiab] OR ""metabolic rate""[tiab] OR ""peripheral circulation""[tiab] OR ""blood flow""[tiab] OR microcirculation[tiab] OR thermoregulation[tiab] OR ""cold tolerance""[tiab] OR ""cold exposure""[tiab] OR ""thermal sensation""[tiab] OR ""thermal comfort""[tiab] OR ""cold sensitivity""[tiab] OR ""cold hypersensitivity""[tiab])","""rooibos tea"" AND (""body temperature"" OR ""core temperature"" OR ""skin temperature"" OR ""tympanic temperature"" OR ""axillary temperature"" OR ""rectal temperature"" OR ""oral temperature"" OR thermogenesis OR ""thermic effect"" OR ""heat production"" OR ""energy expenditure"" OR ""metabolic rate"" OR ""peripheral circulation"" OR ""blood flow"" OR microcirculation OR thermoregulation OR ""cold tolerance"" OR ""cold exposure"" OR ""thermal sensation"" OR ""thermal comfort"" OR ""cold sensitivity"" OR ""cold hypersensitivity"")",
rooibos tea,ルイボスティー,single,1,L3,0,,,"""rooibos tea""[tiab] AND (""body temperature""[tiab] OR ""core temperature""[tiab] OR ""skin temperature""[tiab] OR ""tympanic temperature""[tiab] OR ""axillary temperature""[tiab] OR ""rectal temperature""[tiab] OR ""oral temperature""[tiab] OR thermogenesis[tiab] OR ""thermic effect""[tiab] OR ""heat production""[tiab] OR ""energy expenditure""[tiab] OR ""metabolic rate""[tiab] OR ""peripheral circulation""[tiab] OR ""blood flow""[tiab] OR microcirculation[tiab] OR thermoregulation[tiab] OR ""cold tolerance""[tiab] OR ""cold exposure""[tiab] OR ""thermal sensation""[tiab] OR ""thermal comfort""[tiab] OR ""cold sensitivity""[tiab] OR ""cold hypersensitivity""[tiab]) AND ""randomized controlled trial""[pt]",,
runner bean,花豆,single,1,L1,92,,58,"""runner bean""[tiab]",,花豆
runner bean,花豆,single,1,L2,0,21,,"""runner bean""[tiab] AND (""body temperature""[tiab] OR ""core temperature""[tiab] OR ""skin temperature""[tiab] OR ""tympanic temperature""[tiab] OR ""axillary temperature""[tiab] OR ""rectal temperature""[tiab] OR ""oral temperature""[tiab] OR thermogenesis[tiab] OR ""thermic effect""[tiab] OR ""heat production""[tiab] OR ""energy expenditure""[tiab] OR ""metabolic rate""[tiab] OR ""peripheral circulation""[tiab] OR ""blood flow""[tiab] OR microcirculation[tiab] OR thermoregulation[tiab] OR ""cold tolerance""[tiab] OR ""cold exposure""[tiab] OR ""thermal sensation""[tiab] OR ""thermal comfort""[tiab] OR ""cold sensitivity""[tiab] OR ""cold hypersensitivity""[tiab])","""runner bean"" AND (""body temperature"" OR ""core temperature"" OR ""skin temperature"" OR ""tympanic temperature"" OR ""axillary temperature"" OR ""rectal temperature"" OR ""oral temperature"" OR thermogenesis OR ""thermic effect"" OR ""heat production"" OR ""energy expenditure"" OR ""metabolic rate"" OR ""peripheral circulation"" OR ""blood flow"" OR microcirculation OR thermoregulation OR ""cold tolerance"" OR ""cold exposure"" OR ""thermal sensation"" OR ""thermal comfort"" OR ""cold sensitivity"" OR ""cold hypersensitivity"")",
runner bean,花豆,single,1,L3,0,,,"""runner bean""[tiab] AND (""body temperature""[tiab] OR ""core temperature""[tiab] OR ""skin temperature""[tiab] OR ""tympanic temperature""[tiab] OR ""axillary temperature""[tiab] OR ""rectal temperature""[tiab] OR ""oral temperature""[tiab] OR thermogenesis[tiab] OR ""thermic effect""[tiab] OR ""heat production""[tiab] OR ""energy expenditure""[tiab] OR ""metabolic rate""[tiab] OR ""peripheral circulation""[tiab] OR ""blood flow""[tiab] OR microcirculation[tiab] OR thermoregulation[tiab] OR ""cold tolerance""[tiab] OR ""cold exposure""[tiab] OR ""thermal sensation""[tiab] OR ""thermal comfort""[tiab] OR ""cold sensitivity""[tiab] OR ""cold hypersensitivity""[tiab]) AND ""randomized controlled trial""[pt]",,
sake lees,酒粕,single,1,L1,42,,535,"""sake lees""[tiab]",,酒粕
sake lees,酒粕,single,1,L2,0,11,,"""sake lees""[tiab] AND (""body temperature""[tiab] OR ""core temperature""[tiab] OR ""skin temperature""[tiab] OR ""tympanic temperature""[tiab] OR ""axillary temperature""[tiab] OR ""rectal temperature""[tiab] OR ""oral temperature""[tiab] OR thermogenesis[tiab] OR ""thermic effect""[tiab] OR ""heat production""[tiab] OR ""energy expenditure""[tiab] OR ""metabolic rate""[tiab] OR ""peripheral circulation""[tiab] OR ""blood flow""[tiab] OR microcirculation[tiab] OR thermoregulation[tiab] OR ""cold tolerance""[tiab] OR ""cold exposure""[tiab] OR ""thermal sensation""[tiab] OR ""thermal comfort""[tiab] OR ""cold sensitivity""[tiab] OR ""cold hypersensitivity""[tiab])","""sake lees"" AND (""body temperature"" OR ""core temperature"" OR ""skin temperature"" OR ""tympanic temperature"" OR ""axillary temperature"" OR ""rectal temperature"" OR ""oral temperature"" OR thermogenesis OR ""thermic effect"" OR ""heat production"" OR ""energy expenditure"" OR ""metabolic rate"" OR ""peripheral circulation"" OR ""blood flow"" OR microcirculation OR thermoregulation OR ""cold tolerance"" OR ""cold exposure"" OR ""thermal sensation"" OR ""thermal comfort"" OR ""cold sensitivity"" OR ""cold hypersensitivity"")",
sake lees,酒粕,single,1,L3,0,,,"""sake lees""[tiab] AND (""body temperature""[tiab] OR ""core temperature""[tiab] OR ""skin temperature""[tiab] OR ""tympanic temperature""[tiab] OR ""axillary temperature""[tiab] OR ""rectal temperature""[tiab] OR ""oral temperature""[tiab] OR thermogenesis[tiab] OR ""thermic effect""[tiab] OR ""heat production""[tiab] OR ""energy expenditure""[tiab] OR ""metabolic rate""[tiab] OR ""peripheral circulation""[tiab] OR ""blood flow""[tiab] OR microcirculation[tiab] OR thermoregulation[tiab] OR ""cold tolerance""[tiab] OR ""cold exposure""[tiab] OR ""thermal sensation""[tiab] OR ""thermal comfort""[tiab] OR ""cold sensitivity""[tiab] OR ""cold hypersensitivity""[tiab]) AND ""randomized controlled trial""[pt]",,
sesame oil,ごま油,single,1,L1,2312,,497,"""sesame oil""[tiab]",,ごま油
sesame oil,ごま油,single,1,L2,25,773,,"""sesame oil""[tiab] AND (""body temperature""[tiab] OR ""core temperature""[tiab] OR ""skin temperature""[tiab] OR ""tympanic temperature""[tiab] OR ""axillary temperature""[tiab] OR ""rectal temperature""[tiab] OR ""oral temperature""[tiab] OR thermogenesis[tiab] OR ""thermic effect""[tiab] OR ""heat production""[tiab] OR ""energy expenditure""[tiab] OR ""metabolic rate""[tiab] OR ""peripheral circulation""[tiab] OR ""blood flow""[tiab] OR microcirculation[tiab] OR thermoregulation[tiab] OR ""cold tolerance""[tiab] OR ""cold exposure""[tiab] OR ""thermal sensation""[tiab] OR ""thermal comfort""[tiab] OR ""cold sensitivity""[tiab] OR ""cold hypersensitivity""[tiab])","""sesame oil"" AND (""body temperature"" OR ""core temperature"" OR ""skin temperature"" OR ""tympanic temperature"" OR ""axillary temperature"" OR ""rectal temperature"" OR ""oral temperature"" OR thermogenesis OR ""thermic effect"" OR ""heat production"" OR ""energy expenditure"" OR ""metabolic rate"" OR ""peripheral circulation"" OR ""blood flow"" OR microcirculation OR thermoregulation OR ""cold tolerance"" OR ""cold exposure"" OR ""thermal sensation"" OR ""thermal comfort"" OR ""cold sensitivity"" OR ""cold hypersensitivity"")",
sesame oil,ごま油,single,1,L3,3,,,"""sesame oil""[tiab] AND (""body temperature""[tiab] OR ""core temperature""[tiab] OR ""skin temperature""[tiab] OR ""tympanic temperature""[tiab] OR ""axillary temperature""[tiab] OR ""rectal temperature""[tiab] OR ""oral temperature""[tiab] OR thermogenesis[tiab] OR ""thermic effect""[tiab] OR ""heat production""[tiab] OR ""energy expenditure""[tiab] OR ""metabolic rate""[tiab] OR ""peripheral circulation""[tiab] OR ""blood flow""[tiab] OR microcirculation[tiab] OR thermoregulation[tiab] OR ""cold tolerance""[tiab] OR ""cold exposure""[tiab] OR ""thermal sensation""[tiab] OR ""thermal comfort""[tiab] OR ""cold sensitivity""[tiab] OR ""cold hypersensitivity""[tiab]) AND ""randomized controlled trial""[pt]",,
shaoxing wine,紹興酒,single,1,L1,5,,58,"""shaoxing wine""[tiab]",,紹興酒
shaoxing wine,紹興酒,single,1,L2,0,1,,"""shaoxing wine""[tiab] AND (""body temperature""[tiab] OR ""core temperature""[tiab] OR ""skin temperature""[tiab] OR ""tympanic temperature""[tiab] OR ""axillary temperature""[tiab] OR ""rectal temperature""[tiab] OR ""oral temperature""[tiab] OR thermogenesis[tiab] OR ""thermic effect""[tiab] OR ""heat production""[tiab] OR ""energy expenditure""[tiab] OR ""metabolic rate""[tiab] OR ""peripheral circulation""[tiab] OR ""blood flow""[tiab] OR microcirculation[tiab] OR thermoregulation[tiab] OR ""cold tolerance""[tiab] OR ""cold exposure""[tiab] OR ""thermal sensation""[tiab] OR ""thermal comfort""[tiab] OR ""cold sensitivity""[tiab] OR ""cold hypersensitivity""[tiab])","""shaoxing wine"" AND (""body temperature"" OR ""core temperature"" OR ""skin temperature"" OR ""tympanic temperature"" OR ""axillary temperature"" OR ""rectal temperature"" OR ""oral temperature"" OR thermogenesis OR ""thermic effect"" OR ""heat production"" OR ""energy expenditure"" OR ""metabolic rate"" OR ""peripheral circulation"" OR ""blood flow"" OR microcirculation OR thermoregulation OR ""cold tolerance"" OR ""cold exposure"" OR ""thermal sensation"" OR ""thermal comfort"" OR ""cold sensitivity"" OR ""cold hypersensitivity"")",
shaoxing wine,紹興酒,single,1,L3,0,,,"""shaoxing wine""[tiab] AND (""body temperature""[tiab] OR ""core temperature""[tiab] OR ""skin temperature""[tiab] OR ""tympanic temperature""[tiab] OR ""axillary temperature""[tiab] OR ""rectal temperature""[tiab] OR ""oral temperature""[tiab] OR thermogenesis[tiab] OR ""thermic effect""[tiab] OR ""heat production""[tiab] OR ""energy expenditure""[tiab] OR ""metabolic rate""[tiab] OR ""peripheral circulation""[tiab] OR ""blood flow""[tiab] OR microcirculation[tiab] OR thermoregulation[tiab] OR ""cold tolerance""[tiab] OR ""cold exposure""[tiab] OR ""thermal sensation""[tiab] OR ""thermal comfort""[tiab] OR ""cold sensitivity""[tiab] OR ""cold hypersensitivity""[tiab]) AND ""randomized controlled trial""[pt]",,
shijimi clam,しじみ,single,1,L1,2,,3631,"""shijimi clam""[tiab]",,しじみ
shijimi clam,しじみ,single,1,L2,0,0,,"""shijimi clam""[tiab] AND (""body temperature""[tiab] OR ""core temperature""[tiab] OR ""skin temperature""[tiab] OR ""tympanic temperature""[tiab] OR ""axillary temperature""[tiab] OR ""rectal temperature""[tiab] OR ""oral temperature""[tiab] OR thermogenesis[tiab] OR ""thermic effect""[tiab] OR ""heat production""[tiab] OR ""energy expenditure""[tiab] OR ""metabolic rate""[tiab] OR ""peripheral circulation""[tiab] OR ""blood flow""[tiab] OR microcirculation[tiab] OR thermoregulation[tiab] OR ""cold tolerance""[tiab] OR ""cold exposure""[tiab] OR ""thermal sensation""[tiab] OR ""thermal comfort""[tiab] OR ""cold sensitivity""[tiab] OR ""cold hypersensitivity""[tiab])","""shijimi clam"" AND (""body temperature"" OR ""core temperature"" OR ""skin temperature"" OR ""tympanic temperature"" OR ""axillary temperature"" OR ""rectal temperature"" OR ""oral temperature"" OR thermogenesis OR ""thermic effect"" OR ""heat production"" OR ""energy expenditure"" OR ""metabolic rate"" OR ""peripheral circulation"" OR ""blood flow"" OR microcirculation OR thermoregulation OR ""cold tolerance"" OR ""cold exposure"" OR ""thermal sensation"" OR ""thermal comfort"" OR ""cold sensitivity"" OR ""cold hypersensitivity"")",
shijimi clam,しじみ,single,1,L3,0,,,"""shijimi clam""[tiab] AND (""body temperature""[tiab] OR ""core temperature""[tiab] OR ""skin temperature""[tiab] OR ""tympanic temperature""[tiab] OR ""axillary temperature""[tiab] OR ""rectal temperature""[tiab] OR ""oral temperature""[tiab] OR thermogenesis[tiab] OR ""thermic effect""[tiab] OR ""heat production""[tiab] OR ""energy expenditure""[tiab] OR ""metabolic rate""[tiab] OR ""peripheral circulation""[tiab] OR ""blood flow""[tiab] OR microcirculation[tiab] OR thermoregulation[tiab] OR ""cold tolerance""[tiab] OR ""cold exposure""[tiab] OR ""thermal sensation""[tiab] OR ""thermal comfort""[tiab] OR ""cold sensitivity""[tiab] OR ""cold hypersensitivity""[tiab]) AND ""randomized controlled trial""[pt]",,
shio koji,塩麹,single,1,L1,2,,125,"""shio koji""[tiab]",,塩麹
shio koji,塩麹,single,1,L2,0,0,,"""shio koji""[tiab] AND (""body temperature""[tiab] OR ""core temperature""[tiab] OR ""skin temperature""[tiab] OR ""tympanic temperature""[tiab] OR ""axillary temperature""[tiab] OR ""rectal temperature""[tiab] OR ""oral temperature""[tiab] OR thermogenesis[tiab] OR ""thermic effect""[tiab] OR ""heat production""[tiab] OR ""energy expenditure""[tiab] OR ""metabolic rate""[tiab] OR ""peripheral circulation""[tiab] OR ""blood flow""[tiab] OR microcirculation[tiab] OR thermoregulation[tiab] OR ""cold tolerance""[tiab] OR ""cold exposure""[tiab] OR ""thermal sensation""[tiab] OR ""thermal comfort""[tiab] OR ""cold sensitivity""[tiab] OR ""cold hypersensitivity""[tiab])","""shio koji"" AND (""body temperature"" OR ""core temperature"" OR ""skin temperature"" OR ""tympanic temperature"" OR ""axillary temperature"" OR ""rectal temperature"" OR ""oral temperature"" OR thermogenesis OR ""thermic effect"" OR ""heat production"" OR ""energy expenditure"" OR ""metabolic rate"" OR ""peripheral circulation"" OR ""blood flow"" OR microcirculation OR thermoregulation OR ""cold tolerance"" OR ""cold exposure"" OR ""thermal sensation"" OR ""thermal comfort"" OR ""cold sensitivity"" OR ""cold hypersensitivity"")",
shio koji,塩麹,single,1,L3,0,,,"""shio koji""[tiab] AND (""body temperature""[tiab] OR ""core temperature""[tiab] OR ""skin temperature""[tiab] OR ""tympanic temperature""[tiab] OR ""axillary temperature""[tiab] OR ""rectal temperature""[tiab] OR ""oral temperature""[tiab] OR thermogenesis[tiab] OR ""thermic effect""[tiab] OR ""heat production""[tiab] OR ""energy expenditure""[tiab] OR ""metabolic rate""[tiab] OR ""peripheral circulation""[tiab] OR ""blood flow""[tiab] OR microcirculation[tiab] OR thermoregulation[tiab] OR ""cold tolerance""[tiab] OR ""cold exposure""[tiab] OR ""thermal sensation""[tiab] OR ""thermal comfort""[tiab] OR ""cold sensitivity""[tiab] OR ""cold hypersensitivity""[tiab]) AND ""randomized controlled trial""[pt]",,
strawberry,いちご,single,1,L1,7250,,16755,strawberry[tiab],,いちご
strawberry,いちご,single,1,L2,27,2479,,"strawberry[tiab] AND (""body temperature""[tiab] OR ""core temperature""[tiab] OR ""skin temperature""[tiab] OR ""tympanic temperature""[tiab] OR ""axillary temperature""[tiab] OR ""rectal temperature""[tiab] OR ""oral temperature""[tiab] OR thermogenesis[tiab] OR ""thermic effect""[tiab] OR ""heat production""[tiab] OR ""energy expenditure""[tiab] OR ""metabolic rate""[tiab] OR ""peripheral circulation""[tiab] OR ""blood flow""[tiab] OR microcirculation[tiab] OR thermoregulation[tiab] OR ""cold tolerance""[tiab] OR ""cold exposure""[tiab] OR ""thermal sensation""[tiab] OR ""thermal comfort""[tiab] OR ""cold sensitivity""[tiab] OR ""cold hypersensitivity""[tiab])","strawberry AND (""body temperature"" OR ""core temperature"" OR ""skin temperature"" OR ""tympanic temperature"" OR ""axillary temperature"" OR ""rectal temperature"" OR ""oral temperature"" OR thermogenesis OR ""thermic effect"" OR ""heat production"" OR ""energy expenditure"" OR ""metabolic rate"" OR ""peripheral circulation"" OR ""blood flow"" OR microcirculation OR thermoregulation OR ""cold tolerance"" OR ""cold exposure"" OR ""thermal sensation"" OR ""thermal comfort"" OR ""cold sensitivity"" OR ""cold hypersensitivity"")",
strawberry,いちご,single,1,L3,1,,,"strawberry[tiab] AND (""body temperature""[tiab] OR ""core temperature""[tiab] OR ""skin temperature""[tiab] OR ""tympanic temperature""[tiab] OR ""axillary temperature""[tiab] OR ""rectal temperature""[tiab] OR ""oral temperature""[tiab] OR thermogenesis[tiab] OR ""thermic effect""[tiab] OR ""heat production""[tiab] OR ""energy expenditure""[tiab] OR ""metabolic rate""[tiab] OR ""peripheral circulation""[tiab] OR ""blood flow""[tiab] OR microcirculation[tiab] OR thermoregulation[tiab] OR ""cold tolerance""[tiab] OR ""cold exposure""[tiab] OR ""thermal sensation""[tiab] OR ""thermal comfort""[tiab] OR ""cold sensitivity""[tiab] OR ""cold hypersensitivity""[tiab]) AND ""randomized controlled trial""[pt]",,
tempeh,テンペ,single,1,L1,256,,1989,tempeh[tiab],,テンペ
tempeh,テンペ,single,1,L2,0,183,,"tempeh[tiab] AND (""body temperature""[tiab] OR ""core temperature""[tiab] OR ""skin temperature""[tiab] OR ""tympanic temperature""[tiab] OR ""axillary temperature""[tiab] OR ""rectal temperature""[tiab] OR ""oral temperature""[tiab] OR thermogenesis[tiab] OR ""thermic effect""[tiab] OR ""heat production""[tiab] OR ""energy expenditure""[tiab] OR ""metabolic rate""[tiab] OR ""peripheral circulation""[tiab] OR ""blood flow""[tiab] OR microcirculation[tiab] OR thermoregulation[tiab] OR ""cold tolerance""[tiab] OR ""cold exposure""[tiab] OR ""thermal sensation""[tiab] OR ""thermal comfort""[tiab] OR ""cold sensitivity""[tiab] OR ""cold hypersensitivity""[tiab])","tempeh AND (""body temperature"" OR ""core temperature"" OR ""skin temperature"" OR ""tympanic temperature"" OR ""axillary temperature"" OR ""rectal temperature"" OR ""oral temperature"" OR thermogenesis OR ""thermic effect"" OR ""heat production"" OR ""energy expenditure"" OR ""metabolic rate"" OR ""peripheral circulation"" OR ""blood flow"" OR microcirculation OR thermoregulation OR ""cold tolerance"" OR ""cold exposure"" OR ""thermal sensation"" OR ""thermal comfort"" OR ""cold sensitivity"" OR ""cold hypersensitivity"")",
tempeh,テンペ,single,1,L3,0,,,"tempeh[tiab] AND (""body temperature""[tiab] OR ""core temperature""[tiab] OR ""skin temperature""[tiab] OR ""tympanic temperature""[tiab] OR ""axillary temperature""[tiab] OR ""rectal temperature""[tiab] OR ""oral temperature""[tiab] OR thermogenesis[tiab] OR ""thermic effect""[tiab] OR ""heat production""[tiab] OR ""energy expenditure""[tiab] OR ""metabolic rate""[tiab] OR ""peripheral circulation""[tiab] OR ""blood flow""[tiab] OR microcirculation[tiab] OR thermoregulation[tiab] OR ""cold tolerance""[tiab] OR ""cold exposure""[tiab] OR ""thermal sensation""[tiab] OR ""thermal comfort""[tiab] OR ""cold sensitivity""[tiab] OR ""cold hypersensitivity""[tiab]) AND ""randomized controlled trial""[pt]",,
turnip,かぶ,single,1,L1,2392,,279999,turnip[tiab],,かぶ
turnip,かぶ,single,1,L2,10,456,,"turnip[tiab] AND (""body temperature""[tiab] OR ""core temperature""[tiab] OR ""skin temperature""[tiab] OR ""tympanic temperature""[tiab] OR ""axillary temperature""[tiab] OR ""rectal temperature""[tiab] OR ""oral temperature""[tiab] OR thermogenesis[tiab] OR ""thermic effect""[tiab] OR ""heat production""[tiab] OR ""energy expenditure""[tiab] OR ""metabolic rate""[tiab] OR ""peripheral circulation""[tiab] OR ""blood flow""[tiab] OR microcirculation[tiab] OR thermoregulation[tiab] OR ""cold tolerance""[tiab] OR ""cold exposure""[tiab] OR ""thermal sensation""[tiab] OR ""thermal comfort""[tiab] OR ""cold sensitivity""[tiab] OR ""cold hypersensitivity""[tiab])","turnip AND (""body temperature"" OR ""core temperature"" OR ""skin temperature"" OR ""tympanic temperature"" OR ""axillary temperature"" OR ""rectal temperature"" OR ""oral temperature"" OR thermogenesis OR ""thermic effect"" OR ""heat production"" OR ""energy expenditure"" OR ""metabolic rate"" OR ""peripheral circulation"" OR ""blood flow"" OR microcirculation OR thermoregulation OR ""cold tolerance"" OR ""cold exposure"" OR ""thermal sensation"" OR ""thermal comfort"" OR ""cold sensitivity"" OR ""cold hypersensitivity"")",
turnip,かぶ,single,1,L3,0,,,"turnip[tiab] AND (""body temperature""[tiab] OR ""core temperature""[tiab] OR ""skin temperature""[tiab] OR ""tympanic temperature""[tiab] OR ""axillary temperature""[tiab] OR ""rectal temperature""[tiab] OR ""oral temperature""[tiab] OR thermogenesis[tiab] OR ""thermic effect""[tiab] OR ""heat production""[tiab] OR ""energy expenditure""[tiab] OR ""metabolic rate""[tiab] OR ""peripheral circulation""[tiab] OR ""blood flow""[tiab] OR microcirculation[tiab] OR thermoregulation[tiab] OR ""cold tolerance""[tiab] OR ""cold exposure""[tiab] OR ""thermal sensation""[tiab] OR ""thermal comfort""[tiab] OR ""cold sensitivity""[tiab] OR ""cold hypersensitivity""[tiab]) AND ""randomized controlled trial""[pt]",,
udon,うどん,single,1,L1,94,,5766,udon[tiab],,うどん
udon,うどん,single,1,L2,0,50,,"udon[tiab] AND (""body temperature""[tiab] OR ""core temperature""[tiab] OR ""skin temperature""[tiab] OR ""tympanic temperature""[tiab] OR ""axillary temperature""[tiab] OR ""rectal temperature""[tiab] OR ""oral temperature""[tiab] OR thermogenesis[tiab] OR ""thermic effect""[tiab] OR ""heat production""[tiab] OR ""energy expenditure""[tiab] OR ""metabolic rate""[tiab] OR ""peripheral circulation""[tiab] OR ""blood flow""[tiab] OR microcirculation[tiab] OR thermoregulation[tiab] OR ""cold tolerance""[tiab] OR ""cold exposure""[tiab] OR ""thermal sensation""[tiab] OR ""thermal comfort""[tiab] OR ""cold sensitivity""[tiab] OR ""cold hypersensitivity""[tiab])","udon AND (""body temperature"" OR ""core temperature"" OR ""skin temperature"" OR ""tympanic temperature"" OR ""axillary temperature"" OR ""rectal temperature"" OR ""oral temperature"" OR thermogenesis OR ""thermic effect"" OR ""heat production"" OR ""energy expenditure"" OR ""metabolic rate"" OR ""peripheral circulation"" OR ""blood flow"" OR microcirculation OR thermoregulation OR ""cold tolerance"" OR ""cold exposure"" OR ""thermal sensation"" OR ""thermal comfort"" OR ""cold sensitivity"" OR ""cold hypersensitivity"")",
udon,うどん,single,1,L3,0,,,"udon[tiab] AND (""body temperature""[tiab] OR ""core temperature""[tiab] OR ""skin temperature""[tiab] OR ""tympanic temperature""[tiab] OR ""axillary temperature""[tiab] OR ""rectal temperature""[tiab] OR ""oral temperature""[tiab] OR thermogenesis[tiab] OR ""thermic effect""[tiab] OR ""heat production""[tiab] OR ""energy expenditure""[tiab] OR ""metabolic rate""[tiab] OR ""peripheral circulation""[tiab] OR ""blood flow""[tiab] OR microcirculation[tiab] OR thermoregulation[tiab] OR ""cold tolerance""[tiab] OR ""cold exposure""[tiab] OR ""thermal sensation""[tiab] OR ""thermal comfort""[tiab] OR ""cold sensitivity""[tiab] OR ""cold hypersensitivity""[tiab]) AND ""randomized controlled trial""[pt]",,
white bread,白パン,single,1,L1,972,,15,"""white bread""[tiab]",,白パン
white bread,白パン,single,1,L2,8,490,,"""white bread""[tiab] AND (""body temperature""[tiab] OR ""core temperature""[tiab] OR ""skin temperature""[tiab] OR ""tympanic temperature""[tiab] OR ""axillary temperature""[tiab] OR ""rectal temperature""[tiab] OR ""oral temperature""[tiab] OR thermogenesis[tiab] OR ""thermic effect""[tiab] OR ""heat production""[tiab] OR ""energy expenditure""[tiab] OR ""metabolic rate""[tiab] OR ""peripheral circulation""[tiab] OR ""blood flow""[tiab] OR microcirculation[tiab] OR thermoregulation[tiab] OR ""cold tolerance""[tiab] OR ""cold exposure""[tiab] OR ""thermal sensation""[tiab] OR ""thermal comfort""[tiab] OR ""cold sensitivity""[tiab] OR ""cold hypersensitivity""[tiab])","""white bread"" AND (""body temperature"" OR ""core temperature"" OR ""skin temperature"" OR ""tympanic temperature"" OR ""axillary temperature"" OR ""rectal temperature"" OR ""oral temperature"" OR thermogenesis OR ""thermic effect"" OR ""heat production"" OR ""energy expenditure"" OR ""metabolic rate"" OR ""peripheral circulation"" OR ""blood flow"" OR microcirculation OR thermoregulation OR ""cold tolerance"" OR ""cold exposure"" OR ""thermal sensation"" OR ""thermal comfort"" OR ""cold sensitivity"" OR ""cold hypersensitivity"")",
white bread,白パン,single,1,L3,2,,,"""white bread""[tiab] AND (""body temperature""[tiab] OR ""core temperature""[tiab] OR ""skin temperature""[tiab] OR ""tympanic temperature""[tiab] OR ""axillary temperature""[tiab] OR ""rectal temperature""[tiab] OR ""oral temperature""[tiab] OR thermogenesis[tiab] OR ""thermic effect""[tiab] OR ""heat production""[tiab] OR ""energy expenditure""[tiab] OR ""metabolic rate""[tiab] OR ""peripheral circulation""[tiab] OR ""blood flow""[tiab] OR microcirculation[tiab] OR thermoregulation[tiab] OR ""cold tolerance""[tiab] OR ""cold exposure""[tiab] OR ""thermal sensation""[tiab] OR ""thermal comfort""[tiab] OR ""cold sensitivity""[tiab] OR ""cold hypersensitivity""[tiab]) AND ""randomized controlled trial""[pt]",,
white sesame,白ゴマ,single,1,L1,46,,52,"""white sesame""[tiab]",,白ゴマ
white sesame,白ゴマ,single,1,L2,0,13,,"""white sesame""[tiab] AND (""body temperature""[tiab] OR ""core temperature""[tiab] OR ""skin temperature""[tiab] OR ""tympanic temperature""[tiab] OR ""axillary temperature""[tiab] OR ""rectal temperature""[tiab] OR ""oral temperature""[tiab] OR thermogenesis[tiab] OR ""thermic effect""[tiab] OR ""heat production""[tiab] OR ""energy expenditure""[tiab] OR ""metabolic rate""[tiab] OR ""peripheral circulation""[tiab] OR ""blood flow""[tiab] OR microcirculation[tiab] OR thermoregulation[tiab] OR ""cold tolerance""[tiab] OR ""cold exposure""[tiab] OR ""thermal sensation""[tiab] OR ""thermal comfort""[tiab] OR ""cold sensitivity""[tiab] OR ""cold hypersensitivity""[tiab])","""white sesame"" AND (""body temperature"" OR ""core temperature"" OR ""skin temperature"" OR ""tympanic temperature"" OR ""axillary temperature"" OR ""rectal temperature"" OR ""oral temperature"" OR thermogenesis OR ""thermic effect"" OR ""heat production"" OR ""energy expenditure"" OR ""metabolic rate"" OR ""peripheral circulation"" OR ""blood flow"" OR microcirculation OR thermoregulation OR ""cold tolerance"" OR ""cold exposure"" OR ""thermal sensation"" OR ""thermal comfort"" OR ""cold sensitivity"" OR ""cold hypersensitivity"")",
white sesame,白ゴマ,single,1,L3,0,,,"""white sesame""[tiab] AND (""body temperature""[tiab] OR ""core temperature""[tiab] OR ""skin temperature""[tiab] OR ""tympanic temperature""[tiab] OR ""axillary temperature""[tiab] OR ""rectal temperature""[tiab] OR ""oral temperature""[tiab] OR thermogenesis[tiab] OR ""thermic effect""[tiab] OR ""heat production""[tiab] OR ""energy expenditure""[tiab] OR ""metabolic rate""[tiab] OR ""peripheral circulation""[tiab] OR ""blood flow""[tiab] OR microcirculation[tiab] OR thermoregulation[tiab] OR ""cold tolerance""[tiab] OR ""cold exposure""[tiab] OR ""thermal sensation""[tiab] OR ""thermal comfort""[tiab] OR ""cold sensitivity""[tiab] OR ""cold hypersensitivity""[tiab]) AND ""randomized controlled trial""[pt]",,
white wine,白ワイン,single,1,L1,1280,,206,"""white wine""[tiab]",,白ワイン
white wine,白ワイン,single,1,L2,4,230,,"""white wine""[tiab] AND (""body temperature""[tiab] OR ""core temperature""[tiab] OR ""skin temperature""[tiab] OR ""tympanic temperature""[tiab] OR ""axillary temperature""[tiab] OR ""rectal temperature""[tiab] OR ""oral temperature""[tiab] OR thermogenesis[tiab] OR ""thermic effect""[tiab] OR ""heat production""[tiab] OR ""energy expenditure""[tiab] OR ""metabolic rate""[tiab] OR ""peripheral circulation""[tiab] OR ""blood flow""[tiab] OR microcirculation[tiab] OR thermoregulation[tiab] OR ""cold tolerance""[tiab] OR ""cold exposure""[tiab] OR ""thermal sensation""[tiab] OR ""thermal comfort""[tiab] OR ""cold sensitivity""[tiab] OR ""cold hypersensitivity""[tiab])","""white wine"" AND (""body temperature"" OR ""core temperature"" OR ""skin temperature"" OR ""tympanic temperature"" OR ""axillary temperature"" OR ""rectal temperature"" OR ""oral temperature"" OR thermogenesis OR ""thermic effect"" OR ""heat production"" OR ""energy expenditure"" OR ""metabolic rate"" OR ""peripheral circulation"" OR ""blood flow"" OR microcirculation OR thermoregulation OR ""cold tolerance"" OR ""cold exposure"" OR ""thermal sensation"" OR ""thermal comfort"" OR ""cold sensitivity"" OR ""cold hypersensitivity"")",
white wine,白ワイン,single,1,L3,2,,,"""white wine""[tiab] AND (""body temperature""[tiab] OR ""core temperature""[tiab] OR ""skin temperature""[tiab] OR ""tympanic temperature""[tiab] OR ""axillary temperature""[tiab] OR ""rectal temperature""[tiab] OR ""oral temperature""[tiab] OR thermogenesis[tiab] OR ""thermic effect""[tiab] OR ""heat production""[tiab] OR ""energy expenditure""[tiab] OR ""metabolic rate""[tiab] OR ""peripheral circulation""[tiab] OR ""blood flow""[tiab] OR microcirculation[tiab] OR thermoregulation[tiab] OR ""cold tolerance""[tiab] OR ""cold exposure""[tiab] OR ""thermal sensation""[tiab] OR ""thermal comfort""[tiab] OR ""cold sensitivity""[tiab] OR ""cold hypersensitivity""[tiab]) AND ""randomized controlled trial""[pt]",,
winter melon,冬瓜,single,1,L1,22,,77,"""winter melon""[tiab]",,冬瓜
winter melon,冬瓜,single,1,L2,0,14,,"""winter melon""[tiab] AND (""body temperature""[tiab] OR ""core temperature""[tiab] OR ""skin temperature""[tiab] OR ""tympanic temperature""[tiab] OR ""axillary temperature""[tiab] OR ""rectal temperature""[tiab] OR ""oral temperature""[tiab] OR thermogenesis[tiab] OR ""thermic effect""[tiab] OR ""heat production""[tiab] OR ""energy expenditure""[tiab] OR ""metabolic rate""[tiab] OR ""peripheral circulation""[tiab] OR ""blood flow""[tiab] OR microcirculation[tiab] OR thermoregulation[tiab] OR ""cold tolerance""[tiab] OR ""cold exposure""[tiab] OR ""thermal sensation""[tiab] OR ""thermal comfort""[tiab] OR ""cold sensitivity""[tiab] OR ""cold hypersensitivity""[tiab])","""winter melon"" AND (""body temperature"" OR ""core temperature"" OR ""skin temperature"" OR ""tympanic temperature"" OR ""axillary temperature"" OR ""rectal temperature"" OR ""oral temperature"" OR thermogenesis OR ""thermic effect"" OR ""heat production"" OR ""energy expenditure"" OR ""metabolic rate"" OR ""peripheral circulation"" OR ""blood flow"" OR microcirculation OR thermoregulation OR ""cold tolerance"" OR ""cold exposure"" OR ""thermal sensation"" OR ""thermal comfort"" OR ""cold sensitivity"" OR ""cold hypersensitivity"")",
winter melon,冬瓜,single,1,L3,0,,,"""winter melon""[tiab] AND (""body temperature""[tiab] OR ""core temperature""[tiab] OR ""skin temperature""[tiab] OR ""tympanic temperature""[tiab] OR ""axillary temperature""[tiab] OR ""rectal temperature""[tiab] OR ""oral temperature""[tiab] OR thermogenesis[tiab] OR ""thermic effect""[tiab] OR ""heat production""[tiab] OR ""energy expenditure""[tiab] OR ""metabolic rate""[tiab] OR ""peripheral circulation""[tiab] OR ""blood flow""[tiab] OR microcirculation[tiab] OR thermoregulation[tiab] OR ""cold tolerance""[tiab] OR ""cold exposure""[tiab] OR ""thermal sensation""[tiab] OR ""thermal comfort""[tiab] OR ""cold sensitivity""[tiab] OR ""cold hypersensitivity""[tiab]) AND ""randomized controlled trial""[pt]",,
yellowtail,ブリ,single,1,L1,521,,271903,yellowtail[tiab],,ブリ
yellowtail,ブリ,single,1,L2,11,308,,"yellowtail[tiab] AND (""body temperature""[tiab] OR ""core temperature""[tiab] OR ""skin temperature""[tiab] OR ""tympanic temperature""[tiab] OR ""axillary temperature""[tiab] OR ""rectal temperature""[tiab] OR ""oral temperature""[tiab] OR thermogenesis[tiab] OR ""thermic effect""[tiab] OR ""heat production""[tiab] OR ""energy expenditure""[tiab] OR ""metabolic rate""[tiab] OR ""peripheral circulation""[tiab] OR ""blood flow""[tiab] OR microcirculation[tiab] OR thermoregulation[tiab] OR ""cold tolerance""[tiab] OR ""cold exposure""[tiab] OR ""thermal sensation""[tiab] OR ""thermal comfort""[tiab] OR ""cold sensitivity""[tiab] OR ""cold hypersensitivity""[tiab])","yellowtail AND (""body temperature"" OR ""core temperature"" OR ""skin temperature"" OR ""tympanic temperature"" OR ""axillary temperature"" OR ""rectal temperature"" OR ""oral temperature"" OR thermogenesis OR ""thermic effect"" OR ""heat production"" OR ""energy expenditure"" OR ""metabolic rate"" OR ""peripheral circulation"" OR ""blood flow"" OR microcirculation OR thermoregulation OR ""cold tolerance"" OR ""cold exposure"" OR ""thermal sensation"" OR ""thermal comfort"" OR ""cold sensitivity"" OR ""cold hypersensitivity"")",
yellowtail,ブリ,single,1,L3,0,,,"yellowtail[tiab] AND (""body temperature""[tiab] OR ""core temperature""[tiab] OR ""skin temperature""[tiab] OR ""tympanic temperature""[tiab] OR ""axillary temperature""[tiab] OR ""rectal temperature""[tiab] OR ""oral temperature""[tiab] OR thermogenesis[tiab] OR ""thermic effect""[tiab] OR ""heat production""[tiab] OR ""energy expenditure""[tiab] OR ""metabolic rate""[tiab] OR ""peripheral circulation""[tiab] OR ""blood flow""[tiab] OR microcirculation[tiab] OR thermoregulation[tiab] OR ""cold tolerance""[tiab] OR ""cold exposure""[tiab] OR ""thermal sensation""[tiab] OR ""thermal comfort""[tiab] OR ""cold sensitivity""[tiab] OR ""cold hypersensitivity""[tiab]) AND ""randomized controlled trial""[pt]",,
young bamboo,若竹,single,1,L1,28,,1321,"""young bamboo""[tiab]",,若竹
young bamboo,若竹,single,1,L2,1,6,,"""young bamboo""[tiab] AND (""body temperature""[tiab] OR ""core temperature""[tiab] OR ""skin temperature""[tiab] OR ""tympanic temperature""[tiab] OR ""axillary temperature""[tiab] OR ""rectal temperature""[tiab] OR ""oral temperature""[tiab] OR thermogenesis[tiab] OR ""thermic effect""[tiab] OR ""heat production""[tiab] OR ""energy expenditure""[tiab] OR ""metabolic rate""[tiab] OR ""peripheral circulation""[tiab] OR ""blood flow""[tiab] OR microcirculation[tiab] OR thermoregulation[tiab] OR ""cold tolerance""[tiab] OR ""cold exposure""[tiab] OR ""thermal sensation""[tiab] OR ""thermal comfort""[tiab] OR ""cold sensitivity""[tiab] OR ""cold hypersensitivity""[tiab])","""young bamboo"" AND (""body temperature"" OR ""core temperature"" OR ""skin temperature"" OR ""tympanic temperature"" OR ""axillary temperature"" OR ""rectal temperature"" OR ""oral temperature"" OR thermogenesis OR ""thermic effect"" OR ""heat production"" OR ""energy expenditure"" OR ""metabolic rate"" OR ""peripheral circulation"" OR ""blood flow"" OR microcirculation OR thermoregulation OR ""cold tolerance"" OR ""cold exposure"" OR ""thermal sensation"" OR ""thermal comfort"" OR ""cold sensitivity"" OR ""cold hypersensitivity"")",
young bamboo,若竹,single,1,L3,0,,,"""young bamboo""[tiab] AND (""body temperature""[tiab] OR ""core temperature""[tiab] OR ""skin temperature""[tiab] OR ""tympanic temperature""[tiab] OR ""axillary temperature""[tiab] OR ""rectal temperature""[tiab] OR ""oral temperature""[tiab] OR thermogenesis[tiab] OR ""thermic effect""[tiab] OR ""heat production""[tiab] OR ""energy expenditure""[tiab] OR ""metabolic rate""[tiab] OR ""peripheral circulation""[tiab] OR ""blood flow""[tiab] OR microcirculation[tiab] OR thermoregulation[tiab] OR ""cold tolerance""[tiab] OR ""cold exposure""[tiab] OR ""thermal sensation""[tiab] OR ""thermal comfort""[tiab] OR ""cold sensitivity""[tiab] OR ""cold hypersensitivity""[tiab]) AND ""randomized controlled trial""[pt]",,
yuba,ゆば,single,1,L1,56,,16440,yuba[tiab],,ゆば
yuba,ゆば,single,1,L2,0,155,,"yuba[tiab] AND (""body temperature""[tiab] OR ""core temperature""[tiab] OR ""skin temperature""[tiab] OR ""tympanic temperature""[tiab] OR ""axillary temperature""[tiab] OR ""rectal temperature""[tiab] OR ""oral temperature""[tiab] OR thermogenesis[tiab] OR ""thermic effect""[tiab] OR ""heat production""[tiab] OR ""energy expenditure""[tiab] OR ""metabolic rate""[tiab] OR ""peripheral circulation""[tiab] OR ""blood flow""[tiab] OR microcirculation[tiab] OR thermoregulation[tiab] OR ""cold tolerance""[tiab] OR ""cold exposure""[tiab] OR ""thermal sensation""[tiab] OR ""thermal comfort""[tiab] OR ""cold sensitivity""[tiab] OR ""cold hypersensitivity""[tiab])","yuba AND (""body temperature"" OR ""core temperature"" OR ""skin temperature"" OR ""tympanic temperature"" OR ""axillary temperature"" OR ""rectal temperature"" OR ""oral temperature"" OR thermogenesis OR ""thermic effect"" OR ""heat production"" OR ""energy expenditure"" OR ""metabolic rate"" OR ""peripheral circulation"" OR ""blood flow"" OR microcirculation OR thermoregulation OR ""cold tolerance"" OR ""cold exposure"" OR ""thermal sensation"" OR ""thermal comfort"" OR ""cold sensitivity"" OR ""cold hypersensitivity"")",
yuba,ゆば,single,1,L3,0,,,"yuba[tiab] AND (""body temperature""[tiab] OR ""core temperature""[tiab] OR ""skin temperature""[tiab] OR ""tympanic temperature""[tiab] OR ""axillary temperature""[tiab] OR ""rectal temperature""[tiab] OR ""oral temperature""[tiab] OR thermogenesis[tiab] OR ""thermic effect""[tiab] OR ""heat production""[tiab] OR ""energy expenditure""[tiab] OR ""metabolic rate""[tiab] OR ""peripheral circulation""[tiab] OR ""blood flow""[tiab] OR microcirculation[tiab] OR thermoregulation[tiab] OR ""cold tolerance""[tiab] OR ""cold exposure""[tiab] OR ""thermal sensation""[tiab] OR ""thermal comfort""[tiab] OR ""cold sensitivity""[tiab] OR ""cold hypersensitivity""[tiab]) AND ""randomized controlled trial""[pt]",,
zucchini,ズッキーニ,single,1,L1,1093,,251,zucchini[tiab],,ズッキーニ
zucchini,ズッキーニ,single,1,L2,8,364,,"zucchini[tiab] AND (""body temperature""[tiab] OR ""core temperature""[tiab] OR ""skin temperature""[tiab] OR ""tympanic temperature""[tiab] OR ""axillary temperature""[tiab] OR ""rectal temperature""[tiab] OR ""oral temperature""[tiab] OR thermogenesis[tiab] OR ""thermic effect""[tiab] OR ""heat production""[tiab] OR ""energy expenditure""[tiab] OR ""metabolic rate""[tiab] OR ""peripheral circulation""[tiab] OR ""blood flow""[tiab] OR microcirculation[tiab] OR thermoregulation[tiab] OR ""cold tolerance""[tiab] OR ""cold exposure""[tiab] OR ""thermal sensation""[tiab] OR ""thermal comfort""[tiab] OR ""cold sensitivity""[tiab] OR ""cold hypersensitivity""[tiab])","zucchini AND (""body temperature"" OR ""core temperature"" OR ""skin temperature"" OR ""tympanic temperature"" OR ""axillary temperature"" OR ""rectal temperature"" OR ""oral temperature"" OR thermogenesis OR ""thermic effect"" OR ""heat production"" OR ""energy expenditure"" OR ""metabolic rate"" OR ""peripheral circulation"" OR ""blood flow"" OR microcirculation OR thermoregulation OR ""cold tolerance"" OR ""cold exposure"" OR ""thermal sensation"" OR ""thermal comfort"" OR ""cold sensitivity"" OR ""cold hypersensitivity"")",
zucchini,ズッキーニ,single,1,L3,0,,,"zucchini[tiab] AND (""body temperature""[tiab] OR ""core temperature""[tiab] OR ""skin temperature""[tiab] OR ""tympanic temperature""[tiab] OR ""axillary temperature""[tiab] OR ""rectal temperature""[tiab] OR ""oral temperature""[tiab] OR thermogenesis[tiab] OR ""thermic effect""[tiab] OR ""heat production""[tiab] OR ""energy expenditure""[tiab] OR ""metabolic rate""[tiab] OR ""peripheral circulation""[tiab] OR ""blood flow""[tiab] OR microcirculation[tiab] OR thermoregulation[tiab] OR ""cold tolerance""[tiab] OR ""cold exposure""[tiab] OR ""thermal sensation""[tiab] OR ""thermal comfort""[tiab] OR ""cold sensitivity""[tiab] OR ""cold hypersensitivity""[tiab]) AND ""randomized controlled trial""[pt]",,
nagaimo,長いも,single,1,L1,5,,751,nagaimo[tiab],,長いも
nagaimo,長いも,single,1,L2,0,0,,"nagaimo[tiab] AND (""body temperature""[tiab] OR ""core temperature""[tiab] OR ""skin temperature""[tiab] OR ""tympanic temperature""[tiab] OR ""axillary temperature""[tiab] OR ""rectal temperature""[tiab] OR ""oral temperature""[tiab] OR thermogenesis[tiab] OR ""thermic effect""[tiab] OR ""heat production""[tiab] OR ""energy expenditure""[tiab] OR ""metabolic rate""[tiab] OR ""peripheral circulation""[tiab] OR ""blood flow""[tiab] OR microcirculation[tiab] OR thermoregulation[tiab] OR ""cold tolerance""[tiab] OR ""cold exposure""[tiab] OR ""thermal sensation""[tiab] OR ""thermal comfort""[tiab] OR ""cold sensitivity""[tiab] OR ""cold hypersensitivity""[tiab])","nagaimo AND (""body temperature"" OR ""core temperature"" OR ""skin temperature"" OR ""tympanic temperature"" OR ""axillary temperature"" OR ""rectal temperature"" OR ""oral temperature"" OR thermogenesis OR ""thermic effect"" OR ""heat production"" OR ""energy expenditure"" OR ""metabolic rate"" OR ""peripheral circulation"" OR ""blood flow"" OR microcirculation OR thermoregulation OR ""cold tolerance"" OR ""cold exposure"" OR ""thermal sensation"" OR ""thermal comfort"" OR ""cold sensitivity"" OR ""cold hypersensitivity"")",
nagaimo,長いも,single,1,L3,0,,,"nagaimo[tiab] AND (""body temperature""[tiab] OR ""core temperature""[tiab] OR ""skin temperature""[tiab] OR ""tympanic temperature""[tiab] OR ""axillary temperature""[tiab] OR ""rectal temperature""[tiab] OR ""oral temperature""[tiab] OR thermogenesis[tiab] OR ""thermic effect""[tiab] OR ""heat production""[tiab] OR ""energy expenditure""[tiab] OR ""metabolic rate""[tiab] OR ""peripheral circulation""[tiab] OR ""blood flow""[tiab] OR microcirculation[tiab] OR thermoregulation[tiab] OR ""cold tolerance""[tiab] OR ""cold exposure""[tiab] OR ""thermal sensation""[tiab] OR ""thermal comfort""[tiab] OR ""cold sensitivity""[tiab] OR ""cold hypersensitivity""[tiab]) AND ""randomized controlled trial""[pt]",,
squid,イカ,single,1,L1,7935,,2260920,squid[tiab],,イカ
squid,イカ,single,1,L2,41,2486,,"squid[tiab] AND (""body temperature""[tiab] OR ""core temperature""[tiab] OR ""skin temperature""[tiab] OR ""tympanic temperature""[tiab] OR ""axillary temperature""[tiab] OR ""rectal temperature""[tiab] OR ""oral temperature""[tiab] OR thermogenesis[tiab] OR ""thermic effect""[tiab] OR ""heat production""[tiab] OR ""energy expenditure""[tiab] OR ""metabolic rate""[tiab] OR ""peripheral circulation""[tiab] OR ""blood flow""[tiab] OR microcirculation[tiab] OR thermoregulation[tiab] OR ""cold tolerance""[tiab] OR ""cold exposure""[tiab] OR ""thermal sensation""[tiab] OR ""thermal comfort""[tiab] OR ""cold sensitivity""[tiab] OR ""cold hypersensitivity""[tiab])","squid AND (""body temperature"" OR ""core temperature"" OR ""skin temperature"" OR ""tympanic temperature"" OR ""axillary temperature"" OR ""rectal temperature"" OR ""oral temperature"" OR thermogenesis OR ""thermic effect"" OR ""heat production"" OR ""energy expenditure"" OR ""metabolic rate"" OR ""peripheral circulation"" OR ""blood flow"" OR microcirculation OR thermoregulation OR ""cold tolerance"" OR ""cold exposure"" OR ""thermal sensation"" OR ""thermal comfort"" OR ""cold sensitivity"" OR ""cold hypersensitivity"")",
squid,イカ,single,1,L3,0,,,"squid[tiab] AND (""body temperature""[tiab] OR ""core temperature""[tiab] OR ""skin temperature""[tiab] OR ""tympanic temperature""[tiab] OR ""axillary temperature""[tiab] OR ""rectal temperature""[tiab] OR ""oral temperature""[tiab] OR thermogenesis[tiab] OR ""thermic effect""[tiab] OR ""heat production""[tiab] OR ""energy expenditure""[tiab] OR ""metabolic rate""[tiab] OR ""peripheral circulation""[tiab] OR ""blood flow""[tiab] OR microcirculation[tiab] OR thermoregulation[tiab] OR ""cold tolerance""[tiab] OR ""cold exposure""[tiab] OR ""thermal sensation""[tiab] OR ""thermal comfort""[tiab] OR ""cold sensitivity""[tiab] OR ""cold hypersensitivity""[tiab]) AND ""randomized controlled trial""[pt]",,
