pass_id,food_key,pmid,third_verdict,third_reason,author_ruling,author_reason
2026-08-09 core-zero,brown rice,19248524,exclude-agreed,"ICP-AES mineral composition assay of brown rice from near-isogenic plant lines; 'cold tolerance at booting stage' is the rice plant's agronomic trait. No human, no ingestion. EXCLUDE (agri / name-only) per §2 conditions 1-2.",,
2026-08-09 core-zero,brown rice,38566521,exclude-agreed,"Maternal brown rice diet in mice; UCP1, thermogenic gene expression and heat production are genuine thermogenesis outcomes, but the subjects are mice, so §2 condition 1 (human, in vivo) fails. EXCLUDE (animal). Flagged as the record most likely to be misread as an include on outcome alone.",,
2026-08-09 core-zero,brown rice,39799254,exclude-agreed,"Foliar nano-delivery of melatonin/GSH to reduce cadmium in rice grain; 'brown rice' is the plant tissue compartment and 'energy expenditure' refers to the plant's phenylpropanoid metabolism. No human, no ingestion. EXCLUDE (agri) per §2 conditions 1-2.",,
2026-08-09 core-zero,brown rice,41528201,exclude-agreed,"Human crossover trial, but the exposure of interest is anthocyanin-rich black rice; brown rice is the 0 mg-anthocyanin comparator, so §2 condition 4 (the food is the exposure of interest) fails for this key. Outcomes are cognition, IL-6 and microvascular blood flow/blood pressure in an ageing-vascular-function framing with no thermal readout, which §2.3 (vascular bed / reactivity probes) makes `no-thermal`; the vascular bed is not named and no local thermal hyperaemia is reported. Two independent grounds, so exclude rather than uncertain.",,
2026-08-09 core-zero,brown rice,41695112,exclude-agreed,"Human acute trial of whey vs a plant protein blend in which brown rice protein is one of three components (pea, brown rice, pumpkin seed), with no brown-rice-specific readout — §3 mixed/whole-diet rule. REE and RER are measured but framed as postprandial metabolism, appetite and subsequent energy intake, never as thermogenesis, DIT, TEF or a thermogenic effect, so §2.3(B) is not met. EXCLUDE (no-thermal).",,
2026-08-09 core-zero,buckwheat,15107579,exclude-agreed,"§3 animal: buckwheat polyphenol 600 mg/kg p.o. in rats subjected to repeated cerebral ischemia. §2 condition 1 fails; independently, the only perfusion measure is hippocampal blood flow by laser Doppler, which is organ-specific (cerebral) perfusion measured for a non-thermal purpose and is no-thermal under §2.3(A).",,
2026-08-09 core-zero,buckwheat,22886852,exclude-agreed,"§2 condition 4 + §3 name-only (contamination). This is the closest call in the batch and I considered the include case: 20 healthy adults, randomised double-blind placebo-controlled crossover, oral ingestion of a boiled-buckwheat-flour meal, with body temperature and sweat secretion recorded for 4 h — conditions 1, 2 and 3 all hold. Condition 4 does not: the exposure of interest is the atropine/scopolamine mixture added to the meal (a Datura-derived contaminant, not a buckwheat constituent under the §3 isolated-constituent rule), and the placebo arm ate the same buckwheat meal, so buckwheat is held constant across arms and no thermal effect can be attributed to it. The thermal variables are anticholinergic toxicity endpoints for an ARfD derivation. §3 lists contamination studies under name-only.",,
2026-08-09 core-zero,buckwheat,26602797,exclude-agreed,"§3 animal: ovariectomised rats fed high-fat diets with buckwheat sprout powder for 12 weeks. Skin temperature and energy expenditure are measured, so this would be on-construct in a human — but §2 condition 1 fails and the animal code is decisive.",,
2026-08-09 core-zero,buckwheat,34783225,exclude-agreed,§3 name-only / agri: description of the Tartary buckwheat genomics database (TBD). 'Rutin can enhance blood flow' is a background claim about the crop's nutritional value with no measurement and no subject; no human ingestion study is reported (§2 conditions 1-4 all fail).,,
2026-08-09 core-zero,buckwheat,34989558,exclude-agreed,"§3 agri: metabolomics and transcriptomics of the phenylalanine pathway in two Tartary buckwheat landraces after cold treatment at the seedling stage, for cold-tolerance breeding. Plant cold stress, no human ingestion (§2 conditions 1-2 fail).",,
2026-08-09 core-zero,buckwheat,40481954,exclude-agreed,"§2.3(B) energy expenditure: randomised crossover in 20 healthy volunteers with a 7-day buckwheat diet — conditions 1, 2 and 4 hold, but condition 3 fails. Resting metabolic rate appears only as the denominator used to size each volunteer's provided diet, not as a measured thermogenic outcome, which §2.3(B) codes no-thermal. Measured outcomes are subjective hunger/satiety (not thermal sensation), gut microbiota, plasma lipids, glucose, insulin, urea, homocysteine and targeted metabolomics. No temperature, thermogenesis, TEF or cutaneous/limb perfusion readout.",,
2026-08-09 core-zero,buckwheat,7900057,exclude-agreed,"§3 no-thermal: 55 patients with insulin-dependent diabetes underwent carbohydrate food loading, buckwheat named as one low-glycaemic-index food. Human ingestion holds, but the 2-h postprandial measurements are glycaemia, C-peptide, insulin, glucagon, hydrocortisone and STH — no thermal readout; 'metabolic stress' here is a counter-regulatory hormone response, not thermogenesis or the thermic effect of food under §2.3(B), and 'systemic blood flow' refers to glucose entering the circulation, not a §2.3(A) vascular bed.",,
2026-08-09 core-zero,carrot,1645994,exclude-agreed,"§2 EXCLUDE animal: naked mole-rats (Heterocephalus glaber) fed carrot vs sweet potato; caecal microfauna, gas and SCFA production. §2 condition 1 fails and the daily-EE figure is a fermentation-contribution calculation, no-thermal under §2.3.",,
2026-08-09 core-zero,carrot,20333710,exclude-agreed,§2 EXCLUDE animal: captive strepsirrhine primates; endpoint is maximum ingested food size scaling with body mass. Non-human and no thermal outcome (§2 conditions 1 and 3).,,
2026-08-09 core-zero,carrot,25701199,exclude-agreed,"§2 EXCLUDE animal: ovariectomised rats fed fermented black carrot extracts. Energy expenditure and fat oxidation are reported but §2 condition 1 fails; §2.3 EE note also places this in a fat-mass/weight-gain and insulin-resistance framing, not thermogenesis.",,
2026-08-09 core-zero,carrot,27130193,exclude-agreed,"§2 condition 4 + §3 whole-diet rule: single human case report, but the exposure is a week-long Danjiki fasting ritual with strenuous hiking; a cup of carrot juice a day is the permitted drink, not the exposure of interest, and there is no carrot-specific readout. RMR is reported in a fasting/weight-loss context (no-thermal under §2.3 EE), and endothelium-dependent vasodilation is an endothelial-function probe, excluded by §2.3 reactivity probes. Boundary-adjacent (human + RMR) but exclusion holds on all three grounds.",,
2026-08-09 core-zero,carrot,28869296,exclude-agreed,"§2 EXCLUDE invitro/agri: carrot (Daucus carota) callus strains in culture; acid invertase activity, sucrose metabolism and callus metabolic rate. Plant tissue culture, no human ingestion.",,
2026-08-09 core-zero,carrot,30848260,exclude-agreed,"§2 EXCLUDE animal: purple carrot acylated anthocyanins given intragastrically to rats, with cremaster arteriole blood flow by laser Doppler. Oral dose of a food constituent and a peripheral blood-flow readout would engage §2.3, but subjects are explicitly rat, so §2 condition 1 (human in vivo) fails.",,
2026-08-09 core-zero,carrot,33195137,exclude-agreed,"§2 EXCLUDE invitro: red carrot cell line R4G extract tested in J774A.1 macrophages and reconstructed skin/dermal microtissue models. The 'promote the microcirculation' claim is VEGF-A expression in a tissue model, not perfusion in an ingesting human (§2 conditions 1 and 2 fail).",,
2026-08-09 core-zero,carrot,34040107,exclude-agreed,"§2 EXCLUDE agri: aqueous carrot-root extract used to prime rice seeds for cold tolerance during germination. Crop cold tolerance, no ingestion by any animal or human.",,
2026-08-09 core-zero,carrot,35024832,exclude-agreed,§2 EXCLUDE animal/agri: cold tolerance of Ceratitis capitata and Bactrocera dorsalis immature stages; the carrot-based larval diet is only the rearing medium for a cold-disinfestation schedule.,,
2026-08-09 core-zero,carrot,35448803,exclude-agreed,§2 EXCLUDE agri: vernalization (cold-hour) requirement and photoperiod effects on flowering in carrot genotypes; crop breeding and production.,,
2026-08-09 core-zero,carrot,39906539,exclude-agreed,§2 EXCLUDE name-only: Listeria monocytogenes isolated from soil under organic carrot farming; food-safety microbiology with no thermal physiological outcome and no ingestion study.,,
2026-08-09 core-zero,carrot,8384476,exclude-agreed,"§2 EXCLUDE animal: naked mole rats supplemented with cholecalciferol on a carrot-based diet; caecal fermentation and digestibility. §2 condition 1 fails and the inferred metabolic-rate elevation is a food-requirement argument, no-thermal under §2.3.",,
2026-08-09 core-zero,chinese cabbage,24655567,exclude-agreed,"§3 agri: digital gene expression tag profiling of non-heading Chinese cabbage cultivars under natural growing conditions; 'cold tolerance' is a plant agronomic trait for molecular-assisted breeding. No human subject, no ingestion, no thermal physiological outcome (§2 conditions 1-3 all fail).",,
2026-08-09 core-zero,chinese cabbage,27038155,exclude-agreed,§3 agri: genome-wide MYB transcription factor family characterisation in Brassica rapa ssp. pekinensis; low-temperature microarray and qRT-PCR on inbred lines differing in plant cold tolerance. No human ingestion (§2 conditions 1-2 fail).,,
2026-08-09 core-zero,chinese cabbage,30445965,exclude-agreed,"§3 invitro: purified bacterial AHL lactonase enzyme characterisation; Chinese cabbage is the substrate of a pectinolytic inhibition assay for soft-rot pathogenicity. 'Human body temperature' appears only as a thermal-stability reference point for the enzyme, not as a measured outcome in an ingesting human (§2 conditions 1-3 fail).",,
2026-08-09 core-zero,chinese cabbage,31554847,exclude-agreed,"§3 agri: FRIGIDA/FLOWERING LOCUS C genetics of vernalisation and bolting resistance in Brassica rapa leafy vegetables. Cold exposure is applied to the plant as a breeding trait, not ingested by a human (§2 conditions 1-2 fail).",,
2026-08-09 core-zero,chinese cabbage,34367230,exclude-agreed,§3 agri: transcriptome and small-RNA sequencing of plant cold tolerance in Pak-choi under low-temperature treatment; explicitly framed as a resource for abiotic-stress genomics. No human ingestion (§2 conditions 1-2 fail).,,
2026-08-09 core-zero,chinese cabbage,35696933,exclude-agreed,"§3 agri: LEA gene family identification and BcCBF2 promoter regulation of plant cold-stress tolerance, with virus-induced gene silencing in the crop. No human subject or ingestion (§2 conditions 1-2 fail).",,
2026-08-09 core-zero,chinese cabbage,37240015,exclude-agreed,"§3 agri: BcMYB111-driven flavonol biosynthesis under plant cold stress, assayed in transgenic hairy roots and Arabidopsis. Cold tolerance here is the crop's, not an ingesting human's (§2 conditions 1-2 fail).",,
2026-08-09 core-zero,chinese cabbage,38438131,exclude-agreed,"§3 agri: transient cold stress at the tetrad stage and auxin-mediated energy metabolism in Chinese cabbage pollen. 'Energy metabolism' is plant pollen starch/lipid metabolism, not §2.3(B) human thermogenesis (§2 conditions 1-2 fail).",,
2026-08-09 core-zero,chinese cabbage,39673938,exclude-agreed,"§3 agri: BcWRKY53 regulation of chlorophyll biosynthesis and plant cold tolerance, with ectopic expression in Arabidopsis and VIGS in the crop. No human ingestion (§2 conditions 1-2 fail).",,
2026-08-09 core-zero,chinese cabbage,40032097,exclude-agreed,"§3 agri / name-only: thermochromic cellulose agricultural film with radiative cooling; the thermoregulation is the film's, tested on Chinese cabbage seed germination. Materials science on a crop-covering film, not a human ingestion study (§2 conditions 1-3 fail).",,
2026-08-09 core-zero,chinese cabbage,41038133,exclude-agreed,"§3 agri: BcbZIP72 as an upstream CBF-dependent regulator of plant cold tolerance in non-heading Chinese cabbage, for cold-tolerance breeding. No human subject or ingestion (§2 conditions 1-2 fail).",,
2026-08-09 core-zero,cucumber,11060222,exclude-agreed,"§2 EXCLUDE `invitro` + `name-only`: microsomal Ca2+-ATPase from sea cucumber (Ludwigothurea grisea) smooth muscle; enzyme heat production in vitro, no human, no ingestion. Holothuroidea is also not Cucumis sativus (§3 botanical species identity).",,
2026-08-09 core-zero,cucumber,1153330,exclude-agreed,"§2 EXCLUDE `agri`/`invitro`: rRNA metabolism in isolated cucumber leaf mesophyll protoplasts. Plant cell biology, no human ingestion, no thermal outcome.",,
2026-08-09 core-zero,cucumber,12121460,exclude-agreed,"§2 EXCLUDE `agri`: cold acclimation / chilling tolerance of Cucumis sativus seedlings. Crop cold tolerance, explicitly the `agri` class.",,
2026-08-09 core-zero,cucumber,12379790,exclude-agreed,§2 EXCLUDE `agri`: chilling root temperature and ultrastructure of cucumber root tips. Crop chilling injury; no human subject and no ingestion.,,
2026-08-09 core-zero,cucumber,15647805,exclude-agreed,§2 EXCLUDE `agri`: transgenic cucumber Dhn10 expression and seedling chilling tolerance. Plant cold tolerance breeding.,,
2026-08-09 core-zero,cucumber,1879030,exclude-agreed,"§2 EXCLUDE `no-thermal` (closest call in batch — the only human trial here). RCT in 389 hypertensive patients, but stated human outcomes are blood pressure and an unspecified TCM symptom-response rate; no thermal outcome from the §2.3 set is reported. Coronary blood flow was measured in animals and coronary is an organ-specific bed §2.3 fixes as `no-thermal`. Also fails §2 condition 2 (a tablet of cucumber *vine*, an inedible plant part, is not the food, a food-form of it, or its principal dietary constituent) and §2 condition 4 (a multi-herb 復方 'compound' does not isolate cucumber as the exposure).",,
2026-08-09 core-zero,cucumber,18959197,exclude-agreed,"§2 EXCLUDE `agri`: daily low hardening temperature and cold/heat tolerance of cucumber, barley, marigold and petunia plants. Crop cold hardening.",,
2026-08-09 core-zero,cucumber,19218491,exclude-agreed,§2 EXCLUDE `animal`: oxygen consumption and metabolic rate of the sea cucumber Actinopyga mauritiana. Non-human invertebrate; also not Cucumis sativus (§3 species identity).,,
2026-08-09 core-zero,cucumber,19283133,exclude-agreed,"§2 EXCLUDE `name-only`/`animal`: overwintering and cold tolerance of the mermithid nematode Filipjevimermis leipsandra (a cucumber-beetle parasite). Non-human subject, no ingestion by a human, cucumber named only via the host/crop context.",,
2026-08-09 core-zero,cucumber,19386805,exclude-agreed,§2 EXCLUDE `agri`: brassinosteroid-induced photo-oxidative and cold stress tolerance in cucumber plants. Crop stress physiology.,,
2026-08-09 core-zero,cucumber,22022615,exclude-agreed,"§2 EXCLUDE `animal`: thermotolerance, oxygen consumption and hsp expression in the sea cucumber Apostichopus japonicus. Non-human; not Cucumis sativus.",,
2026-08-09 core-zero,cucumber,22720394,exclude-agreed,§2 EXCLUDE `name-only`: numerical dual-phase-lag bioheat/solidification model; a cucumber slice serves as an inanimate tissue phantom for model validation. No human ingestion of cucumber (§2 condition 2 fails).,,
2026-08-09 core-zero,cucumber,24444870,exclude-agreed,§2 EXCLUDE `animal`: miRNA profiling in the respiratory tree of the sea cucumber Apostichopus japonicus during aestivation. Non-human; not Cucumis sativus.,,
2026-08-09 core-zero,cucumber,25038515,exclude-agreed,§2 EXCLUDE `animal`: differential gene expression in sea cucumber respiratory tree during aestivation. Non-human; not Cucumis sativus.,,
2026-08-09 core-zero,cucumber,25193009,exclude-agreed,"§2 EXCLUDE `animal`: on-construct topic (Iranian traditional-medicine hot/cold temperament seeds incl. cucumber seed, thyroid hormones framed as thermogenesis/energy metabolism) but subjects are 42 male Wistar rats per experiment. §2 condition 1 (human, in vivo) fails; §2 note on ginger/29259648 forbids overriding an explicit animal statement.",,
2026-08-09 core-zero,cucumber,26566826,exclude-agreed,"§2 EXCLUDE `agri`: review of NGS/omics tools in Cucumis sativus breeding, cold tolerance as one breeding trait. Agronomy review, not a human thermal-ingestion review (§3 review rule).",,
2026-08-09 core-zero,cucumber,27592172,exclude-agreed,§2 EXCLUDE `agri`: CsWRKY46 transcription factor confers cold resistance in transgenic plants. Crop cold tolerance.,,
2026-08-09 core-zero,cucumber,29783627,exclude-agreed,"§2 EXCLUDE `invitro`/`animal`: cloning and enzymatic characterisation of Cu,Zn-SOD from a hadal sea cucumber. Recombinant enzyme assay; no human, no ingestion; not Cucumis sativus.",,
2026-08-09 core-zero,cucumber,30127075,exclude-agreed,"§2 EXCLUDE `animal`: flow effects on locomotion and feeding of the suspension-feeding sea cucumber Cucumaria frondosa. Non-human; energy expenditure here is the animal's own, not human ingestion.",,
2026-08-09 core-zero,cucumber,30901348,exclude-agreed,§2 EXCLUDE `animal`: temperature-induced aerobic scope and Hsp70 in the sea cucumber Holothuria scabra. Non-human thermal tolerance; not Cucumis sativus.,,
2026-08-09 core-zero,cucumber,30952348,exclude-agreed,"§2 EXCLUDE `agri`: temperature evolution during composting of cucumber stalk. Post-harvest/waste agronomy; temperature is of the compost pile, no human subject.",,
2026-08-09 core-zero,cucumber,32485801,exclude-agreed,§2 EXCLUDE `agri`: genome-wide GRAS family characterisation and cold tolerance in Cucumis sativus. Crop cold tolerance.,,
2026-08-09 core-zero,cucumber,34072439,exclude-agreed,§2 EXCLUDE `agri`: chloroplast atpB polymorphism and maternally inherited cold recovery in cucumber. Crop chilling tolerance genetics.,,
2026-08-09 core-zero,cucumber,34367212,exclude-agreed,"§2 EXCLUDE `agri`: nitric oxide as downstream signal in melatonin-induced cold tolerance of cucumber seedlings. Note the SNP here is a plant NO donor, not the §2.3 reactivity probe — no human vascular measurement at all.",,
2026-08-09 core-zero,cucumber,34502273,exclude-agreed,"§2 EXCLUDE `agri`: cucumber vacuolar invertase CsVI1, hexose accumulation and low-temperature stress in seedlings. Crop cold tolerance.",,
2026-08-09 core-zero,cucumber,34948028,exclude-agreed,§2 EXCLUDE `agri`: H2S/CsARF5-CsDREB3 module and cold stress resistance in cucumber seedlings. Crop cold tolerance.,,
2026-08-09 core-zero,cucumber,35003171,exclude-agreed,§2 EXCLUDE `agri`: melatonin in selenium-enhanced cold tolerance of cucumber seedlings. Crop cold tolerance.,,
2026-08-09 core-zero,cucumber,35161426,exclude-agreed,§2 EXCLUDE `agri`: rootstock type and silicon affecting cold tolerance of cucumber seedlings. Crop cold tolerance.,,
2026-08-09 core-zero,cucumber,35406941,exclude-agreed,§2 EXCLUDE `agri`: phytohormone contents and signal transduction in cold-tolerant vs cold-sensitive cucumber accessions. Crop cold tolerance.,,
2026-08-09 core-zero,cucumber,35409244,exclude-agreed,§2 EXCLUDE `agri`: cucumber hexose transporter CsSWEET2 improves cold tolerance in transgenic Arabidopsis. Plant cold tolerance.,,
2026-08-09 core-zero,cucumber,35436390,exclude-agreed,§2 EXCLUDE `agri`: heat-shock-induced cold acclimation via CsHSFA1d/JA in cucumber seedlings. Crop cold acclimation.,,
2026-08-09 core-zero,cucumber,35624833,exclude-agreed,§2 EXCLUDE `agri`: RBOH-dependent photosynthesis and cold stress memory in cucumber seedlings. Crop cold acclimation.,,
2026-08-09 core-zero,cucumber,35655135,exclude-agreed,§2 EXCLUDE `agri`: cucumber CBF/DREB1 family genes and cold tolerance. Crop cold tolerance.,,
2026-08-09 core-zero,cucumber,35821703,exclude-agreed,§2 EXCLUDE `agri`: CsGPA1 G-protein alpha subunit regulating cucumber cold tolerance. Crop cold tolerance.,,
2026-08-09 core-zero,cucumber,35838983,exclude-agreed,§2 EXCLUDE `agri`: review of the genetic basis of cold tolerance in Cucumis sativus. Agronomy review; §3 review rule requires a human thermal-ingestion objective.,,
2026-08-09 core-zero,cucumber,36160963,exclude-agreed,§2 EXCLUDE `agri`: WRKY41/WRKY46-miR396b-5p-TPR module in ABA-induced cold tolerance of grafted cucumber seedlings. Crop cold tolerance.,,
2026-08-09 core-zero,cucumber,36620208,exclude-agreed,"§2 EXCLUDE `animal`: heat-escape responses and acute thermal limits of 11 Antarctic marine ectotherms, incl. the sea cucumber Cucumaria georgiana. Non-human; not Cucumis sativus.",,
2026-08-09 core-zero,cucumber,36895878,exclude-agreed,"§2 EXCLUDE `agri`: proteome/phosphoproteome of 2,4-epibrassinolide-mediated cold stress response in cucumber seedlings. Crop cold tolerance.",,
2026-08-09 core-zero,cucumber,37047175,exclude-agreed,§2 EXCLUDE `agri`: exogenous chitosan oligosaccharide improving cold tolerance in cucumber seedlings. Crop cold tolerance.,,
2026-08-09 core-zero,cucumber,37235012,exclude-agreed,§2 EXCLUDE `agri`: GWAS for low-temperature germination in cucumber accessions. Crop cold tolerance genetics.,,
2026-08-09 core-zero,cucumber,37968586,exclude-agreed,§2 EXCLUDE `agri`: CsBPC2 essential for cucumber survival under cold stress. Crop cold tolerance.,,
2026-08-09 core-zero,cucumber,38171135,exclude-agreed,§2 EXCLUDE `agri`: sodium nitrophenolate / brassinosteroid signalling enhancing cold tolerance of cucumber seedlings. Crop cold tolerance.,,
2026-08-09 core-zero,cucumber,38203249,exclude-agreed,§2 EXCLUDE `agri`: QTL mapping of cold sensitivity and heat tolerance in Xishuangbanna cucumber. Crop cold tolerance genetics.,,
2026-08-09 core-zero,cucumber,38404540,exclude-agreed,"§2 EXCLUDE `agri`: genome-wide calreticulin domain-encoding gene family in cucumber, expression under cold stress. Crop genomics.",,
2026-08-09 core-zero,cucumber,38564325,exclude-agreed,§2 EXCLUDE `agri`: CsHSFA1d and drought stress tolerance in cucumber (cold tolerance only referenced from prior work). Crop stress physiology.,,
2026-08-09 core-zero,cucumber,38764056,exclude-agreed,"§2 EXCLUDE `agri`: MgFe-LDH nanoparticle fertiliser improving iron content and cucumber seedling growth under low-temperature stress. Agronomy/fertiliser; the dietary-Fe framing is a motivation, not a human ingestion trial.",,
2026-08-09 core-zero,cucumber,38962815,exclude-agreed,§2 EXCLUDE `agri`: myo-inositol plus corn steep liquor enhancing seedling growth and cold tolerance in cucumber and tomato. Crop cold tolerance.,,
2026-08-09 core-zero,cucumber,38968841,exclude-agreed,§2 EXCLUDE `agri`: glutathione required for NO-induced chilling tolerance in cucumber seedlings. Crop chilling tolerance.,,
2026-08-09 core-zero,cucumber,39208445,exclude-agreed,"§2 EXCLUDE `agri`: CsRBOH5.1, H3K4me3 deposition and transcription after cold priming in cucumber. Crop cold acclimation epigenetics.",,
2026-08-09 core-zero,cucumber,39320412,exclude-agreed,"§2 EXCLUDE `agri`: fine mapping of CmoERF017 for cold tolerance in pumpkin rootstock for cucumber grafting. Crop cold tolerance (and a different species, §3).",,
2026-08-09 core-zero,cucumber,39366198,exclude-agreed,§2 EXCLUDE `agri`: GABA as long-distance signal in figleaf-gourd-rootstock-induced cold tolerance of grafted cucumber seedlings. Crop cold tolerance.,,
2026-08-09 core-zero,cucumber,39434831,exclude-agreed,§2 EXCLUDE `agri`: salicylic acid / CsNPR1-CsICE1 improving chilling tolerance in grafted cucumbers. Crop chilling tolerance.,,
2026-08-09 core-zero,cucumber,39658697,exclude-agreed,§2 EXCLUDE `agri`: GWAS and QTL mapping of low-temperature tolerance in adult cucumber plants. Crop cold tolerance genetics.,,
2026-08-09 core-zero,cucumber,39777792,exclude-agreed,§2 EXCLUDE `agri`: GATA3-COMT1-melatonin/ABA signalling in selenium-enhanced cold tolerance of Cucumis sativus seedlings. Crop cold tolerance.,,
2026-08-09 core-zero,cucumber,40034224,exclude-agreed,"§2 EXCLUDE `agri`: phytohormone, metabolomic and transcriptomic regulators of cold tolerance in cucumber leaves under root-zone chilling. Crop cold tolerance.",,
2026-08-09 core-zero,cucumber,40157145,exclude-agreed,§2 EXCLUDE `agri`: multi-omics of sodium nitrophenolate enhancing cucumber cold tolerance and field yield. Crop cold tolerance/agronomy.,,
2026-08-09 core-zero,cucumber,40457178,exclude-agreed,"§2 EXCLUDE `agri`: lncRNA identification in wild and semi-wild cucumbers, CsLncRNA94 as negative regulator of plant cold tolerance. Crop genomics ('clinical trial number: not applicable').",,
2026-08-09 core-zero,cucumber,40622842,exclude-agreed,§2 EXCLUDE `agri`: CsEIN2 co-domestication of cold tolerance and female flower percentage in cucumber. Crop cold adaptation genetics.,,
2026-08-09 core-zero,cucumber,40805747,exclude-agreed,"§2 EXCLUDE `agri`: exogenous vitamin C mitigating cold stress in grafted cucumber seedlings. Crop cold tolerance (foliar spray on plants, not human ingestion).",,
2026-08-09 core-zero,cucumber,40853416,exclude-agreed,"§2 EXCLUDE `name-only`: electrospun micro/nanofibrous sponge for garment thermal insulation, merely biomimetically inspired by cucumber tendril helices. No ingestion (§2 condition 2); the body-temperature framing is about clothing, not a food's thermal effect.",,
2026-08-09 core-zero,cucumber,41225826,exclude-agreed,§2 EXCLUDE `agri`: phytohormone response to exogenous nitric oxide in cucumber under low-temperature stress. Crop cold tolerance.,,
2026-08-09 core-zero,cucumber,41265071,exclude-agreed,§2 EXCLUDE `agri`: genome-wide H3K27me3 dynamics in cucumber during recovery after cold stress priming. Crop cold acclimation epigenetics.,,
2026-08-09 core-zero,cucumber,41300512,exclude-agreed,"§2 EXCLUDE `animal`: sea cucumber viscera fed to a mouse model of chronic cold-exposure oxidative stress. Non-human subjects (§2 condition 1); outcomes are MDA/Keap1-Nrf2/gut microbiota, not a §2.3 thermal readout; and Holothuroidea is not Cucumis sativus (§3).",,
2026-08-09 core-zero,cucumber,41470743,exclude-agreed,§2 EXCLUDE `agri`: transcriptomics of cold tolerance in grafted cucumber on Cucurbita rootstocks. Crop cold tolerance.,,
2026-08-09 core-zero,cucumber,41675605,exclude-agreed,§2 EXCLUDE `agri`: cucumber ERF family genes; CsERF017/CsERF061 overexpression enhancing plant cold tolerance. Crop cold tolerance.,,
2026-08-09 core-zero,cucumber,42050414,exclude-agreed,§2 EXCLUDE `agri`: genome-wide DBB transcription factors and cold-responsive expression in melon (Cucumis melo). Crop cold tolerance in a different species (§3).,,
2026-08-09 core-zero,cucumber,42368530,exclude-agreed,§2 EXCLUDE `agri`: CsPHL11-CsPAL2 module in chitooligosaccharide-induced cold tolerance of cucumber seedlings. Crop cold tolerance.,,
2026-08-09 core-zero,eggplant,16724729,exclude-agreed,"§2 EXCLUDE agri: grafted eggplant seedling roots under low-temperature stress; MDA, chilling injury index and root respiration in the plant. Crop cold tolerance, no human ingestion.",,
2026-08-09 core-zero,eggplant,20672871,exclude-agreed,"§2 EXCLUDE agri / name-only: phenotypic diversity and cold-tolerance of Ralstonia solanacearum strains; eggplant is one of the pathogenicity test hosts. Plant-pathology study, no human subjects.",,
2026-08-09 core-zero,eggplant,25103420,exclude-agreed,§2 EXCLUDE agri: AtCBF3/AtCOR15A transgenic eggplant plants with improved chilling tolerance; crop cold-stress engineering.,,
2026-08-09 core-zero,eggplant,29287583,exclude-agreed,§2 EXCLUDE agri: cold-responsive miRNAs and target genes in the wild eggplant Solanum aculeatissimum under low-temperature stress.,,
2026-08-09 core-zero,eggplant,32009285,exclude-agreed,§2 EXCLUDE agri: eggplant SmICE1a expressed in Arabidopsis to enhance freezing tolerance; plant cold-response mechanism.,,
2026-08-09 core-zero,eggplant,32211240,exclude-agreed,"§2 EXCLUDE agri: WRKY gene family identification and cold-stress-responsive genes in eggplant, verified by VIGS. Crop genetics.",,
2026-08-09 core-zero,eggplant,35574110,exclude-agreed,"§2 EXCLUDE agri / name-only: CaALAD cloned from pepper and expressed in Arabidopsis for chilling tolerance; eggplant appears only as the species with the highest ALAD protein homology. No eggplant intake, no human.",,
2026-08-09 core-zero,eggplant,38594627,exclude-agreed,§2 EXCLUDE agri: comparative leaf physiology and transcriptome of cold-tolerant vs cold-sensitive Solanum melongena varieties.,,
2026-08-09 core-zero,eggplant,40580788,exclude-agreed,§2 EXCLUDE agri: SmWRKY26 overexpression and knockout in eggplant plants; cold tolerance via autophagy. Crop cold-stress mechanism.,,
2026-08-09 core-zero,eggplant,40753368,exclude-agreed,§2 EXCLUDE agri: genome-wide CYP450 family characterisation in Solanum melongena and SmCYP82C1 cold-stress function in Arabidopsis.,,
2026-08-09 core-zero,eggplant,40818258,exclude-agreed,§2 EXCLUDE agri: SmGATA15/SmMYC2 regulation of chlorophyll accumulation and cold tolerance in Solanum melongena; plant photosynthesis endpoints.,,
2026-08-09 core-zero,eggplant,41533009,exclude-agreed,"§2 EXCLUDE agri: SmMYB88 transcription factor regulating eggplant cold tolerance via the antioxidant system, tested in Arabidopsis.",,
2026-08-09 core-zero,eggplant,42434181,exclude-agreed,§2 EXCLUDE agri: SmATL gene family analysis and SmATL59 cold-stress validation in eggplant / Nicotiana benthamiana.,,
2026-08-09 core-zero,green onion,17209388,exclude-agreed,"Agronomic comparison of Welsh onion cultivars under winter cultivation: electrolyte leakage, malondialdehyde, chlorophyll, photosynthetic rate, bolting rate and yield. 'Cold tolerance' is the crop's, not a human's. EXCLUDE (agri) per §2 conditions 1-3. This is green onion's only L2 hit, so the key's L2' is 0 on this judgment; the record is nonetheless unambiguously plant agronomy.",,
2026-08-09 core-zero,hojicha,28431091,exclude-agreed,"Human study (n=8), but roasted green tea appears only as the 25 mL control mouth-rinse against Gymnema sylvestre; the exposure of interest is sweet-taste suppression during a glucose load, so §2 condition 4 fails and the tea is a rinse rather than an intake (§2 condition 2). The vascular outcome is celiac-artery / gastrointestinal blood flow by ultrasonography — organ-specific splanchnic perfusion measured for a digestive purpose, which §2.3 (vascular bed) makes `no-thermal`; no skin or limb perfusion, no temperature, no thermal sensation. EXCLUDE. Noting for the record that this is hojicha's only L2 hit, so this key's L2' is 0 on the strength of this judgment — but all three failure grounds are stated explicitly in the abstract, not inferred.",,
2026-08-09 core-zero,kimchi,25179904,exclude-agreed,"§3 no-thermal: the human arm (volunteers given candy containing L. plantarum K8 lysates) measures skin hydration, horny layer thickness and TEWL only — barrier function, not a §2.3 thermal outcome; the sentence about skin controlling body temperature is background, not a measurement. Also the exposure is a kimchi-derived bacterial lysate, which is not the food, a food-form of it, or its principal dietary constituent under §2 condition 2 / §3.",,
2026-08-09 core-zero,kimchi,31385480,exclude-agreed,"§2 condition 3 fails: 46 human patients ingesting a kimchi/cheonggukjang probiotic product, so conditions 1, 2 and 4 hold, and scalp perfusion would be a cutaneous bed within §2.3(A) — but improved scalp blood flow is only the stated hypothesis, never measured. The measured outcomes are hair count and thickness by Triple Scope System, and the conclusion attributes them to anagen-phase initiation. No perfusion, temperature or thermal-sensation readout, so no-thermal.",,
2026-08-09 core-zero,kimchi,34001561,exclude-agreed,"§3 animal: C57BL/6 mice on high-fat or normal diets with chronic cold-exposure stress, gavaged with kimchi-isolated Lactobacillus plantarum strains for 12 weeks. §2 condition 1 fails; outcomes are inflammatory cytokines, glucose-transporter genes and corticosterone, with cold exposure used as a stressor rather than as a thermoregulatory readout.",,
2026-08-09 core-zero,kimchi,35453385,exclude-agreed,"§3 agri: transcriptome and antioxidant-metabolism response of the growing kimchi cabbage plant (Brassica rapa ssp. pekinensis) to cold stress, framed as improving crop cold tolerance. The plant, not the fermented food, and no human ingestion (§2 conditions 1-2 fail).",,
2026-08-09 core-zero,kimchi,35840231,exclude-agreed,"§3 animal: male C57BL/6 and gnotobiotic mice fed a high-fat diet with kimchi. §2 condition 1 fails. Independently, 'energy expenditure' appears only in a background clause about hypothalamic function; the measured endpoints are body weight, fat mass, cytokines, gliosis, BBB integrity and microbiota — a body-composition/obesity framing that §2.3(B) codes no-thermal.",,
2026-08-09 core-zero,kimchi,39239457,exclude-agreed,"§3 invitro: differentiated T37i brown adipocytes in culture. The paper is explicitly thermogenesis-framed, which is what makes it the tempting record in this batch, but there is no human and no ingestion — outcomes are cell viability, intracellular triglyceride, lipid accumulation and thermogenic gene/protein expression, and the stated objective is anti-obesity. §2 conditions 1 and 2 fail, and §2.3(B)'s thermogenesis framing cannot rescue a cell-culture study.",,
2026-08-09 core-zero,kiwi,26201466,exclude-agreed,"Genome sequencing of the kiwi bird (Apteryx, a New Zealand ratite), not the fruit Actinidia. No human, no ingestion, no thermal readout; 'energy expenditure' appears only as a gene-enrichment category. EXCLUDE (animal / name-only) per §2 conditions 1-3.",,
2026-08-09 core-zero,kiwi,27349510,exclude-agreed,"Avian malaria (Plasmodium elongatum) in birds and mosquitoes; 'brown kiwi' names the bird host. No human ingestion, no thermal outcome. EXCLUDE (animal) per §2 EXCLUDE list.",,
2026-08-09 core-zero,kiwi,28259404,exclude-agreed,"Bovine uterine metagenomics; the token 'kiwi' comes only from the STAMP software URL (kiwi.cs.dal.ca). Rectal temperature is a cow case-definition criterion, not a food ingestion outcome. EXCLUDE (name-only / animal) per §2 conditions 1-2 and the `name-only` code.",,
2026-08-09 core-zero,kiwi,33532813,exclude-agreed,"Selenium-enriched kiwifruit fed to hyperlipidaemic mice; outcomes are hepatic antioxidant enzymes, fat mass and PPAR-α/CPT1 gene expression. Non-human subjects, and energy expenditure appears as a weight/body-fat endpoint. EXCLUDE (animal) per §2 condition 1 and §2.3(B).",,
2026-08-09 core-zero,kiwi,34275825,exclude-agreed,"Antipyretic/analgesic assay of Actinidia deliciosa extract in Albino Wistar rats. Rectal temperature is a genuine thermal readout, but subjects are rats, so §2 condition 1 (human, in vivo) fails. EXCLUDE (animal).",,
2026-08-09 core-zero,kiwi,8544083,exclude-agreed,"Case report of cryptococcosis in a North Island brown kiwi (the bird). Body temperature is discussed as the ratite's baseline physiology, not as an ingestion outcome in a human. EXCLUDE (animal) per §2 condition 1.",,
2026-08-09 core-zero,mango,2334438,exclude-agreed,"§2 EXCLUDE agri: thermogenesis and internal temperature rise are in the ripening mango fruit itself (cyanide-resistant respiration), i.e. post-harvest/ripening plant physiology. No human, no ingestion (§2 conditions 1 and 2).",,
2026-08-09 core-zero,mango,24493889,exclude-agreed,"§2 EXCLUDE name-only: lipase-catalysed interesterification of mango fat for bakery shortenings. 'Body temperature' appears only as a reference point for the fat's solid content / melting profile — a composition and physical-property assay, no subjects.",,
2026-08-09 core-zero,mango,24848064,exclude-agreed,"§2 EXCLUDE animal: mangiferin (a genuine Mangifera indica constituent, so §3 constituent rule would be satisfied) but subjects are HFD-fed mice plus C2C12 myotubes. Thermogenesis is reported yet §2 condition 1 (human in vivo) fails.",,
2026-08-09 core-zero,mango,28073977,exclude-agreed,"§2 EXCLUDE agri: hot-water quarantine treatment and hydrocooling of mango fruit against Anastrepha ludens. Fruit core temperature is a post-harvest disinfestation parameter, not a human thermal outcome.",,
2026-08-09 core-zero,mango,29568185,exclude-agreed,"§2 EXCLUDE animal: C57BL/6J mice given a thermogenic blend by oral gavage; BAT thermal imaging and UCP1 measured but §2 condition 1 fails. Independently §3 botanical species identity: 'African mango' is Irvingia gabonensis, not Mangifera indica, and it is one component of a five-ingredient blend (species-mismatch).",,
2026-08-09 core-zero,mango,30041447,exclude-agreed,§2 EXCLUDE agri: cold-storage tolerance and chilling injury of mango fruit as a function of anthocyanin/flavonoid content. Explicitly post-harvest physiology and chilling injury.,,
2026-08-09 core-zero,mango,35624715,exclude-agreed,"§2 EXCLUDE invitro: mango leaf, olive leaf and grape pomace extracts applied to endothelial colony-forming cells in culture. No human ingestion; angiogenic/endothelial endpoints are also not thermal (§2.3 reactivity probes rationale).",,
2026-08-09 core-zero,mango,36292829,exclude-agreed,§2 EXCLUDE animal / name-only: review of seasonal reproductive arrest and cold tolerance in Bactrocera fruit flies; mango is named only as a breeding host fruit.,,
2026-08-09 core-zero,mango,38600447,exclude-agreed,§2 EXCLUDE agri: cold-stress metabolome and transcriptome of leaves from three mango cultivars; crop cold tolerance.,,
2026-08-09 core-zero,mango,39236393,exclude-agreed,§2 EXCLUDE agri: methyl jasmonate applied to mango fruit to alleviate ripening disorder during refrigeration — post-harvest storage physiology.,,
2026-08-09 core-zero,mango,39578738,exclude-agreed,§2 EXCLUDE agri: m6A/HSP70 cold-stress adaptation in mango seedlings; plant cold tolerance and breeding.,,
2026-08-09 core-zero,mango,40970554,exclude-agreed,"§2 EXCLUDE name-only: materials-science paper on a flexible battery-supercapacitor hybrid electrode. 'Body temperature' appears only because the device powers a digital thermometer; no food, no subjects, no ingestion.",,
2026-08-09 core-zero,mango,41151753,exclude-agreed,§2 EXCLUDE animal: the mango stem borer beetle Batocera rufomaculata; flight propensity and metabolic rate in insects. 'Mango' is part of the pest's common name only.,,
2026-08-09 core-zero,mango,42026469,exclude-agreed,"§2 EXCLUDE agri: comparative transcriptomics of DELLA GAIP-B in cold tolerance of mango cultivars, validated in Nicotiana benthamiana. Crop cold-stress genetics.",,
2026-08-09 core-zero,melon,14669243,exclude-agreed,"§3 review rule + §2.3 name-only: review of Chinese-approved antidiabetic herbal drugs; 'bitter melon' appears only in a list of hypoglycaemic plants and the stated objective is antidiabetic efficacy, not a thermal/thermogenic effect. 'Enhance the microcirculation' is a claimed formula mechanism, not a measured outcome, so §2 condition 3 fails. Independently §3 species-mismatch: Momordica charantia is a separate food_key (records_bitter_melon.json), not Cucumis melo.",,
2026-08-09 core-zero,melon,14974734,exclude-agreed,"§2 exclude `animal`: subjects are male LETO and OLETF rats fed vinegar-supplemented chow; RQ and daily energy expenditure are rodent measurements, so §2 condition 1 (human, in vivo) fails. Also §3 species-mismatch (bitter melon ≠ Cucumis melo).",,
2026-08-09 core-zero,melon,15371474,exclude-agreed,"§2 exclude `animal` + `name-only`: 'melon' here is the bottlenose dolphin's cranial acoustic fat body, not an ingested food. No human subjects and no ingestion (§2 conditions 1-2 both fail); the thermoregulation discussed is of lipid density in dolphin tissue.",,
2026-08-09 core-zero,melon,17056058,exclude-agreed,"§2 exclude `animal`: embryonic diapause and ERK signalling in the false melon beetle Atrachya menetriesi under cold exposure. Insect subjects, no human ingestion; 'melon' names the beetle only.",,
2026-08-09 core-zero,melon,18537696,exclude-agreed,"§3 review rule: stated objective is TCM treatment of metabolic syndrome, with thermogenesis appearing as one listed mechanism (and attributed to ginseng, not to melon) — `name-only` under the review rule. No measured human thermal outcome for the food_key. Also §3 species-mismatch: the reviewed plant is Momordica charantia, its own food_key.",,
2026-08-09 core-zero,melon,20333710,exclude-agreed,"§2 exclude `animal`: 17 captive strepsirrhine primate species. Melon is a test food but §2 condition 1 (human) fails, and the outcome is maximum ingested food size; resting metabolic rate is cited only as a scaling comparator, which §2.3(B) makes `no-thermal` in any case.",,
2026-08-09 core-zero,melon,22623391,exclude-agreed,"§2 exclude `animal`: C57BL/6J mice on high-fat diets; 'thermogenesis' is inferred from white-adipose PKA/ACC phosphorylation, not measured in vivo, and subjects are rodents. Also §3 species-mismatch (bitter melon seed oil).",,
2026-08-09 core-zero,melon,26132858,exclude-agreed,"§3 review rule + §2.3 `name-only`: review of medicinal plants for type 2 diabetes; bitter melon is one item in a long list and the objective is antidiabetic mechanism, not a thermal effect. 'Poor blood flow' is named as a diabetic complication, not a measured outcome. Also §3 species-mismatch.",,
2026-08-09 core-zero,melon,27538854,exclude-agreed,§2 exclude `animal`: male C57BL/6 mice on low-fat/high-fat diets; energy metabolism quantified by PhenoMaster in rodents. §2 condition 1 fails. Also §3 species-mismatch (Momordica charantia).,,
2026-08-09 core-zero,melon,30085183,exclude-agreed,"§2 exclude `agri`: quarantine cold-treatment of fruit-fly-infested Navel oranges; cold tolerance of Ceratitis capitata and melon-fly eggs/larvae. Post-harvest disinfestation, no human ingestion.",,
2026-08-09 core-zero,melon,30107451,exclude-agreed,"§2 exclude `agri`: vapour heat quarantine treatment of papaya fruit against oriental and melon fruit flies; post-harvest disinfestation and fruit-quality endpoints, no human subjects.",,
2026-08-09 core-zero,melon,30208938,exclude-agreed,§2 exclude `animal`: high-fat-fed female mice given PMI5011 or bitter melon; energy expenditure and fatty-acid oxidation are rodent measurements. Also §3 species-mismatch (bitter melon has its own food_key).,,
2026-08-09 core-zero,melon,31321563,exclude-agreed,§2 exclude `invitro` / `name-only`: UHPLC-HRMS metabolomic chemotyping of 55 bitter-melon seed samples. No human ingestion and no physiological outcome; energy expenditure is referenced only as prior work. Also §3 species-mismatch.,,
2026-08-09 core-zero,melon,31551470,exclude-agreed,§2 exclude `animal`: solitary bee Osmia bicornis chronically dosed with pesticides; thoracic temperature and thermogenesis are insect endpoints. 'Melon' names only the commercial fields the residue concentrations were measured in.,,
2026-08-09 core-zero,melon,31813411,exclude-agreed,"§2 exclude `agri`: chilling-injury index, survival rate and Fv/Fm of melon seedlings under 15/6 °C. Crop cold tolerance, no human ingestion.",,
2026-08-09 core-zero,melon,32664175,exclude-agreed,"§2.3 `no-thermal`: human RCT (119 RA patients) but every measured outcome is HAQ, DAS28, CRP, ESR, rheumatoid factor and anti-CCP, plus in vitro HGF/PGE2/TSG6 secretion. 'Improve microcirculation' appears only as a speculative mechanism in the concluding sentence, never as a measurement, so §2 condition 3 fails. (The exposure is also a Cervus-and-Cucumis peptide preparation rather than an oral melon intake.)",,
2026-08-09 core-zero,melon,32853971,exclude-agreed,§2 exclude `animal`: larval thermogenesis in Sarcophaga argyrostoma and Lucilia sericata on carrion baits. Melon is named only as a bait the flies would not oviposit on; no human subjects or ingestion.,,
2026-08-09 core-zero,melon,34293605,exclude-agreed,"§2 exclude `agri`: ABA and putrescine biosynthesis regulating cold tolerance of melon seedlings under 15/6 °C. Plant physiology, no human ingestion.",,
2026-08-09 core-zero,melon,35147169,exclude-agreed,§2 exclude `agri`: CmABF1/CmCBF4 regulation of putrescine synthesis for cold tolerance in melon seedlings; VIGS plant experiments only.,,
2026-08-09 core-zero,melon,37108097,exclude-agreed,"§2 exclude `agri`: genome-wide identification of the NF-Y transcription-factor family in melon and its expression under chilling stress. Plant genomics, no human ingestion.",,
2026-08-09 core-zero,melon,37416729,exclude-agreed,§2 exclude `agri`: candidate genes for the trade-off between melon seedling cold tolerance and fruit quality; metabolite and transcriptome profiling of plants.,,
2026-08-09 core-zero,melon,38147808,exclude-agreed,"§2 exclude `agri`: response-regulator gene family in melon and CmRR6/CmPRR3 function under cold stress; VIGS plant experiments, no human ingestion.",,
2026-08-09 core-zero,melon,38301801,exclude-agreed,"§2 exclude `animal` / `agri`: heat and cold tolerance plasticity in the melon thrips Thrips palmi (CTmax, knockdown time). Insect pest subjects; 'melon' names the host crop.",,
2026-08-09 core-zero,melon,38611545,exclude-agreed,§2 exclude `agri`: microRNA profiling of grafted melon plants for enhanced cold resistance; MDA and antioxidant enzymes in plant tissue.,,
2026-08-09 core-zero,melon,39032145,exclude-agreed,§2 exclude `agri`: CmPYL6 ABA-receptor gene and cold tolerance in oriental melon seedlings; VIGS and Arabidopsis overexpression.,,
2026-08-09 core-zero,melon,39226082,exclude-agreed,"§2 exclude `agri`: phytosanitary cold disinfestation of cherry tomatoes against Bactrocera/Zeugodacus (melon fly). Post-harvest quarantine treatment, no human subjects.",,
2026-08-09 core-zero,melon,39250755,exclude-agreed,§2 exclude `agri`: aquaporin CmPIP2;3 and trehalose-induced cold tolerance in melon seedlings; apoplastic H2O2 transport in plants.,,
2026-08-09 core-zero,melon,39454537,exclude-agreed,"§2 exclude `agri`: exogenous glucose irrigation alleviating cold stress in melon seedlings; soluble sugars, ABA and photosynthesis in plants.",,
2026-08-09 core-zero,melon,39563615,exclude-agreed,§2 exclude `agri`: CmPYL7/CmPP2C24-like interaction regulating cold tolerance in oriental melon; plant antioxidant enzymes and electrolyte leakage.,,
2026-08-09 core-zero,melon,39884148,exclude-agreed,§2 exclude `agri`: CmTGA8-CmAPX1/CmGSTU25 module in trehalose-induced cold tolerance of oriental melon seedlings; plant transcription-factor work.,,
2026-08-09 core-zero,melon,40393232,exclude-agreed,"§2 exclude `agri`: melatonin treatment of cold-stored cantaloupe fruit and proline metabolism. Post-harvest physiology of the fruit itself, not human ingestion.",,
2026-08-09 core-zero,melon,41090701,exclude-agreed,§2 exclude `agri`: CmCBF4 and H2O2 signalling in trehalose-promoted cold tolerance of melon seedlings; plant molecular physiology.,,
2026-08-09 core-zero,melon,42050414,exclude-agreed,§2 exclude `agri`: genome-wide identification and cold-responsive expression of DBB transcription factors in melon; plant bioinformatics and qRT-PCR only.,,
2026-08-09 core-zero,melon,42335879,exclude-agreed,§2 exclude `agri`: JA-CmMYC2 and SA-CmWRKY40 networks relieving CmTLP15/22 inhibition of melon seedling cold tolerance; plant transcriptomics and VIGS.,,
2026-08-09 core-zero,melon,42503415,exclude-agreed,"§2 exclude `agri`: trehalose promoting melon seedling growth via IAA/GA crosstalk after low-temperature stress. Plant growth endpoints (internode elongation, biomass), no human ingestion.",,
2026-08-09 core-zero,miso,11419404,exclude-agreed,"§2 EXCLUDE name-only: the string match is the authors' abbreviation MISO for 'metabolic rate derived from ISO 8996', not the fermented soybean paste. Human metabolic rate is measured, but no food is ingested at all, so §2 condition 2 fails outright.",,
2026-08-09 core-zero,miso,1530325,exclude-agreed,"§2 EXCLUDE name-only: MISO here is misonidazole, a hypoxic-cell radiosensitiser used as a thermosensitiser with hyperthermia. Not the food; the temperature exposure is an applied treatment, not a food's thermal effect.",,
2026-08-09 core-zero,miso,1612960,exclude-agreed,"§2 EXCLUDE name-only + animal: misonidazole chemosensitisation with local hyperthermia in C3Hf/Sed mice bearing FSa-II tumours. No miso, no human ingestion.",,
2026-08-09 core-zero,miso,1733439,exclude-agreed,"§2 EXCLUDE name-only + animal: misonidazole and TNF effects on tumour blood flow in nude mice. Tumour perfusion is neither cutaneous nor limb flow (§2.3(A)), and there is no food.",,
2026-08-09 core-zero,miso,1908189,exclude-agreed,"§2 EXCLUDE name-only + animal: 'Miso' is the authors' abbreviation for misoprostol, a prostaglandin E1 analogue; colonic blood flow in an animal colitis model is organ-specific perfusion (§2.3(A)) and no food is ingested.",,
2026-08-09 core-zero,miso,21096582,exclude-agreed,"§2 EXCLUDE name-only: MISO here is 'multiple input, single output', a system-identification model class for cerebral autoregulation. Cerebral blood flow velocity is explicitly no-thermal under §2.3(A) and no food is ingested.",,
2026-08-09 core-zero,miso,2587812,exclude-agreed,"§2 EXCLUDE name-only + animal: misonidazole/RSU-1069 bioreductive cytotoxicity in a human colon adenocarcinoma xenograft in nude mice. No food, no human ingestion.",,
2026-08-09 core-zero,miso,2902159,exclude-agreed,"§2 EXCLUDE name-only + animal: misonidazole radiosensitisation in mouse jejunal crypts. Core temperature is measured, but the subjects are mice (§2.1) and the drop is drug toxicity, not a food's thermal effect.",,
2026-08-09 core-zero,miso,3166901,exclude-agreed,"§2 EXCLUDE name-only + animal: misonidazole effects on tumour, skin, muscle and kidney blood flow in mice. Skin flow is measured, but §2.1 (mice) and §2.2 (no food, i.p. drug) both fail.",,
2026-08-09 core-zero,miso,3552014,exclude-agreed,"§2 EXCLUDE name-only + animal: melphalan and misonidazole effects on murine sarcoma vasculature. No food, no human ingestion.",,
2026-08-09 core-zero,miso,36708382,exclude-agreed,"§2 EXCLUDE livestock-heat + name-only: MISO is 'multiple-input single-output', the fuzzy model architecture; the subject is broiler production-system vulnerability to heat stress. Farm-animal heat stress is the named exclusion class.",,
2026-08-09 core-zero,miso,3978636,exclude-agreed,§2 EXCLUDE name-only + animal: regional [14C]misonidazole distribution and tumour blood flow in rats. No food; tumour perfusion is outside §2.3(A).,,
2026-08-09 core-zero,miso,6466544,exclude-agreed,"§2 EXCLUDE name-only + animal: misonidazole/melphalan interaction in RIF-1 tumours in C3H mice. Body temperature is measured, but as a drug side-effect in mice, not a human food-ingestion outcome (§2.1, §2.2).",,
2026-08-09 core-zero,miso,6469751,exclude-agreed,"§2 EXCLUDE name-only + animal: prolonged high-dose misonidazole and tumour radiation response; the 4-5 °C body-temperature fall is misonidazole toxicity in tumour-bearing rodents. No food, no human ingestion.",,
2026-08-09 core-zero,miso,6615699,exclude-agreed,"§2 EXCLUDE name-only + animal: misonidazole effects on melphalan/cyclophosphamide pharmacokinetics in WHT mice. Body temperature appears only as a confounder of drug kinetics; no food, no human subjects.",,
2026-08-09 core-zero,onion,16719917,exclude-agreed,"§2 EXCLUDE name-only + animal: 'glass onion' (glo) is the name of a zebrafish cadherin2 mutant allele. No onion is ingested, subjects are zebrafish embryos, and the 'reduced peripheral blood flow' is embryonic cardiovascular development, not §2.3(A) cutaneous/limb perfusion after ingestion.",,
2026-08-09 core-zero,onion,17209388,exclude-agreed,"§2 EXCLUDE agri: Welsh onion varietal cold tolerance and wintering cultivation (electrolyte leakage, MDA, chlorophyll, bolting rate, yield). Crop cold tolerance is the named agri class; no human, no ingestion.",,
2026-08-09 core-zero,onion,20811906,exclude-agreed,"§2 EXCLUDE invitro/agri: onion epidermal cells serve only as a subcellular-localisation host for grapevine VpWRKY1/2; the cold tolerance measured is that of transgenic Arabidopsis. No human ingestion (§2.1, §2.2).",,
2026-08-09 core-zero,onion,21903122,exclude-agreed,"§2 EXCLUDE animal: subjects are 30 lambs. Rectal temperature and stress-induced hyperthermia are §2.3-listed thermal outcomes, but §2.1 requires human subjects and onion appears only as a novel flavour added to wheat bran, not as the exposure of interest (§2.4).",,
2026-08-09 core-zero,onion,22031022,exclude-agreed,"§2 EXCLUDE name-only: 'onion ring appearance' is a sonographic descriptor of a scrotal fibrous pseudotumour. No ingestion, no thermal outcome.",,
2026-08-09 core-zero,onion,22698747,exclude-agreed,"§2 EXCLUDE invitro: onion epidermal cell used as a GFP expression host for soybean SCTF-1; cold tolerance assayed in transgenic tobacco. No human ingestion (§2.1, §2.2).",,
2026-08-09 core-zero,onion,22795746,exclude-agreed,§2 EXCLUDE invitro/agri: transgenic tobacco freezing tolerance; onion epidermal cells used only for CbCOR15b-GFP subcellular localisation. No human ingestion.,,
2026-08-09 core-zero,onion,24440241,exclude-agreed,§2 EXCLUDE invitro/agri: soybean GmMYBJ1 localisation assayed in onion epidermal cells; drought/cold tolerance measured in Arabidopsis. No human ingestion.,,
2026-08-09 core-zero,onion,25019620,exclude-agreed,§2 EXCLUDE invitro/agri: Vitis amurensis VaICE1/VaICE2 localised in onion epidermal cells; freezing tolerance measured in Arabidopsis. No human ingestion.,,
2026-08-09 core-zero,onion,25192608,exclude-agreed,"§2 EXCLUDE invitro: isolation of furostanol saponins from Allium cepa seeds with PTP1B inhibition and cytotoxicity assays only. The traditional 'promote blood flow' use is background narrative, not a measured outcome, so §2.3(A) is not engaged; no human ingestion (§2.1).",,
2026-08-09 core-zero,onion,25542303,exclude-agreed,"§2 EXCLUDE animal: C57BL/6J mice fed red onion extract or quercetin. Indirect-calorimetry energy expenditure would sit on the §2.3(B) boundary, but §2.1 requires human subjects in vivo, so the species criterion settles it before framing does.",,
2026-08-09 core-zero,onion,27087901,uncertain,"§2.3(B) energy-expenditure framing is the whole decision here, and it cuts both ways. Pro-include: a 12-week randomised, double-blind, placebo-controlled trial in humans of quercetin-rich onion peel extract (an onion food-form / its principal flavonoid, §3 constituent rule) in which resting energy expenditure and RQ were measured by indirect calorimetry — REE is an outcome class §2 condition 3 names. Pro-exclude: the abstract's stated objective is body composition and the anti-obesity effect, it never invokes thermogenesis, diet-induced thermogenesis, TEF or a thermogenic effect, and §2.3(B) makes EE inside a body-composition/weight-loss trial no-thermal; the REE rise was also present in the placebo arm. Not concurring outright because this is the only human onion-intervention record in the batch whose exclusion rests entirely on framing rather than on species, route or outcome class, and framing is the exact axis on which two coders can err in the same direction.",exclude,"Twelve-week randomised placebo-controlled trial of quercetin-rich onion peel extract. Resting energy expenditure is measured, but the stated objective is the anti-obesity effect and body composition, the keywords are overweight, body fat percent and obesity, and no thermogenic framing appears. Two grounds, either sufficient: 2.3 makes energy expenditure inside a body-composition trial no-thermal, and the REE rise occurred in the placebo arm as well (p = 0.003) so no thermal outcome is attributable to the exposure."
2026-08-09 core-zero,onion,27364788,exclude-agreed,"§2 EXCLUDE name-only: 'onion skin-liked sign' is an ultrasonographic feature of benign thyroid nodules. No ingestion, no thermal outcome.",,
2026-08-09 core-zero,onion,27445415,exclude-agreed,"§2 EXCLUDE name-only: planetary science; 'onion-shell structures' describes asteroid differentiation zoning. 'Thermal evolution' here is planetesimal heating, not a human physiological outcome.",,
2026-08-09 core-zero,onion,28888163,exclude-agreed,§2 EXCLUDE invitro/agri: cotton GhDof1 localised in onion epidermal cells; salt and cold tolerance measured in transgenic cotton. No human ingestion.,,
2026-08-09 core-zero,onion,29759112,exclude-agreed,"§2 EXCLUDE animal + name-only: turtle spermiogenesis; 'onion-like' describes mitochondrial morphology. No food, no ingestion, no thermal outcome.",,
2026-08-09 core-zero,onion,30168574,exclude-agreed,"§3 review rule: the stated objective is the molecular mechanism of the anti-obesity effect of spice bioactives (onion one of eight). Thermogenesis is one listed mechanism, and the promotion of thermogenesis reported is in adipose tissue of cell and animal models — 'a review whose objective is obesity / weight-loss ... with thermogenesis merely one listed mechanism is exclude name-only'.",,
2026-08-09 core-zero,onion,31739146,exclude-agreed,§2 EXCLUDE invitro/agri: banana MusaMPK5 cold tolerance; onion epidermal cells used only for GFP/GUS localisation. No human ingestion.,,
2026-08-09 core-zero,onion,31898148,exclude-agreed,§2 EXCLUDE invitro/agri: Zoysia japonica ZjICE2 abiotic-stress tolerance; onion epidermal cells used only for transient localisation. No human ingestion.,,
2026-08-09 core-zero,onion,33123184,exclude-agreed,"§2 EXCLUDE agri: onion seed priming and germination; the infrared thermal fingerprint measured is the seed's relative temperature during imbibition, i.e. post-harvest/seed physiology, not a human thermal outcome.",,
2026-08-09 core-zero,onion,33346418,exclude-agreed,"§2 EXCLUDE name-only: 'onion ring' is an ultrasonographic sign of testicular epidermoid cysts in a paediatric tumour series. Doppler blood flow here is tumour vascularity for diagnosis, not §2.3(A) cutaneous/limb perfusion, and there is no ingestion.",,
2026-08-09 core-zero,onion,35165585,exclude-agreed,"§2 EXCLUDE name-only: 'onion skin' is the histopathological appearance in a Castleman disease case report. No ingestion, no thermal outcome.",,
2026-08-09 core-zero,onion,36550425,exclude-agreed,"§2 EXCLUDE name-only: 'onion skin-like' echo is a contrast-enhanced ultrasonography feature of testicular epidermoid cysts. Blood flow is lesion vascularity for differential diagnosis, outside §2.3(A); no ingestion.",,
2026-08-09 core-zero,onion,36790275,exclude-agreed,"§2 EXCLUDE animal: systematic review whose inclusion criterion is high-fat-fed rodents. Thermogenesis is among the listed effects, but §2.1 requires human subjects and §3's review rule counts only reviews of human thermal-ingestion evidence.",,
2026-08-09 core-zero,onion,37047700,exclude-agreed,§2 EXCLUDE invitro/agri: rice OsLUX cold tolerance at the seedling stage; the onion cell is the localisation host. No human ingestion.,,
2026-08-09 core-zero,onion,37533986,exclude-agreed,"§2.3(A) vascular bed: a randomised, double-blind, placebo-controlled human trial of quercetin-rich onion powder, but the vascular readout is regional cerebral blood flow by IMP-SPECT — organ-specific perfusion measured for a cognitive purpose, which the note lists as no-thermal (same class as the egg/38703228 ruling). The remaining outcomes (emotion, MMSE language) and the mouse EPM/redox arm are not §2.3 thermal outcomes.",,
2026-08-09 core-zero,onion,38259698,exclude-agreed,"§2 EXCLUDE name-only: 'onion skin sign' is an ultrasonographic descriptor sought in an appendiceal mucocele case report. Mucosal blood flow is appendiceal wall perfusion for diagnosis, outside §2.3(A); no ingestion.",,
2026-08-09 core-zero,onion,40771449,exclude-agreed,"§2.2 (no oral ingestion) + §3 review rule: onion juice enters this review as a topical scalp application, and the review's stated objective is efficacy/safety for hair loss. 'Increased microcapillary blood flow' is a narrative mechanism, not a measured thermal outcome attributable to ingesting onion.",,
2026-08-09 core-zero,onion,41684023,exclude-agreed,"§2 EXCLUDE animal, plus two independent grounds: rats (§2.1), intravenous infusion rather than oral ingestion (§2.2), and retinal arteriolar diameter, which §2.3(A) names explicitly as organ-specific/ocular perfusion and therefore no-thermal.",,
2026-08-09 core-zero,onion,9928867,exclude-agreed,"§2 EXCLUDE name-only: case-control epidemiology of breast-cancer risk versus garlic/onion and fibre intake. The 'energy expenditure record' is part of the dietary-history instrument, not a calorimetric measurement, so §2.3(B) is not engaged; no thermal physiological outcome.",,
2026-08-09 core-zero,pineapple,12265792,uncertain,"§2 'When the record has no abstract': title-only record and the word 'pineapple' does not appear in the title, so nothing in the record shows why it matched or whether any of the four INCLUDE conditions hold. A family-planning programme report almost certainly does not measure the thermal effect of ingesting pineapple (the plausible thermal hook is basal-body-temperature fertility charting, which is not a food exposure), so exclusion is very probably correct — but the protocol routes non-establishable title-only records to the author rather than resolving an unknown by guessing. Flagged for a MeSH/full-text check, not asserted as an include.",exclude,"Report on a natural family planning programme. 'Pineapple plantation' locates the site and 'basal body temperature' names a contraceptive method; neither is an ingestion or a thermal outcome. Name-only match. (Flagged again by the 2026-08-09 pass, which could not see this ruling; the record reaches l2_records.csv without an abstract because the fetcher reads Abstract/AbstractText only and this 1981 record carries its text in OtherAbstract. The ruling is unchanged and was made against the full PubMed record.)"
2026-08-09 core-zero,pineapple,25313936,exclude-agreed,"§3 animal: 84 weaned piglets challenged with enterotoxigenic E. coli. Body temperature is measured, and pineapple stem extract containing bromelain is one of the feed additives, so the record is on-construct in every respect except species — but §2 condition 1 (human, in vivo) fails outright and the animal code is decisive.",,
2026-08-09 core-zero,pineapple,27656892,exclude-agreed,"§3 agri: transcriptome profiling of Ananas comosus plantlets before and after cold treatment, for breeding cold-tolerant cultivars. The cold tolerance is the crop's; no human subject or ingestion (§2 conditions 1-2 fail).",,
2026-08-09 core-zero,pineapple,35643609,exclude-agreed,"§3 agri: pineapple CBL-interacting protein kinase AcCIPK5 cloned and expressed in transgenic Arabidopsis to confer salt, osmotic and cold stress tolerance. Plant abiotic-stress genetics, no human ingestion (§2 conditions 1-2 fail).",,
2026-08-09 core-zero,pineapple,36352877,exclude-agreed,"§3 agri / invitro: identification of 45 MST and 4 SUC/SUT sugar transporter genes in the pineapple genome, with yeast complementation assays. Plant development and cold-stress gene expression only (§2 conditions 1-3 fail).",,
2026-08-09 core-zero,pineapple,37919298,exclude-agreed,"§3 agri: comparative transcriptomics of two pineapple genotypes under low-temperature stress and precocious flowering, aimed at cold-resilience breeding. No human subject or ingestion (§2 conditions 1-2 fail).",,
2026-08-09 core-zero,pineapple,39579829,exclude-agreed,"§3 agri: AcSUT1B sucrose transporter characterised by Xenopus oocyte voltage clamp and overexpressed in Arabidopsis for plant cold tolerance. Plant molecular physiology, no ingestion (§2 conditions 1-2 fail).",,
2026-08-09 core-zero,pineapple,39701971,exclude-agreed,"§3 agri: genome-wide GRAS gene family analysis in Ananas comosus with cold-stress expression profiling, for cold-resistance breeding. No human subject or ingestion (§2 conditions 1-2 fail).",,
2026-08-09 core-zero,pineapple,41291110,exclude-agreed,"§3 animal: 24 male Wistar rats, bromelain 40 mg/kg intraperitoneally (not oral ingestion) before infrarenal aortic occlusion. Even though bromelain is a pineapple constituent and the model is a limb vascular one, §2 condition 1 (human) and condition 2 (oral intake) both fail, and the outcomes are oxidative-stress biomarkers and muscle histopathology, not a §2.3 thermal readout.",,
2026-08-09 core-zero,pineapple,41463430,exclude-agreed,"§3 agri: LEA gene family genome-wide analysis in pineapple with cold-stress and reproductive-development expression profiling across two cultivars. Crop cold tolerance, no human ingestion (§2 conditions 1-2 fail).",,
2026-08-09 core-zero,prune,11745064,exclude-agreed,"§3 name-only: 'prune' is the eponym prune-belly syndrome (abdominal wall deficiency), not the dried plum. Case report of a bidirectional Glenn shunt in an infant; pulmonary blood flow is an organ-specific surgical endpoint, not a cutaneous/limb bed (§2.3(A)). No food ingested (§2 condition 2 fails).",,
2026-08-09 core-zero,prune,15934498,exclude-agreed,"§3 name-only: 'prune' is the verb — antiangiogenic therapy pruning tumour vessels. Review of tumour vascular normalisation; the vascular bed is intratumoural, which §2.3(A) does not reach, and no food is ingested (§2 condition 2 fails).",,
2026-08-09 core-zero,prune,16585189,exclude-agreed,§3 name-only + animal: 'prune' is the verb (anti-VEGFR2 antibody pruning tumour vasculature) in orthotopic MDA-MB-231 xenografts. Tumour blood flow and hypoxia are not §2.3(A) cutaneous/limb beds; no dietary exposure (§2 conditions 1-2 fail).,,
2026-08-09 core-zero,prune,23143974,exclude-agreed,"§3 name-only: 'prune' is the verb (anti-VEGF drugs prune newly formed vasculature) in experimental tumour dormancy. Notch/MAPK mechanism work, no human food ingestion and no thermal outcome (§2 conditions 2-3 fail).",,
2026-08-09 core-zero,prune,26861817,exclude-agreed,"§3 name-only: 'prune' is the verb (bevacizumab pruning abnormal tumour microvessels). Human patients but the exposure is a drug, not a food (§2 condition 2 fails); and cerebral blood flow / tumour oxygenation by DSC-MRI is organ-specific perfusion measured for a non-thermal purpose, explicitly no-thermal under §2.3(A).",,
2026-08-09 core-zero,prune,28361267,exclude-agreed,"§3 name-only: 'prune' is the verb (anti-angiogenics excessively prune tumour vessels). Review of anti-angiogenesis plus immunotherapy; no ingestion, no thermal outcome, tumour perfusion is outside §2.3(A) (§2 conditions 2-3 fail).",,
2026-08-09 core-zero,prune,29972342,exclude-agreed,"§3 name-only + animal: 'prune' is the verb (anti-angiogenic therapy pruning vasculature) in OSC19 tumour-bearing mice given antibody doses. No human subject, no food ingestion (§2 conditions 1-2 fail).",,
2026-08-09 core-zero,prune,33837285,exclude-agreed,§3 name-only: 'prune' is the verb — endothelial struts gradually prune during de novo large-vessel formation. Developmental vascular biology; no ingestion and no thermal readout (§2 conditions 2-3 fail).,,
2026-08-09 core-zero,prune,35971989,exclude-agreed,"§3 name-only: 'prune' is the verb (microglial synaptic pruning). Review of circadian control of microglia; body temperature is named only as one of several circadian rhythms microglial function may bear on, with no food exposure at all (§2 conditions 2 and 4 fail).",,
2026-08-09 core-zero,prune,39270591,exclude-agreed,"§3 name-only: 'prune' is the verb (vascular normalisation therapy prunes abnormal tumour vasculature). The exposure is the herbal formula Taohong Siwu decoction, not the dried plum, and the models are HUVECs, zebrafish embryos and 4T1 tumour-bearing mice (§2 conditions 1-2 fail).",,
2026-08-09 core-zero,pumpkin,14669243,exclude-agreed,"§3 review rule + §2 EXCLUDE name-only: a review of antidiabetic herbal drugs approved in China, whose stated objective is blood-glucose lowering. Pumpkin is named once in a list of hypoglycaemic plants and 'enhance the microcirculation' is a narrative account of formula ingredients, not a measured §2.3(A) cutaneous/limb perfusion outcome attributable to pumpkin.",,
2026-08-09 core-zero,pumpkin,25193009,exclude-agreed,"§2 EXCLUDE animal: this is the most on-construct record in the batch — hot/cold temperament seeds (pumpkin among the cold group) fed as 10% of diet, with thyroid hormones, corticosterone and VMA read explicitly as regulators of thermogenesis and energy metabolism — but the subjects are 42 male Wistar rats per experiment, stated in the abstract. §2.1 requires human subjects in vivo, so it excludes on species alone; no inference was needed.",,
2026-08-09 core-zero,pumpkin,29439434,exclude-agreed,"§2 EXCLUDE agri: genome-wide identification of Cucurbita maxima GST genes and their expression under cold stress for cold-tolerant rootstock breeding. Crop cold tolerance; no human, no ingestion.",,
2026-08-09 core-zero,pumpkin,30267873,exclude-agreed,§2 EXCLUDE agri: iTRAQ proteomics of watermelon seedlings grafted onto pumpkin rootstock under cold stress. Plant cold tolerance; no human ingestion.,,
2026-08-09 core-zero,pumpkin,30980598,exclude-agreed,"§3 review rule + §2.2: a review of herbal alternatives in androgenetic alopecia whose objective is 5-alpha-reductase inhibition and hair regrowth; pumpkin seed is one of six herbs. Scalp blood flow appears only as background narrative, not as a measured thermal outcome of ingesting pumpkin.",,
2026-08-09 core-zero,pumpkin,33750773,exclude-agreed,§2 EXCLUDE agri: melatonin/MeJA signalling in pumpkin-rootstock-grafted watermelon cold tolerance. Plant physiology; no human ingestion.,,
2026-08-09 core-zero,pumpkin,34925414,exclude-agreed,§2 EXCLUDE agri: pumpkin CmRCC1 conferring cold tolerance in transgenic tobacco via root architecture and photosynthesis. No human ingestion.,,
2026-08-09 core-zero,pumpkin,34975972,exclude-agreed,§2 EXCLUDE agri: abscisic acid in grafting-induced cold tolerance of watermelon on pumpkin rootstock. Plant physiology; no human ingestion.,,
2026-08-09 core-zero,pumpkin,38397839,exclude-agreed,"§2 EXCLUDE animal + invitro: pumpkin seed extract tested in Saos-2 cells and ovariectomised rats. Prdm16/Pgc1a transcription is a brown-adipogenesis/thermogenesis gene readout, but it is measured in rats, so §2.1 fails; it would in any case be a biomarker rather than an in vivo thermal outcome (mechanism-only).",,
2026-08-09 core-zero,pumpkin,38611545,exclude-agreed,§2 EXCLUDE agri: miRNA profiling of melon grafted on pumpkin rootstock under cold stress. Plant cold resistance; no human ingestion.,,
2026-08-09 core-zero,pumpkin,39226082,exclude-agreed,"§2 EXCLUDE agri + name-only: phytosanitary cold disinfestation of cherry tomatoes; 'pumpkin' appears only in the common name of the fruit fly Zeugodacus tau, and the cold tolerance measured is that of insect larvae. Post-harvest treatment, no human ingestion.",,
2026-08-09 core-zero,pumpkin,39320412,exclude-agreed,§2 EXCLUDE agri: QTL fine-mapping of CmoERF017 for cold tolerance in pumpkin rootstock. Crop breeding; no human ingestion.,,
2026-08-09 core-zero,pumpkin,40771449,exclude-agreed,"§3 review rule + §2.2: a review of herbal remedies for hair loss; pumpkin seed oil is one listed remedy and the objective is hair regrowth efficacy/safety. 'Increased microcapillary blood flow' is a narrative mechanism for topical/scalp treatment, not a measured thermal outcome attributable to ingesting pumpkin.",,
2026-08-09 core-zero,pumpkin,40805747,exclude-agreed,§2 EXCLUDE agri: exogenous vitamin C mitigating cold stress in cucumber grafted on pumpkin rootstock. Plant physiology and transcriptomics; no human ingestion.,,
2026-08-09 core-zero,pumpkin,41695112,uncertain,"Two protocol boundaries collide and neither resolves cleanly on the abstract. Pro-include: a randomised single-blind crossover in 15 healthy adults in which resting energy expenditure and RER were measured over 3 h postprandially by indirect calorimetry — postprandial EE after an acute protein bolus is the same measurement class as TEF, which §2 condition 3 lists, and it is exactly the kind of record the recall rebuild exists to stop missing. Pro-exclude: (a) §2.3(B) — the abstract frames the outcomes as 'postprandial metabolism and appetite' alongside ketones, NEFA, glucose, insulin and GLP-1, and never invokes thermogenesis, DIT, TEF or a thermogenic effect; (b) §2 condition 4 — pumpkin seed is one of three protein sources in a pea/brown-rice/pumpkin-seed blend, so the blend, not pumpkin, is the exposure of interest and there is no pumpkin-specific readout (§3 whole-diet rule points to exclude, while §3's mixed-intervention rule would point to include-confounded). Flagging rather than concurring because it is the only human record in the pumpkin batch, and its exclusion depends on reading §2.3(B) framing and §3's component rule the same way twice.",exclude,"Acute crossover in 15 adults of whey against a pea, brown-rice and pumpkin-seed protein blend, with postprandial energy expenditure over 3 h. Pumpkin seed is one of three protein sources in the blend and no pumpkin-specific readout is reported, so condition 4 fails, and the outcomes are framed as postprandial metabolism and appetite alongside insulin, GLP-1 and NEFA with no thermogenesis language, so 2.3 excludes the energy expenditure independently. The same record is excluded under brown rice on the same grounds."
2026-08-09 core-zero,soy sauce,30335858,exclude-agreed,Dietary soy sauce oil fed to medaka (Oryzias latipes) with adipose tissue volume and adipogenesis gene expression as outcomes. Non-human subjects; 'energy expenditure' appears only as background text about adipose function. EXCLUDE (animal) per §2 condition 1 and §2.3(B).,,
2026-08-09 core-zero,soy sauce,35804768,exclude-agreed,"Traditional kanjang (soy sauce) substituted for salt in ovariectomized rats. Tail skin temperature is a genuine peripheral thermal outcome (menopausal hot-flush proxy), but the subjects are rats, so §2 condition 1 fails. EXCLUDE (animal). Flagged as the record most likely to be misread as an include on outcome alone; a human analogue of this design would be an include.",,
2026-08-09 core-zero,sweet potato,11691611,exclude-agreed,§2 EXCLUDE animal: subjects are lesser mouse deer (Tragulus javanicus) in a respiration chamber; heat production is measured but §2 condition 1 (human subjects in vivo) fails. Sweet potato is one of three ad libitum feeds.,,
2026-08-09 core-zero,sweet potato,12395862,exclude-agreed,"§2.3 energy expenditure: human subjects (Wola highlanders) and sweet potato is the staple crop, but the EE measured is the labour cost of horticulture/foraging in a subsistence energy-accounting ledger — the denominator of an energy balance, explicitly no-thermal under §2.3. No thermal physiological outcome and no ingestion exposure; §2 conditions 3 and 4 both fail.",,
2026-08-09 core-zero,sweet potato,1645994,exclude-agreed,"§2 EXCLUDE animal: naked mole-rats (Heterocephalus glaber) fed sweet potato vs carrot; caecal microfauna and SCFA endpoints. §2 condition 1 fails; the daily-EE mention is a fermentation-contribution calculation, no-thermal under §2.3.",,
2026-08-09 core-zero,sweet potato,20333710,exclude-agreed,§2 EXCLUDE animal: captive strepsirrhine primates; outcome is maximum ingested food size (bite volume) scaling. Non-human subjects and no thermal outcome (§2 conditions 1 and 3).,,
2026-08-09 core-zero,sweet potato,25307930,exclude-agreed,"§2 EXCLUDE agri: AtNHX1-transgenic sweet potato plants; salt and cold stress tolerance of the crop. Plant cold tolerance, no human ingestion.",,
2026-08-09 core-zero,sweet potato,28135399,exclude-agreed,"§2 EXCLUDE animal: high-fat-diet C57BL/6J mice. Energy expenditure is modulated but §2 condition 1 fails; separately §2.3 EE note makes this a body-weight/fat-accumulation (anti-obesity) endpoint, not a thermogenesis framing.",,
2026-08-09 core-zero,sweet potato,28310816,exclude-agreed,§2 EXCLUDE animal: Cape mole-rat (Georychus capensis) burrowing energetics; sweet potato used only as the digestibility test feed. §2 condition 1 fails.,,
2026-08-09 core-zero,sweet potato,34461554,exclude-agreed,"§2 EXCLUDE agri: IbLfp overexpression for low-temperature storage ability of sweetpotato tuberous roots — post-harvest physiology and chilling injury, explicitly named in the agri code.",,
2026-08-09 core-zero,sweet potato,34808465,exclude-agreed,§2 EXCLUDE agri: bHLH gene family identification and cold-stress function in sweetpotato plants; molecular breeding for crop cold tolerance.,,
2026-08-09 core-zero,sweet potato,35738441,exclude-agreed,"§2 EXCLUDE agri: genome-wide cold-tolerance gene identification and IbbHLH116 functional analysis in sweet potato / Arabidopsis. Crop cold tolerance, no human ingestion.",,
2026-08-09 core-zero,sweet potato,40349462,exclude-agreed,§2 EXCLUDE agri: IbMPK3/IbMPK6-IbSPF1 phosphorylation and cold stress tolerance in transgenic sweet potato plants.,,
2026-08-09 core-zero,sweet potato,40431382,exclude-agreed,"§2 EXCLUDE animal: C57BL/6 mice on a high-fat diet given Ipomoea batatas stem extract. BAT UCP-1/PGC-1a thermogenic proteins are measured, but §2 condition 1 (human) fails and the paper's endpoint is anti-obesity body weight/fat mass; the authors themselves defer human study.",,
2026-08-09 core-zero,sweet potato,40869948,exclude-agreed,§2 EXCLUDE agri: transcriptome/metabolome of low-temperature response in two sweet potato cultivars; crop cold-stress molecular mechanism.,,
2026-08-09 core-zero,sweet potato,42226237,exclude-agreed,§2 EXCLUDE animal: C57BL/6J mice fed high-fat diet with purple sweet potato leaves extract. Energy expenditure and BAT UCP-1 are reported but §2 condition 1 fails; §2.3 EE note also places this in a weight-gain/obesity framing.,,
2026-08-09 core-zero,sweet potato,9679098,exclude-agreed,"§2 EXCLUDE animal / name-only: subject is the sweet potato hawkmoth (Agrius convolvuli) — 'sweet potato' appears only in the insect's common name. Wing-muscle PO2 during tethered flight; no ingestion, no human.",,
2026-08-09 core-zero,tofu,30133249,exclude-agreed,"Thermoresponsive polyurethane bioprinting hydrogel; 'tofu-like' is a simile for the gel's stiffness and the temperature terms are material gelation, not physiology. No human ingestion. EXCLUDE (name-only / invitro) per §2 conditions 1-3.",,
2026-08-09 core-zero,tofu,31825421,exclude-agreed,"Transglutaminase-cross-linked tofu allergenicity in a BALB/c mouse model. Body temperature is measured (anaphylaxis readout), but subjects are mice and the framing is allergic sensitisation, not a thermal ingestion effect. EXCLUDE (animal) per §2 condition 1.",,
2026-08-09 core-zero,tofu,9711699,exclude-agreed,"Robotic stereotactic brain-probe engineering; tofu is used as a brain-tissue phantom material, not eaten. Blood flow is measured in pig brain/phantoms by the probe. EXCLUDE (name-only) per §2 condition 2.",,
2026-08-09 core-zero,tuna,10518994,exclude-agreed,"§2 EXCLUDE `invitro`: cytochrome c oxidase subunit VIa characterised from tuna and reconstituted bovine enzyme in liposomes. Molecular/liposomal thermogenesis mechanism, no human ingestion (§2 conditions 1-2 fail).",,
2026-08-09 core-zero,tuna,10682235,exclude-agreed,"§2 EXCLUDE `animal`: non-human subjects. Review of resting/maximal heart rates in ectothermic vertebrates; tuna named as an example. No human ingestion, so §3 review rule is not met either.",,
2026-08-09 core-zero,tuna,11003819,exclude-agreed,"§2 EXCLUDE `animal`: non-human subjects. Juvenile black skipjack tuna (Euthynnus lineatus) endothermy/rete development; fish subjects, no human ingestion (§2 conditions 1-2 fail).",,
2026-08-09 core-zero,tuna,11247835,exclude-agreed,§2 EXCLUDE `invitro`: myoglobin O2 affinity and cDNA sequences from endothermic/ectothermic fish; tonometry and stopped-flow on isolated protein. No human ingestion.,,
2026-08-09 core-zero,tuna,11509729,exclude-agreed,"§2 EXCLUDE `animal`: non-human subjects. Archival/satellite tagging of Atlantic bluefin tuna; fish body temperature and migration, no human ingestion.",,
2026-08-09 core-zero,tuna,12847119,exclude-agreed,"§2 EXCLUDE `animal`: non-human subjects. Swim-tunnel respirometry of eastern Pacific bonito; fish swimming energetics, no human ingestion.",,
2026-08-09 core-zero,tuna,14604842,exclude-agreed,"§2 EXCLUDE `invitro`: Ca2+ uptake in SR-enriched ventricular vesicles from tuna and mackerel. Animal-derived tissue, no human ingestion.",,
2026-08-09 core-zero,tuna,15498947,exclude-agreed,§2 EXCLUDE `animal`: non-human subjects. Review of tuna comparative physiology (regional endothermy in fish); no human ingestion (§3 review rule also fails: objective is fish physiology).,,
2026-08-09 core-zero,tuna,15579559,exclude-agreed,"§2 EXCLUDE `invitro`: eye-lens crystallin thermal stability and chaperone assays from toothfish, bigeye tuna and cow. No human ingestion, no in vivo thermal outcome.",,
2026-08-09 core-zero,tuna,15603203,uncertain,"§2 condition 2 vs §3 constituent rule — flagging rather than concurring. Human RCT (10 healthy females, randomised double-blind placebo-controlled crossover) with oral provocation by 75 mg liquid histamine, and skin temperature is an explicitly measured objective parameter alongside flush symptoms, so §2 conditions 1, 3 and 4 are satisfied for the ingested agent. The exclusion rests entirely on condition 2: tuna itself was not ingested, and histamine is not tuna's *principal* dietary constituent — it is a spoilage amine that the abstract lists across cheese, sausages, sauerkraut, tuna, tomatoes and alcoholic beverages alike, so under §3's rationale (capsaicin<->chili, caffeine<->coffee as the mechanism by which the food's belief is tested) histamine is not the mechanism by which tuna's warming/cooling attribution would be tested, and crediting it would put one generic study under six food keys. That reading is probably right and would make this `name-only`, but it is the only record in this batch where a human oral-ingestion trial measured a genuine thermal outcome, so the author should settle whether the constituent rule reaches histamine.",exclude,"Randomised double-blind crossover in 10 healthy women with oral liquid histamine, measuring skin temperature and flush. Conditions 1, 3 and 4 hold for the agent actually ingested, but tuna was not ingested and histamine is not tuna's principal dietary constituent: the abstract lists it across cheese, sausages, sauerkraut, tuna, tomatoes and alcoholic beverages, and MeSH indexes Histamine with no fish heading. Crediting it would attach one study to six unrelated food keys, which is not what the constituent rule is for."
2026-08-09 core-zero,tuna,1592908,exclude-agreed,§2 EXCLUDE `animal`: non-human subjects. Skipjack/yellowfin tuna cardiovascular responses to hypoxia; fish subjects.,,
2026-08-09 core-zero,tuna,16041566,exclude-agreed,"§2 EXCLUDE `invitro`/`mechanism-only`: circulating serotonin surveyed in thrombocytes of birds, reptiles and fish (incl. yellowfin tuna); the human element is temperature sensitivity of platelets ex vivo. No food ingestion at all (§2 condition 2).",,
2026-08-09 core-zero,tuna,1641023,exclude-agreed,§2 EXCLUDE `animal`: non-human subjects. Physiological/behavioural thermoregulation in free-ranging bigeye tuna; fish subjects.,,
2026-08-09 core-zero,tuna,16985209,exclude-agreed,§2 EXCLUDE `animal`: non-human subjects. Yellowtail kingfish (Seriola lalandi) cardiorespiratory physiology; tuna named only as a comparison. Fish subjects.,,
2026-08-09 core-zero,tuna,17081787,exclude-agreed,§2 EXCLUDE `animal`: non-human subjects. Routine metabolic rate of southern bluefin tuna in a sea-cage respirometer; fish subjects.,,
2026-08-09 core-zero,tuna,17210965,exclude-agreed,"§2 EXCLUDE `animal`: non-human subjects. Specific dynamic action of southern bluefin tuna fed sardines; the eater is the fish, not a human (§2 condition 1).",,
2026-08-09 core-zero,tuna,17644676,exclude-agreed,§2 EXCLUDE `animal`: non-human subjects. Heat-exchange modelling of bigeye tuna archival-tag temperature data; fish subjects.,,
2026-08-09 core-zero,tuna,18025023,exclude-agreed,§2 EXCLUDE `animal`: non-human subjects. Metabolic rate of juvenile Pacific bluefin tuna vs water temperature; fish subjects.,,
2026-08-09 core-zero,tuna,18214862,exclude-agreed,"§2 EXCLUDE `invitro`: wire myography on isolated vessels from lamprey, shark, yellowfin tuna, frog, alligator, duck, chicken and rat. Ex vivo animal vessels, no human ingestion.",,
2026-08-09 core-zero,tuna,19880733,exclude-agreed,§2 EXCLUDE `animal`: non-human subjects. 2D heat-flux model of bigeye tuna; fish subjects.,,
2026-08-09 core-zero,tuna,20581267,exclude-agreed,§2 EXCLUDE `animal`: non-human subjects. Postprandial metabolism/SDA of Pacific bluefin tuna; the ingesting subject is the fish (§2 condition 1).,,
2026-08-09 core-zero,tuna,20623624,exclude-agreed,"§2 EXCLUDE `animal`: non-human subjects. Gill morphology of shortfin mako shark, compared with tunas; animal subjects.",,
2026-08-09 core-zero,tuna,20667881,exclude-agreed,"§2 EXCLUDE `animal`: non-human subjects. Bluefin tuna ventricular myocytes, thermal plasticity of excitation-contraction coupling; animal/ex vivo.",,
2026-08-09 core-zero,tuna,20738635,exclude-agreed,§2 EXCLUDE `animal`: non-human subjects. Postprandial metabolic increment of southern bluefin tuna fed sardines; the ingesting subject is the fish.,,
2026-08-09 core-zero,tuna,21779352,exclude-agreed,"§2 EXCLUDE `animal`: non-human subjects. Dynamic-Energy-Budget bioenergetic model of bluefin tuna; fish/in-silico, no human ingestion.",,
2026-08-09 core-zero,tuna,22650430,exclude-agreed,§2 EXCLUDE `animal`: non-human subjects. Swimming energetics of green jack Caranx caballus; tuna named only as comparison. Fish subjects.,,
2026-08-09 core-zero,tuna,23907027,exclude-agreed,§2 EXCLUDE `animal`: non-human subjects. CFD hydrodynamics of Pacific bluefin tuna swimming; fish/in-silico.,,
2026-08-09 core-zero,tuna,27409075,exclude-agreed,"§2 EXCLUDE `name-only`: conference proceedings volume (3rd IPLeiria's International Health Congress). The only 'Tuna' string in the record is the surname of an author (Ana R. Tuna, abstract O51 on visual health in teenagers). Verified: the 63k-character abstract contains zero occurrences of thermogen*/body temperature/skin temperature/thermoregul*/seafood/fish oil/omega-3. No tuna ingestion anywhere.",,
2026-08-09 core-zero,tuna,27614233,exclude-agreed,"§2 EXCLUDE `animal`: non-human subjects. Glycogenin-1 selection in sharks and tunas (muscle transcriptomes); animal molecular evolution, no human ingestion.",,
2026-08-09 core-zero,tuna,27859170,exclude-agreed,"§2 EXCLUDE `animal`: non-human subjects. Optimal-foraging model of bigeye tuna vertical migration; fish subjects, thermoregulation is the fish's own.",,
2026-08-09 core-zero,tuna,2920815,exclude-agreed,§2 EXCLUDE `animal`: non-human subjects. Swimming respirometry of Pacific albacore at sea; fish subjects.,,
2026-08-09 core-zero,tuna,29474147,exclude-agreed,"§2 EXCLUDE `name-only`/`agri`: industrial validation of tuna precooking as a histamine control at a Fijian cannery. Temperatures are process/core temperatures of the fish, not a human physiological readout; no human subjects (§2 conditions 1 and 3 fail).",,
2026-08-09 core-zero,tuna,30364966,exclude-agreed,"§2 EXCLUDE `animal`: non-human subjects. Phylotranscriptomics of endothermic Thunnus tunas; fish genomics, no human ingestion.",,
2026-08-09 core-zero,tuna,30735702,exclude-agreed,§2 EXCLUDE `animal`: non-human subjects. Pre-/postprandial activity and visceral temperature of captive Pacific bluefin tuna; fish subjects.,,
2026-08-09 core-zero,tuna,32592808,exclude-agreed,"§2 EXCLUDE `animal`: non-human subjects. In vivo cultivation of the tuna blood fluke Cardicola orientalis in polychaete hosts; parasitology in invertebrates/farmed fish, no human ingestion and no thermal outcome.",,
2026-08-09 core-zero,tuna,32710475,exclude-agreed,§2 EXCLUDE `animal`: non-human subjects. Metabolic rate of Atlantic bluefin tuna larvae; fish subjects.,,
2026-08-09 core-zero,tuna,32942994,exclude-agreed,"§2 EXCLUDE `animal`: non-human subjects. Skeletal-muscle and cardiac transcriptomics of Pacific bluefin tuna; fish tissues, no human ingestion.",,
2026-08-09 core-zero,tuna,3384072,exclude-agreed,"§2 EXCLUDE `animal`: non-human subjects. Organ blood flow and haemodynamics of albacore tuna; fish subjects. (Also §2.3 vascular-bed note: organ-specific perfusion, not human cutaneous/limb flow.)",,
2026-08-09 core-zero,tuna,34703062,exclude-agreed,§2 EXCLUDE `animal`: non-human subjects. Behavioural thermoregulation of blue sharks (biologging); animal subjects.,,
2026-08-09 core-zero,tuna,3582589,exclude-agreed,§2 EXCLUDE `animal`: non-human subjects. Pericardial and vascular pressures in albacore tuna; fish subjects.,,
2026-08-09 core-zero,tuna,36060676,exclude-agreed,§2 EXCLUDE `animal`: non-human subjects. Endothermal development of juvenile Pacific bluefin tuna via archival tags; fish subjects.,,
2026-08-09 core-zero,tuna,36775093,exclude-agreed,§2 EXCLUDE `animal`: non-human subjects. Elevated-CO2 effects on yellowfin tuna embryos/larvae; fish subjects.,,
2026-08-09 core-zero,tuna,37273070,exclude-agreed,"§2 EXCLUDE `animal`: non-human subjects. Mackerel-tuna genome and snRNA-seq of heat-producing tissues; fish subjects, no human ingestion.",,
2026-08-09 core-zero,tuna,37637216,exclude-agreed,"§2 EXCLUDE `name-only`/`agri`: postharvest handling, quality index, histamine and microbial load of tuna at a fish market. 'Body temperature' refers to the fish carcass; the 60 human participants were interviewed about handling practices, not fed tuna and not measured physiologically (§2 conditions 2-3 fail).",,
2026-08-09 core-zero,tuna,37796965,exclude-agreed,§2 EXCLUDE `animal`: non-human subjects. Acute thermal stress in juvenile yellowfin tuna (aquaculture heat stress); fish subjects.,,
2026-08-09 core-zero,tuna,38012173,exclude-agreed,§2 EXCLUDE `animal`: non-human subjects. Field metabolic rate of Atlantic bluefin tuna juveniles from otolith tracers; fish subjects.,,
2026-08-09 core-zero,tuna,38613009,exclude-agreed,"§2.3 vascular-bed note: prospective mother-offspring cohort (INMA); canned-tuna intake in pregnancy vs offspring carotid-femoral pulse wave velocity and retinal microcirculation (CRAE/CRVE) at age 11. Retinal/ocular perfusion is explicitly `no-thermal`, and arterial stiffness is not cutaneous or limb perfusion — same basis on which black tea/33934371 (retinal OCT-A) was ruled out. No thermal readout (§2 condition 3 fails).",,
2026-08-09 core-zero,tuna,38782254,exclude-agreed,"§2 EXCLUDE `animal`: non-human subjects. sln/serca1 transcript levels in endothermic vs ectothermic scombrids; fish tissues, no human ingestion.",,
2026-08-09 core-zero,tuna,39313395,exclude-agreed,"§2 EXCLUDE `no-thermal`: randomised double-blind placebo-controlled trial of a supplement containing tuna-derived elastin in elderly Japanese subjects. §2 conditions 1-2 hold (human, oral, constituent of tuna), but every measured endpoint is Rivermead Behavioural Memory Test cognition plus an SF-36-style 'physical functioning' score. The 'increases blood flow' claim about elastin is background rationale only — no blood flow, temperature or thermogenesis was measured (§2 condition 3 fails).",,
2026-08-09 core-zero,tuna,39358834,exclude-agreed,"§3 review rule + §2.3 energy-expenditure note: review whose stated objective is managing obesity and associated metabolic disorders with marine fish oil. Energy expenditure and fat oxidation appear only as listed mechanisms inside a weight-loss framing, which §2.3 codes `no-thermal` and §3 codes `name-only` for reviews. Also not tuna-specific (tuna/sardine/mackerel oil generically).",,
2026-08-09 core-zero,tuna,39958691,exclude-agreed,§2 EXCLUDE `animal`: non-human subjects. Skipjack tuna surfacing/diving and thermal physiology from archival tags; fish subjects.,,
2026-08-09 core-zero,tuna,40281081,exclude-agreed,§2 EXCLUDE `animal`: non-human subjects. Metabolic phenotype of scaled sardine; tuna named only as a comparison. Fish subjects.,,
2026-08-09 core-zero,tuna,40510265,exclude-agreed,§2 EXCLUDE `animal`: non-human subjects. Heat production in juvenile Pacific bluefin tuna (heat-budget model + respirometry); fish subjects.,,
2026-08-09 core-zero,tuna,40517720,exclude-agreed,§2 EXCLUDE `animal`: non-human subjects. Cold stress and gill homeostasis in juvenile yellowfin tuna (aquaculture); fish subjects.,,
2026-08-09 core-zero,tuna,40652871,exclude-agreed,§2 EXCLUDE `animal`: non-human subjects. Splenic injury under acute cold stress in juvenile yellowfin tuna (aquaculture); fish subjects.,,
2026-08-09 core-zero,tuna,40878923,exclude-agreed,"§2 EXCLUDE `animal`: non-human subjects. Thermoregulation of shortfin mako sharks by biologging, with tuna comparison; animal subjects.",,
2026-08-09 core-zero,tuna,41329773,exclude-agreed,§2 EXCLUDE `animal`: non-human subjects. Thermal physiology and movements of tagged skipjack tuna; fish subjects.,,
2026-08-09 core-zero,tuna,41412545,exclude-agreed,§2 EXCLUDE `animal`: non-human subjects. Brain/muscle transcriptomics of yellowfin tuna under acute cold stress; fish subjects.,,
2026-08-09 core-zero,tuna,41626842,exclude-agreed,§2 EXCLUDE `animal`: non-human subjects. Swimming respirometry of juvenile Atlantic bluefin tuna; fish subjects.,,
2026-08-09 core-zero,tuna,42046368,exclude-agreed,§2 EXCLUDE `animal`: non-human subjects. Hepatic and serum responses of juvenile yellowfin tuna to acute cold stress; fish subjects.,,
2026-08-09 core-zero,tuna,42108627,exclude-agreed,§2 EXCLUDE `animal`: non-human subjects. Gastrointestinal digestive-enzyme responses of yellowfin tuna to acute cold stress; fish subjects.,,
2026-08-09 core-zero,tuna,5219763,exclude-agreed,"§2 EXCLUDE `animal` (no-abstract rule): title-only record, but 'Body temperature of tuna (Thunnidae) and other perciform fishes of the tropical Atlantic' unambiguously settles it as a fish-thermometry study — no human ingestion. No `no-abstract` routing needed.",,
2026-08-09 core-zero,tuna,5777368,exclude-agreed,"§2 EXCLUDE `animal` (no-abstract rule): title-only record, but 'Regulation of body temperature by the bluefin tuna' unambiguously settles it as fish thermoregulation — no human ingestion.",,
2026-08-09 core-zero,tuna,6139218,exclude-agreed,"§2 EXCLUDE `animal`: non-human subjects. Comparative scaling of heart and body weight across vertebrates; tuna named as a data point. No human ingestion, no thermal ingestion outcome.",,
2026-08-09 core-zero,tuna,7505227,exclude-agreed,"§2 EXCLUDE `name-only`: 'TUNA' here is transurethral needle ablation of the prostate, a radiofrequency device acronym, not the food. Urethral/rectal/lesion temperatures are device-safety thermometry with no food ingestion (§2 condition 2 fails). Thermal gradient mapping in a turkey-breast tissue model and BPH patients.",,
2026-08-09 core-zero,tuna,7505228,exclude-agreed,"§2 EXCLUDE `name-only`: 'TUNA' here is transurethral needle ablation of the prostate, a radiofrequency device acronym, not the food. Urethral/rectal/lesion temperatures are device-safety thermometry with no food ingestion (§2 condition 2 fails). Safety/feasibility pilot in 20 BPH patients.",,
2026-08-09 core-zero,tuna,7528418,exclude-agreed,"§2 EXCLUDE `name-only`: 'TUNA' here is transurethral needle ablation of the prostate, a radiofrequency device acronym, not the food. Urethral/rectal/lesion temperatures are device-safety thermometry with no food ingestion (§2 condition 2 fails). Histopathological/radiological/clinical study in 50 BPH patients.",,
2026-08-09 core-zero,tuna,7530946,exclude-agreed,"§2 EXCLUDE `name-only`: 'TUNA' here is transurethral needle ablation of the prostate, a radiofrequency device acronym, not the food. Urethral/rectal/lesion temperatures are device-safety thermometry with no food ingestion (§2 condition 2 fails). Pilot study in 70 BPH patients.",,
2026-08-09 core-zero,tuna,7540796,exclude-agreed,"§2 EXCLUDE `name-only`: 'TUNA' here is transurethral needle ablation of the prostate, a radiofrequency device acronym, not the food. Urethral/rectal/lesion temperatures are device-safety thermometry with no food ingestion (§2 condition 2 fails). Duplicate publication of the same BPH patient series.",,
2026-08-09 core-zero,tuna,8262111,exclude-agreed,"§2 EXCLUDE `name-only`: 'TUNA' here is transurethral needle ablation of the prostate, a radiofrequency device acronym, not the food. Urethral/rectal/lesion temperatures are device-safety thermometry with no food ingestion (§2 condition 2 fails). Canine prostate experiment — also §2 EXCLUDE `animal` (11 mongrel dogs).",,
2026-08-09 core-zero,tuna,9246781,exclude-agreed,§2 EXCLUDE `animal`: non-human subjects. Cardiac output of swimming yellowfin tuna vs exercise and temperature; fish subjects.,,
2026-08-09 core-zero,tuna,9310366,exclude-agreed,§2 EXCLUDE `invitro`: subunit composition of cytochrome-c oxidase isolated from tuna heart and liver; thermogenesis discussed as a molecular mechanism only. No human ingestion.,,
2026-08-09 core-zero,tuna,9317243,exclude-agreed,§2 EXCLUDE `animal`: non-human subjects. Tropical tuna swimming energetics in a water tunnel; fish subjects.,,
2026-08-09 core-zero,tuna,9317282,exclude-agreed,§2 EXCLUDE `animal`: non-human subjects. Yellowfin tuna thermoregulation in a water tunnel; fish subjects.,,
2026-08-09 core-zero,tuna,9317376,exclude-agreed,§2 EXCLUDE `animal`: non-human subjects. Minimum size at which tunas elevate muscle temperature above ambient; fish subjects.,,
2026-08-09 core-zero,tuna,9747521,exclude-agreed,"§2 EXCLUDE `invitro`: in vitro catecholamine responses of yellowfin/skipjack tuna red blood cells. Animal cells, no human ingestion.",,
2026-08-09 core-zero,watermelon,21247908,exclude-agreed,"§2 exclude `agri`: matriconditioning of vegetable seeds (incl. watermelon) to improve emergence at suboptimal soil temperatures. Seed physiology and field emergence, no human ingestion.",,
2026-08-09 core-zero,watermelon,23515703,exclude-agreed,"§2 exclude `name-only`: 'watermelon' describes the endoscopic stripe pattern of gastric antral vascular ectasia. No food is ingested (§2 condition 2 fails); the blood flow discussed is gastric mucosal, which §2.3(A) additionally puts outside the cutaneous/limb bed.",,
2026-08-09 core-zero,watermelon,25193009,exclude-agreed,§2 exclude `animal`: 42 male Wistar rats per experiment fed hot- or cold-temperament seeds. On-construct topic (thermogenesis and energy metabolism under a hot/cold temperament framing) but §2 condition 1 (human subjects) fails outright.,,
2026-08-09 core-zero,watermelon,25276066,exclude-agreed,"§2 exclude `animal`: mice in a stress-induced cold-hypersensitivity model fed a 1% L-citrulline diet. Core body temperature and recovery from hypothermia are genuine thermal outcomes and citrulline is watermelon's constituent, but the subjects are mice, so §2 condition 1 fails.",,
2026-08-09 core-zero,watermelon,26399665,exclude-agreed,§2 exclude `agri`: ClCASPL/AtCASPL4C1 gene function in watermelon and Arabidopsis cold tolerance; plant molecular genetics.,,
2026-08-09 core-zero,watermelon,27491393,exclude-agreed,"§2 exclude `agri`: genome-wide expression profiling of the ClNAC transcription-factor family under drought, salt and cold stress in watermelon plants.",,
2026-08-09 core-zero,watermelon,27574526,exclude-agreed,§2 exclude `agri`: miRNA/mRNA sequencing of melatonin-mediated cold tolerance in watermelon plants; no human ingestion.,,
2026-08-09 core-zero,watermelon,27749691,exclude-agreed,"§3 review rule + §2.3(C): stated objective is 'potential vascular benefits of L-citrulline and watermelon supplementation at rest and during exercise' — an endothelial/NO and exercise-performance framing, which the review rule makes `name-only` and §2.3(C) makes `no-thermal`. 'May increase peripheral blood flow' is one hedged mechanism inside that framing, and the reported endpoints are NO synthesis, blood pressure, muscle oxygenation and exercise tolerance, not a thermal readout.",,
2026-08-09 core-zero,watermelon,28299959,exclude-agreed,"§2 exclude `name-only`: laser Doppler flowmetry of gastric antral and body mucosa in GAVE patients. No ingestion of watermelon (the term is the 'watermelon stomach' descriptor), and gastric mucosal perfusion is organ-specific flow measured for a non-thermal purpose under §2.3(A).",,
2026-08-09 core-zero,watermelon,30267873,exclude-agreed,§2 exclude `agri`: iTRAQ proteomics of self-grafted vs pumpkin-rootstock-grafted watermelon seedlings under cold stress; plant physiology.,,
2026-08-09 core-zero,watermelon,31637131,exclude-agreed,§2 exclude `agri`: genome-wide identification of ClabZIP genes and their expression under cold stress and nematode infection in watermelon plants.,,
2026-08-09 core-zero,watermelon,31977835,exclude-agreed,"§3 review rule: systematic review whose stated objective is the ergogenic value of citrulline supplementation for aerobic and anaerobic exercise performance. Blood flow and tissue perfusion appear only as a proposed mechanism for performance, so §2.3(B)/§3 make it `name-only`; no thermal outcome is the review's subject.",,
2026-08-09 core-zero,watermelon,32055198,exclude-agreed,"§2 exclude `animal` / `livestock-heat`: 3- to 15-day-old chicks fed dried watermelon rind mash, framed as poultry heat-stress thermotolerance. Rectal temperature is measured but §2 condition 1 (human) fails.",,
2026-08-09 core-zero,watermelon,32174763,exclude-agreed,"§2 exclude `animal` / `livestock-heat`: 14- to 15-day-old chicks orally given watermelon rind extract; rectal temperature under thermoneutral and high ambient temperature. Directly on-construct outcome but the subjects are chicks, so §2 condition 1 fails.",,
2026-08-09 core-zero,watermelon,33568287,exclude-agreed,§2 exclude `agri`: ClAOX alternative-oxidase SNP variant and cold stress tolerance in watermelon/transgenic Arabidopsis; plant genetics.,,
2026-08-09 core-zero,watermelon,33750773,exclude-agreed,§2 exclude `agri`: methyl jasmonate and melatonin mediating rootstock-induced cold tolerance of grafted watermelon plants; plant hormone signalling.,,
2026-08-09 core-zero,watermelon,34510203,exclude-agreed,"§2.3(C) `no-thermal`: human crossover RCT of watermelon juice, but the primary outcome is flow-mediated dilation and the microvascular flow and reperfusion measures are both derived from a NIRS vascular-occlusion test, i.e. post-occlusive reactive hyperaemia — the class §2.3 names explicitly as an endothelial-function endpoint. The stated framing is 'macro- and microvascular dysfunction', NO bioavailability and 'preserved postprandial endothelial function'; baseline StO2 is tissue oxygenation, not a perfusion or thermal readout.",,
2026-08-09 core-zero,watermelon,34573090,exclude-agreed,§2 exclude `agri`: H2O2/Ca2+ interaction in melatonin-induced CBF pathway and cold tolerance in watermelon plants.,,
2026-08-09 core-zero,watermelon,34975972,exclude-agreed,§2 exclude `agri`: abscisic acid mediating grafting-induced cold tolerance of watermelon via melatonin and MeJA; plant antioxidant enzymes.,,
2026-08-09 core-zero,watermelon,36558358,include-candidate,"§2.3(A) peripheral circulation: randomised, double-blind, placebo-controlled crossover in 12 healthy young women (§2.1 human), acute oral ingestion of wild watermelon-extracted juice (§2.2 the food itself, not a synthetic supplement), and blood flow in the posterior tibial artery was measured and significantly increased versus placebo (§2.3 outcome class 'peripheral circulation / blood flow', lower-limb bed — not cerebral/coronary/renal/retinal/sublingual), attributable to the beverage (§2.4). Critically for §2.3(C), the flow reading is resting supine flow at 30/60/90 min post-ingestion, not a pharmacological probe, FMD or post-occlusive hyperaemia — which is what separates this record from 34510203, where every flow measure comes from a vascular-occlusion test under an explicit endothelial-function framing. Counter-argument for the record: the headline endpoint is femoral-ankle PWV (arterial stiffness) with an NO-bioavailability rationale, so the paper's overall framing is cardiovascular rather than thermal, and the exclusion is not absurd. But limb blood flow is an accepted outcome class on its own terms, and excluding this record leaves watermelon with no human peripheral-circulation study at all.",include,"The one overturned exclusion. Randomised double-blind crossover, 12 healthy women, acute oral ingestion of 90 g wild watermelon extract juice, with blood flow in the posterior tibial artery significantly increased against placebo at 30/60/90 min supine. All four conditions hold on the abstract's own text, and the bed is an extremity one, which 2.3 lists among those peripheral circulation reaches and whose rationale calls the substrate of felt warmth. This record had been excluded by the 2026-08-08 author sweep citing the reactivity-probe rule, but none of that rule's named triggers is present: no occlusion, no pharmacological probe, no flow-mediated dilatation. Of the 39 limb- or skin-bed records that sweep excluded, every other one carries an organ or skeletal-muscle bed or a named probe, so restoring this one removes an inconsistency rather than making one. The paper frames itself on arterial stiffness and nitric oxide rather than warmth, but 2.3 makes the bed and the probe decisive, and rewriting that rule once it is known which record it decides is the failure this protocol exists to prevent."
2026-08-09 core-zero,watermelon,36839167,uncertain,"§2.3(B) energy expenditure — genuinely on the line. Human randomised, double-blind, placebo-controlled crossover of 2 weeks' watermelon juice with indirect calorimetry of resting energy expenditure and substrate oxidation during an oral glucose challenge; measurement-wise that is a postprandial-EE (thermic-effect-of-food-type) readout after ingesting the food, which §2 condition 3 accepts. Against inclusion: §2.3(B) requires the paper to *frame* EE as thermogenesis, diet-induced thermogenesis, TEF or the food's thermogenic effect, and this abstract uses none of those terms — calorimetry is described as assessing 'the metabolic response to the OGC', secondary to a primary HRV/autonomic-function endpoint under a cardiometabolic framing, and the EE result was null. Applied strictly the framing test fails and the exclusion stands; I flag it rather than concur because the disqualifier is vocabulary alone and the full text may state a thermogenesis framing. Recommend author check of the full text's calorimetry rationale.",exclude,"Watermelon-juice crossover with indirect calorimetry during an oral glucose challenge. The primary endpoint is heart-rate variability, the calorimetry is described as 'the metabolic response to the OGC' with no thermogenesis, diet-induced thermogenesis or thermic-effect language anywhere, and the energy-expenditure result was null. MeSH indexes Heart Rate, Glucose and Cardiovascular Diseases and no thermal heading. That is the 2.3 energy-expenditure carve-out as written."
2026-08-09 core-zero,watermelon,39125858,exclude-agreed,"§2 exclude `agri`: transcriptomics of bottle gourd rootstock roots under low root-zone temperature stress; watermelon named as the scion crop. Plant physiology, no human ingestion.",,
2026-08-09 core-zero,watermelon,39590516,exclude-agreed,§2 exclude `agri`: CNGC20-mediated calcium signalling in melatonin-induced cold tolerance of watermelon; VIGS and callus work in plants.,,
2026-08-09 core-zero,watermelon,39993061,exclude-agreed,§2 exclude `agri`: NO-H2S loop mediating melatonin-induced CBF pathway and cold tolerance in watermelon plants.,,
2026-08-09 core-zero,watermelon,40460251,exclude-agreed,§2 exclude `agri`: ClCNGC2/ClCNGC20 Ca2+ channels in MeJA-induced cold tolerance of watermelon and transgenic Arabidopsis.,,
2026-08-09 core-zero,watermelon,40479579,exclude-agreed,§2 exclude `agri`: nitric oxide cross-linking calcium signals via calmodulin to enhance cold tolerance in watermelon plants; gene knockout and silencing.,,
2026-08-09 core-zero,watermelon,40679385,exclude-agreed,"§2 exclude `agri`: title-only record, but per §2 'when the record has no abstract' the title alone settles it — ClCNGC2/ClCNGC20 in watermelon cold tolerance is plant molecular physiology, so it is labelled normally rather than routed as `no-abstract`.",,
2026-08-09 core-zero,watermelon,40979440,exclude-agreed,"§2 exclude `name-only`: case report of laparoscopic gastrectomy for gastric antral vascular ectasia; 'watermelon stomach' is the endoscopic appearance. No ingestion, and the perfusion assessed (ICG marginal-artery flow) is organ-specific and non-thermal under §2.3(A).",,
2026-08-09 core-zero,watermelon,41455552,exclude-agreed,§2 exclude `agri`: ClBZR1L regulating proline metabolism in brassinolide-induced cold tolerance of watermelon seedlings; plant transcription-factor work.,,
2026-08-09 core-zero,watermelon,42050414,exclude-agreed,"§2 exclude `agri` + `name-only`: genome-wide DBB transcription-factor analysis in melon (Cucumis melo) under low-temperature stress; watermelon appears only as a collinearity/phylogeny comparator. Plant genomics, no human ingestion.",,
2026-08-09 core-zero,watermelon,42331036,exclude-agreed,§2 exclude `agri`: GPAT gene family in watermelon and ClGPAT8 validation against cold stress by VIGS; plant membrane-injury and ROS endpoints.,,
2026-08-09 core-zero,white rice,15447894,exclude-agreed,"Human ingestion study (8 healthy subjects, 5 g polished/parboiled rice per kg) with indirect calorimetry, so conditions 1-2 and 4 hold — but the reported outcomes are exogenous glucose appearance, hepatic glucose production and glucose/fat oxidation, with no thermogenesis, TEF or body-warming framing: §2.3(B) is not met. 'Peripheral circulation' in the title means glucose appearing in systemic plasma, not peripheral blood flow (§2.3 vascular bed). EXCLUDE (no-thermal).",,
2026-08-09 core-zero,white rice,33715451,exclude-agreed,"Cross-sectional workplace overweight/obesity prevalence study. White rice intake is a self-reported dietary correlate and 'thermal comfort in the workplace' is an ambient-environment exposure, not a physiological outcome of ingesting rice. EXCLUDE (name-only) per §2 conditions 3-4.",,
2026-08-09 core-zero,white rice,34684621,exclude-agreed,"RCT of methylsulfonylmethane in which white rice flour is the placebo, so §2 condition 4 fails (white rice is not the exposure of interest). Metabolic rate is listed among outcomes but framed as cardiometabolic health/inflammation, not thermogenesis or TEF, so §2.3(B) is not met either. EXCLUDE (name-only / no-thermal).",,
