pmid,food_key,coder1,coder2,adjudicated,final_label,reason,sublabels
19027746,adzuki bean,exclude,exclude,False,exclude,name-only,
10147716,agar,exclude,exclude,False,exclude,name-only,name-only
10421852,agar,exclude,exclude,False,exclude,name-only,name-only;animal
1172771,agar,exclude,exclude,False,exclude,name-only,name-only;animal
15145589,agar,exclude,exclude,False,exclude,name-only,name-only
15529188,agar,exclude,exclude,False,exclude,name-only,name-only;invitro
17879213,agar,exclude,exclude,False,exclude,name-only,name-only
18060477,agar,exclude,exclude,False,exclude,name-only,name-only
19149092,agar,exclude,exclude,False,exclude,name-only,name-only
191634,agar,exclude,exclude,False,exclude,name-only,name-only;invitro
1940010,agar,exclude,exclude,False,exclude,name-only,name-only;invitro
19541,agar,exclude,exclude,False,exclude,name-only,name-only;invitro
19695903,agar,exclude,exclude,False,exclude,name-only,name-only
19800646,agar,exclude,exclude,False,exclude,name-only,name-only
19867630,agar,exclude,exclude,False,exclude,name-only,name-only;invitro
21206616,agar,exclude,exclude,False,exclude,name-only,name-only;animal
21960744,agar,exclude,exclude,False,exclude,name-only,name-only
22343300,agar,exclude,exclude,False,exclude,name-only,name-only;invitro
223990,agar,exclude,exclude,False,exclude,name-only,name-only
22909365,agar,exclude,exclude,False,exclude,name-only,name-only
23872837,agar,include,include,False,include,"Human RCT: agar jelly ingestion; diet-induced thermogenesis (DIT) measured via indirect calorimetry (n=11, crossover)",
23995486,agar,exclude,exclude,False,exclude,name-only,name-only;animal
24240080,agar,exclude,exclude,False,exclude,name-only,name-only
24582218,agar,exclude,exclude,False,exclude,name-only,name-only
25436947,agar,exclude,exclude,False,exclude,name-only,name-only;animal
25822422,agar,exclude,exclude,False,exclude,name-only,name-only
25842542,agar,exclude,exclude,False,exclude,name-only,name-only;invitro
26551056,agar,exclude,exclude,False,exclude,name-only,name-only;invitro
27793832,agar,exclude,exclude,False,exclude,name-only,name-only;animal
28415519,agar,exclude,exclude,False,exclude,name-only,name-only
28913868,agar,exclude,exclude,False,exclude,name-only,name-only;invitro
29021723,agar,exclude,exclude,False,exclude,name-only,name-only
29103486,agar,exclude,exclude,False,exclude,name-only,name-only
29550013,agar,exclude,exclude,False,exclude,name-only,name-only;invitro
29649508,agar,exclude,exclude,False,exclude,name-only,name-only;animal
29801654,agar,exclude,exclude,False,exclude,name-only,name-only;animal
30044542,agar,exclude,exclude,False,exclude,name-only,name-only;invitro
30649673,agar,exclude,exclude,False,exclude,name-only,name-only
31093520,agar,exclude,exclude,False,exclude,name-only,name-only
3373515,agar,exclude,exclude,False,exclude,name-only,name-only
35677314,agar,exclude,exclude,False,exclude,name-only,name-only
35782140,agar,exclude,exclude,False,exclude,name-only,name-only
36222693,agar,exclude,exclude,False,exclude,name-only,name-only
37130151,agar,exclude,exclude,False,exclude,name-only,name-only;invitro
38852487,agar,exclude,exclude,False,exclude,name-only,name-only;animal
39489509,agar,exclude,exclude,False,exclude,name-only,name-only
40199350,agar,exclude,exclude,False,exclude,name-only,name-only;animal
41805999,agar,exclude,exclude,False,exclude,name-only,name-only;animal
5538844,agar,exclude,exclude,False,exclude,name-only,name-only
7692210,agar,exclude,exclude,False,exclude,name-only,name-only
8102792,agar,exclude,exclude,False,exclude,name-only,name-only
8656607,agar,exclude,exclude,False,exclude,name-only,name-only;animal
8796730,agar,exclude,exclude,False,exclude,name-only,name-only;animal
27458352,almond,exclude,exclude,False,exclude,animal,
33463488,almond,exclude,exclude,False,exclude,no-thermal,
34220264,almond,exclude,exclude,False,exclude,animal,
38999749,amaranth,exclude,exclude,False,exclude,animal,animal
16081068,apple,exclude,exclude,False,exclude,animal,
17439460,apple,exclude,exclude,False,exclude,animal,
24342779,apple,exclude,exclude,False,exclude,animal,
31916584,apple,exclude,exclude,False,exclude,animal,
3361604,apple,exclude,exclude,False,exclude,name-only,
35114899,apple,exclude,exclude,False,exclude,name-only,
36031211,apple,exclude,exclude,False,exclude,name-only,
36921838,apple,exclude,exclude,False,exclude,animal,
37493014,apple,exclude,exclude,False,exclude,species-mismatch,
3786507,apple,exclude,exclude,False,exclude,animal,
38349684,apple,exclude,exclude,False,exclude,name-only,
38702853,apple,exclude,exclude,False,exclude,animal,
39881571,apple,exclude,exclude,False,exclude,name-only,
40371876,apple,exclude,exclude,False,exclude,species-mismatch,
41840158,apple,exclude,exclude,False,exclude,name-only,
7295379,apple,exclude,exclude,False,exclude,animal,
9469739,apple,exclude,exclude,False,exclude,animal,
36999721,asparagus,exclude,exclude,False,exclude,name-only,name-only
1019753,banana,exclude,exclude,False,exclude,animal,
27175507,banana,exclude,exclude,False,exclude,name-only,
32853971,banana,exclude,exclude,False,exclude,name-only,
39531559,banana,include,include,False,include,thermic effect of food (TEF) RCT,
415131,banana,exclude,exclude,False,exclude,animal,
11419357,barley,exclude,exclude,False,exclude,name-only,
18567730,barley,exclude,exclude,False,exclude,animal,
19233799,barley,exclude,exclude,False,exclude,animal,
2119094,barley,exclude,exclude,False,exclude,animal,
2269269,barley,exclude,exclude,False,exclude,animal,
23063154,barley,exclude,exclude,False,exclude,animal,
23742725,barley,include,include,False,include,human RCT: barley beta-glucan molecular weight affected diet-induced thermogenesis (indirect calorimetry),constituent
24078602,barley,exclude,exclude,False,exclude,agri,
30814418,barley,include,include,False,include,human RCT: roasted barley extract (Mugicha) prevented skin temperature decrease in cold conditions,
31488234,barley,exclude,exclude,False,exclude,animal,
33005684,barley,exclude,exclude,False,exclude,animal,
33646616,barley,exclude,exclude,False,exclude,animal,
35179770,barley,include,include,False,include,"human RCT: Persian barley water reduced body temperature in hospitalized COVID-19 patients (thermal outcome directly measured, attributable via randomization)",
40218438,barley,exclude,exclude,False,exclude,livestock-heat,
575906,barley,exclude,exclude,False,exclude,animal,
8525647,barley,exclude,exclude,False,exclude,animal,
10073471,beef,include,include,False,include,"postprandial thermogenesis (DIT), beef steak vs cod fillet meal, human RCT",
10328345,beef,exclude,exclude,False,exclude,animal,
10875645,beef,exclude,exclude,False,exclude,livestock-heat,
11465365,beef,exclude,exclude,False,exclude,livestock-heat,
12723076,beef,exclude,exclude,False,exclude,animal,
15141881,beef,exclude,exclude,False,exclude,animal,
15271465,beef,exclude,exclude,False,exclude,livestock-heat,
15645291,beef,exclude,exclude,False,exclude,livestock-heat,
164992,beef,exclude,exclude,False,exclude,animal,
1672567,beef,exclude,exclude,False,exclude,animal,
16727420,beef,exclude,exclude,False,exclude,animal,
17083703,beef,exclude,exclude,False,exclude,name-only,
17402622,beef,exclude,exclude,False,exclude,animal,
17945758,beef,exclude,exclude,False,exclude,animal,
18997076,beef,exclude,exclude,False,exclude,livestock-heat,
19028857,beef,exclude,exclude,False,exclude,animal,
19179267,beef,exclude,exclude,False,exclude,animal,
19179268,beef,exclude,exclude,False,exclude,animal,
19179269,beef,exclude,exclude,False,exclude,animal,
19632078,beef,exclude,exclude,False,exclude,animal,
205150,beef,exclude,exclude,False,exclude,animal,
20549760,beef,exclude,exclude,False,exclude,animal,
20646268,beef,exclude,exclude,False,exclude,animal,
21617946,beef,exclude,exclude,False,exclude,animal,
21788432,beef,exclude,exclude,False,exclude,animal,
22054605,beef,exclude,exclude,False,exclude,invitro,
2231019,beef,exclude,exclude,False,exclude,animal,
23649766,beef,exclude,exclude,False,exclude,animal,
23736061,beef,exclude,exclude,False,exclude,animal,
24076131,beef,exclude,exclude,False,exclude,animal,
24122341,beef,exclude,exclude,False,exclude,livestock-heat,
24362770,beef,exclude,exclude,False,exclude,livestock-heat,
24564316,beef,exclude,exclude,False,exclude,livestock-heat,
25178304,beef,exclude,exclude,False,exclude,livestock-heat,
25253816,beef,exclude,exclude,False,exclude,animal,
26047707,beef,exclude,exclude,False,exclude,invitro,
26070369,beef,exclude,exclude,False,exclude,livestock-heat,
26310559,beef,exclude,exclude,False,exclude,name-only,
26641160,beef,exclude,exclude,False,exclude,livestock-heat,
26641162,beef,exclude,exclude,False,exclude,livestock-heat,
26821042,beef,include,include,False,include,TEF/RCT dietary protein source (beef/pork combined),confounded
27897105,beef,exclude,exclude,False,exclude,animal,
28335092,beef,exclude,exclude,False,exclude,animal,
28972266,beef,exclude,exclude,False,exclude,animal,
2925554,beef,exclude,exclude,False,exclude,animal,
29407899,beef,exclude,exclude,False,exclude,animal,
29506258,beef,exclude,exclude,False,exclude,animal,
29732473,beef,exclude,exclude,False,exclude,livestock-heat,
29996955,beef,exclude,exclude,False,exclude,animal,
29996958,beef,exclude,exclude,False,exclude,animal,
30116935,beef,exclude,exclude,False,exclude,livestock-heat,
30386784,beef,exclude,exclude,False,exclude,animal,
30885142,beef,exclude,exclude,False,exclude,animal,
31214688,beef,exclude,exclude,False,exclude,livestock-heat,
31396618,beef,exclude,exclude,False,exclude,livestock-heat,
31466744,beef,exclude,exclude,False,exclude,livestock-heat,
31560759,beef,exclude,exclude,False,exclude,animal,
31668818,beef,exclude,exclude,False,exclude,animal,
31968606,beef,exclude,exclude,False,exclude,animal,
32148030,beef,exclude,exclude,False,exclude,animal,
32315036,beef,exclude,exclude,False,exclude,livestock-heat,
32442741,beef,exclude,exclude,False,exclude,livestock-heat,
32704916,beef,exclude,exclude,False,exclude,animal,
32704926,beef,exclude,exclude,False,exclude,animal,
33113945,beef,exclude,exclude,False,exclude,animal,
3320290,beef,exclude,exclude,False,exclude,animal,
33863435,beef,exclude,exclude,False,exclude,livestock-heat,
34238990,beef,exclude,exclude,False,exclude,livestock-heat,
34869734,beef,exclude,exclude,False,exclude,animal,
35143671,beef,exclude,exclude,False,exclude,animal,
35158544,beef,exclude,exclude,False,exclude,livestock-heat,
35224736,beef,exclude,exclude,False,exclude,animal,
35366307,beef,exclude,exclude,False,exclude,livestock-heat,
35599844,beef,exclude,exclude,False,exclude,animal,
35689944,beef,exclude,exclude,False,exclude,animal,
35772756,beef,exclude,exclude,False,exclude,animal,
36181501,beef,exclude,exclude,False,exclude,livestock-heat,
36274720,beef,exclude,exclude,False,exclude,livestock-heat,
36478071,beef,exclude,exclude,False,exclude,animal,
36548857,beef,exclude,exclude,False,exclude,animal,
36552393,beef,exclude,exclude,False,exclude,livestock-heat,
36741324,beef,exclude,exclude,False,exclude,animal,
36845404,beef,exclude,exclude,False,exclude,animal,
37062711,beef,exclude,exclude,False,exclude,animal,
37091982,beef,exclude,exclude,False,exclude,invitro,
37115605,beef,exclude,exclude,False,exclude,animal,
37217179,beef,exclude,exclude,False,exclude,livestock-heat,
37344024,beef,exclude,exclude,False,exclude,livestock-heat,
37542727,beef,exclude,exclude,False,exclude,livestock-heat,
37621541,beef,exclude,exclude,False,exclude,animal,
38518429,beef,exclude,exclude,False,exclude,livestock-heat,
38655536,beef,exclude,exclude,False,exclude,animal,
38952807,beef,exclude,exclude,False,exclude,animal,
39054255,beef,exclude,exclude,False,exclude,livestock-heat,
39058685,beef,exclude,exclude,False,exclude,livestock-heat,
39167210,beef,exclude,exclude,False,exclude,livestock-heat,
3949643,beef,exclude,exclude,False,exclude,name-only,
39794685,beef,exclude,exclude,False,exclude,animal,
40179544,beef,exclude,exclude,False,exclude,animal,
40255100,beef,exclude,exclude,False,exclude,animal,
40370695,beef,exclude,exclude,False,exclude,livestock-heat,
40420908,beef,exclude,exclude,False,exclude,name-only,
40463911,beef,exclude,exclude,False,exclude,livestock-heat,
40474271,beef,exclude,exclude,False,exclude,livestock-heat,
40805102,beef,exclude,exclude,False,exclude,animal,
40831045,beef,exclude,exclude,False,exclude,livestock-heat,
41591542,beef,exclude,exclude,False,exclude,livestock-heat,
41705273,beef,exclude,exclude,False,exclude,livestock-heat,
41990398,beef,exclude,exclude,False,exclude,livestock-heat,
42232061,beef,exclude,exclude,False,exclude,livestock-heat,
42290787,beef,exclude,exclude,False,exclude,livestock-heat,
42492256,beef,exclude,exclude,False,exclude,livestock-heat,
6147440,beef,exclude,exclude,False,exclude,name-only,
6726479,beef,exclude,exclude,False,exclude,animal,
7616854,beef,exclude,exclude,False,exclude,animal,
9089485,beef,exclude,exclude,False,exclude,animal,
9110219,beef,exclude,exclude,False,exclude,animal,
9231236,beef,exclude,exclude,False,exclude,animal,
9303472,beef,exclude,exclude,False,exclude,animal,
15289207,beer,exclude,exclude,False,exclude,animal,
16861100,beer,exclude,exclude,False,exclude,name-only,
20209056,beer,exclude,exclude,False,exclude,name-only,
26098641,beer,exclude,exclude,False,exclude,animal,
2736080,beer,exclude,exclude,False,exclude,animal,
29501558,beer,exclude,include,True,exclude,"name-only: sensory-acceptability study; biometrics index liking, and no thermal MeSH is indexed",
29946343,beer,exclude,exclude,False,exclude,mechanism-only,
30471563,beer,exclude,exclude,False,exclude,animal,
3193791,beer,exclude,exclude,False,exclude,animal,
32470806,beer,exclude,exclude,False,exclude,name-only,
23179202,bell pepper,include,exclude,True,exclude,"name-only: bell pepper is the non-pungent control arm against chilli, not the exposure of interest (§2 criterion 4)",
18537696,bitter melon,exclude,exclude,False,exclude,name-only,
22623391,bitter melon,exclude,exclude,False,exclude,animal,
30415772,black sesame,exclude,exclude,False,exclude,animal,animal
12231983,black soybean,exclude,exclude,False,exclude,invitro,
16379571,black soybean,include,include,False,include,"human study: black soybean micropowder (6 g/day, 6 months) in secondary amenorrhea patients, basal body temperature (BBT) tracked as ovulation indicator vs untreated controls (borderline: BBT change reflects downstream ovulatory/hormonal status rather than a direct food-warming effect)",
33059446,black soybean,exclude,exclude,False,exclude,animal,
36297768,black soybean,exclude,exclude,False,exclude,agri,
37114142,black soybean,exclude,exclude,False,exclude,animal,
38803435,black soybean,exclude,exclude,False,exclude,animal,
40469982,black soybean,exclude,exclude,False,exclude,name-only,review
42188172,black soybean,exclude,exclude,False,exclude,animal,
16366740,black tea,include,include,False,include,human RCT: herbal supplement with black tea extract + caffeine/guarana increased resting metabolic rate (thermogenesis),constituent;confounded
16580033,black tea,include,include,False,include,"review whose stated objective is thermogenic/metabolic effects of spices, teas (incl. black tea), and caffeine",review
18377102,black tea,exclude,exclude,False,exclude,animal,
19932867,black tea,exclude,exclude,False,exclude,animal,
27044838,black tea,exclude,exclude,False,exclude,animal,
33768486,black tea,exclude,exclude,False,exclude,name-only,
34485365,black tea,exclude,exclude,False,exclude,invitro,
37764380,black tea,exclude,exclude,False,exclude,name-only,review
39511670,black tea,exclude,exclude,False,exclude,name-only,
11247835,bonito,exclude,exclude,False,exclude,animal,animal
17945318,bonito,include,include,False,include,Human RCT: dried-bonito broth ingestion (31 healthy females); peripheral blood flow measured by laser Doppler,
38782254,bonito,exclude,exclude,False,exclude,animal,animal
22569347,broccoli,exclude,exclude,False,exclude,animal,animal
31891502,broccoli,exclude,exclude,False,exclude,name-only,name-only
39456373,broccoli,exclude,exclude,False,exclude,agri,agri;invitro
4025193,brown sugar,exclude,exclude,False,exclude,animal,
22886852,buckwheat,exclude,exclude,False,exclude,name-only,
12803607,cabbage,exclude,exclude,False,exclude,species-mismatch,
14744743,cabbage,exclude,exclude,False,exclude,no-thermal,
16383647,cabbage,exclude,exclude,False,exclude,species-mismatch,
17930282,cabbage,exclude,exclude,False,exclude,species-mismatch,
18060878,cabbage,exclude,exclude,False,exclude,species-mismatch,
18162588,cabbage,exclude,exclude,False,exclude,species-mismatch,
18308738,cabbage,exclude,exclude,False,exclude,species-mismatch,
18974196,cabbage,exclude,exclude,False,exclude,species-mismatch,
19364718,cabbage,exclude,exclude,False,exclude,species-mismatch,
19462157,cabbage,exclude,exclude,False,exclude,species-mismatch,
19640927,cabbage,exclude,exclude,False,exclude,species-mismatch,
19859730,cabbage,exclude,exclude,False,exclude,species-mismatch,
21955303,cabbage,exclude,exclude,False,exclude,species-mismatch,
22569347,cabbage,exclude,exclude,False,exclude,animal,
25144747,cabbage,exclude,exclude,False,exclude,species-mismatch,
25256124,cabbage,exclude,exclude,False,exclude,species-mismatch,
26885074,cabbage,exclude,exclude,False,exclude,not-ingestion,
27095582,cabbage,exclude,exclude,False,exclude,species-mismatch,
27389636,cabbage,exclude,exclude,False,exclude,species-mismatch,
27739913,cabbage,exclude,exclude,False,exclude,species-mismatch,
28941842,cabbage,exclude,exclude,False,exclude,not-ingestion,
29121698,cabbage,exclude,exclude,False,exclude,species-mismatch,
30289493,cabbage,exclude,exclude,False,exclude,species-mismatch,
30445965,cabbage,exclude,exclude,False,exclude,invitro,
31547213,cabbage,exclude,exclude,False,exclude,species-mismatch,
34704119,cabbage,exclude,exclude,False,exclude,species-mismatch,
37338180,cabbage,exclude,exclude,False,exclude,species-mismatch,
38318875,cabbage,exclude,exclude,False,exclude,species-mismatch,
40032097,cabbage,exclude,exclude,False,exclude,agri,
41263483,cabbage,exclude,exclude,False,exclude,species-mismatch,
34243611,celery,exclude,exclude,False,exclude,animal,
10888287,cheese,exclude,exclude,False,exclude,name-only,
10911770,cheese,exclude,exclude,False,exclude,no-thermal,
18489274,cheese,exclude,exclude,False,exclude,name-only,
19203071,cheese,exclude,exclude,False,exclude,name-only,
22815954,cheese,exclude,exclude,False,exclude,animal,
27029918,cheese,exclude,exclude,False,exclude,no-thermal,
27581561,cheese,exclude,exclude,False,exclude,animal,
33598207,cheese,exclude,exclude,False,exclude,animal,
36950066,cheese,exclude,exclude,False,exclude,animal,
37958157,cheese,exclude,exclude,False,exclude,livestock-heat,
39230108,cheese,exclude,exclude,False,exclude,animal,
6633961,cheese,exclude,exclude,False,exclude,animal,
41138577,cherry,exclude,exclude,False,exclude,animal,
28455441,chestnut,exclude,exclude,False,exclude,name-only,name-only;animal
36235834,chestnut,exclude,exclude,False,exclude,name-only,name-only
37685000,chestnut,exclude,exclude,False,exclude,livestock-heat,livestock-heat
10653500,chicken,exclude,exclude,False,exclude,animal,
11104709,chicken,exclude,exclude,False,exclude,animal,
11128383,chicken,exclude,exclude,False,exclude,animal,
11171038,chicken,exclude,exclude,False,exclude,animal,
11372701,chicken,exclude,exclude,False,exclude,livestock-heat,
1140291,chicken,exclude,exclude,False,exclude,animal,
1141136,chicken,exclude,exclude,False,exclude,animal,
1153385,chicken,exclude,exclude,False,exclude,animal,
11557098,chicken,exclude,exclude,False,exclude,animal,
11790407,chicken,exclude,exclude,False,exclude,animal,
11897185,chicken,exclude,exclude,False,exclude,livestock-heat,
11923082,chicken,exclude,exclude,False,exclude,name-only,
11989759,chicken,exclude,exclude,False,exclude,animal,
1200845,chicken,exclude,exclude,False,exclude,animal,
12046651,chicken,exclude,exclude,False,exclude,animal,
12054258,chicken,exclude,exclude,False,exclude,animal,
12208305,chicken,exclude,exclude,False,exclude,animal,
12372620,chicken,exclude,exclude,False,exclude,animal,
1247191,chicken,exclude,exclude,False,exclude,animal,
12475757,chicken,exclude,exclude,False,exclude,animal,
1275070,chicken,exclude,exclude,False,exclude,animal,
13361886,chicken,exclude,exclude,False,exclude,animal,
14251943,chicken,exclude,exclude,False,exclude,animal,
14561841,chicken,exclude,exclude,False,exclude,animal,
14653463,chicken,exclude,exclude,False,exclude,livestock-heat,
15141834,chicken,exclude,exclude,False,exclude,livestock-heat,
15471958,chicken,exclude,exclude,False,exclude,animal,
15556382,chicken,exclude,exclude,False,exclude,animal,
1558893,chicken,exclude,exclude,False,exclude,animal,
15620684,chicken,exclude,exclude,False,exclude,animal,
15927767,chicken,exclude,exclude,False,exclude,animal,
15941487,chicken,exclude,exclude,False,exclude,animal,
1614955,chicken,exclude,exclude,False,exclude,invitro,
16156199,chicken,exclude,exclude,False,exclude,livestock-heat,
16553262,chicken,exclude,exclude,False,exclude,animal,
16615357,chicken,exclude,exclude,False,exclude,livestock-heat,
16787856,chicken,exclude,exclude,False,exclude,livestock-heat,
16892153,chicken,exclude,exclude,False,exclude,animal,
16973393,chicken,exclude,exclude,False,exclude,animal,
16977857,chicken,exclude,exclude,False,exclude,invitro,
17083703,chicken,exclude,exclude,False,exclude,animal,
17327590,chicken,exclude,exclude,False,exclude,animal,
17347410,chicken,exclude,exclude,False,exclude,animal,
17349020,chicken,exclude,exclude,False,exclude,invitro,
17623916,chicken,exclude,exclude,False,exclude,animal,
17674077,chicken,exclude,exclude,False,exclude,animal,
17686884,chicken,exclude,exclude,False,exclude,animal,
17761445,chicken,exclude,exclude,False,exclude,animal,
18241230,chicken,exclude,exclude,False,exclude,animal,
18426587,chicken,exclude,exclude,False,exclude,animal,
18427762,chicken,exclude,exclude,False,exclude,animal,
18472312,chicken,exclude,exclude,False,exclude,animal,
18842136,chicken,exclude,exclude,False,exclude,animal,
18861341,chicken,exclude,exclude,False,exclude,animal,
18881492,chicken,exclude,exclude,False,exclude,animal,
18901892,chicken,exclude,exclude,False,exclude,animal,
18997372,chicken,exclude,exclude,False,exclude,name-only,
19038804,chicken,exclude,exclude,False,exclude,animal,
19457987,chicken,exclude,exclude,False,exclude,animal,
19531576,chicken,exclude,exclude,False,exclude,animal,
19782502,chicken,exclude,exclude,False,exclude,animal,
19836298,chicken,exclude,exclude,False,exclude,name-only,
20184729,chicken,exclude,exclude,False,exclude,animal,
20252827,chicken,exclude,exclude,False,exclude,animal,
20342896,chicken,exclude,exclude,False,exclude,animal,
21036929,chicken,exclude,exclude,False,exclude,animal,
21066167,chicken,exclude,exclude,False,exclude,animal,
21313847,chicken,exclude,exclude,False,exclude,animal,
21319889,chicken,exclude,exclude,False,exclude,animal,
21508290,chicken,exclude,exclude,False,exclude,animal,
21530689,chicken,exclude,exclude,False,exclude,animal,
21669806,chicken,exclude,exclude,False,exclude,animal,
21673158,chicken,exclude,exclude,False,exclude,livestock-heat,
21855390,chicken,exclude,exclude,False,exclude,name-only,
22032519,chicken,exclude,exclude,False,exclude,name-only,
22582307,chicken,exclude,exclude,False,exclude,livestock-heat,
22696485,chicken,exclude,exclude,False,exclude,animal,
22937744,chicken,exclude,exclude,False,exclude,animal,
23100593,chicken,exclude,exclude,False,exclude,animal,
23110398,chicken,exclude,exclude,False,exclude,animal,
23430386,chicken,exclude,exclude,False,exclude,animal,
23436537,chicken,exclude,exclude,False,exclude,name-only,
23629887,chicken,exclude,exclude,False,exclude,animal,
23736053,chicken,exclude,exclude,False,exclude,livestock-heat,
23755041,chicken,exclude,exclude,False,exclude,animal,
23787299,chicken,exclude,exclude,False,exclude,livestock-heat,
23816981,chicken,exclude,exclude,False,exclude,animal,
238270,chicken,exclude,exclude,False,exclude,animal,
23909913,chicken,exclude,exclude,False,exclude,animal,
24079476,chicken,exclude,exclude,False,exclude,animal,
24123731,chicken,exclude,exclude,False,exclude,animal,
24255715,chicken,exclude,exclude,False,exclude,animal,
2441835,chicken,exclude,exclude,False,exclude,animal,
24477248,chicken,exclude,exclude,False,exclude,animal,
24552175,chicken,exclude,exclude,False,exclude,animal,
24570465,chicken,exclude,exclude,False,exclude,animal,
24752668,chicken,exclude,exclude,False,exclude,animal,
24795321,chicken,exclude,exclude,False,exclude,animal,
24932999,chicken,exclude,exclude,False,exclude,livestock-heat,
24934588,chicken,exclude,exclude,False,exclude,animal,
24954308,chicken,exclude,exclude,False,exclude,animal,
24973664,chicken,exclude,exclude,False,exclude,animal,
25086968,chicken,exclude,exclude,False,exclude,animal,
25180913,chicken,exclude,exclude,False,exclude,livestock-heat,
25289178,chicken,exclude,exclude,False,exclude,animal,
25289994,chicken,exclude,exclude,False,exclude,livestock-heat,
2538747,chicken,exclude,exclude,False,exclude,animal,
25630674,chicken,exclude,exclude,False,exclude,livestock-heat,
25754534,chicken,exclude,exclude,False,exclude,animal,
25932638,chicken,exclude,exclude,False,exclude,livestock-heat,
2594146,chicken,exclude,exclude,False,exclude,animal,
26072164,chicken,exclude,exclude,False,exclude,animal,
26462659,chicken,exclude,exclude,False,exclude,livestock-heat,
26679820,chicken,exclude,exclude,False,exclude,livestock-heat,
26681307,chicken,exclude,exclude,False,exclude,livestock-heat,
26724192,chicken,exclude,exclude,False,exclude,animal,
26994203,chicken,exclude,exclude,False,exclude,livestock-heat,
27080348,chicken,exclude,exclude,False,exclude,animal,
27150835,chicken,exclude,exclude,False,exclude,animal,
27183111,chicken,exclude,exclude,False,exclude,livestock-heat,
27264093,chicken,exclude,exclude,False,exclude,animal,
27347679,chicken,exclude,exclude,False,exclude,animal,
27557989,chicken,exclude,exclude,False,exclude,animal,
27587725,chicken,exclude,exclude,False,exclude,livestock-heat,
27702923,chicken,exclude,exclude,False,exclude,livestock-heat,
27857180,chicken,exclude,exclude,False,exclude,livestock-heat,
27916641,chicken,exclude,exclude,False,exclude,name-only,
28285958,chicken,exclude,exclude,False,exclude,animal,
28355309,chicken,exclude,exclude,False,exclude,animal,
28528892,chicken,exclude,exclude,False,exclude,livestock-heat,
2861956,chicken,exclude,exclude,False,exclude,animal,
28774753,chicken,exclude,exclude,False,exclude,livestock-heat,
28813778,chicken,exclude,exclude,False,exclude,animal,
28911262,chicken,exclude,exclude,False,exclude,livestock-heat,
28943447,chicken,exclude,exclude,False,exclude,name-only,
29053847,chicken,exclude,exclude,False,exclude,livestock-heat,
29054807,chicken,exclude,exclude,False,exclude,animal,
30381746,chicken,exclude,exclude,False,exclude,agri,
30425309,chicken,exclude,exclude,False,exclude,animal,
3045253,chicken,exclude,exclude,False,exclude,animal,
30624709,chicken,exclude,exclude,False,exclude,name-only,
30660023,chicken,exclude,exclude,False,exclude,animal,
30950314,chicken,exclude,exclude,False,exclude,animal,
30965090,chicken,exclude,exclude,False,exclude,animal,
30975407,chicken,exclude,exclude,False,exclude,livestock-heat,
31128657,chicken,exclude,exclude,False,exclude,livestock-heat,
31217129,chicken,exclude,exclude,False,exclude,animal,
31635770,chicken,exclude,exclude,False,exclude,animal,
31654812,chicken,exclude,exclude,False,exclude,animal,
31902381,chicken,exclude,exclude,False,exclude,animal,
32005146,chicken,exclude,exclude,False,exclude,animal,
32038701,chicken,exclude,exclude,False,exclude,animal,
32039497,chicken,exclude,exclude,False,exclude,animal,
32125976,chicken,exclude,exclude,False,exclude,livestock-heat,
32148030,chicken,exclude,exclude,False,exclude,animal,
32293543,chicken,exclude,exclude,False,exclude,animal,
32320452,chicken,exclude,exclude,False,exclude,animal,
32331280,chicken,exclude,exclude,False,exclude,livestock-heat,
32383307,chicken,exclude,exclude,False,exclude,livestock-heat,
32457922,chicken,exclude,exclude,False,exclude,livestock-heat,
32554937,chicken,exclude,exclude,False,exclude,no-thermal,
3257053,chicken,exclude,exclude,False,exclude,animal,
32582777,chicken,exclude,exclude,False,exclude,animal,
32674326,chicken,exclude,exclude,False,exclude,animal,
32908432,chicken,exclude,exclude,False,exclude,animal,
33094855,chicken,exclude,exclude,False,exclude,animal,
3315016,chicken,exclude,exclude,False,exclude,animal,
33233449,chicken,exclude,exclude,False,exclude,animal,
3325608,chicken,exclude,exclude,False,exclude,animal,
33383690,chicken,exclude,exclude,False,exclude,livestock-heat,
3339247,chicken,exclude,exclude,False,exclude,animal,
33415443,chicken,exclude,exclude,False,exclude,livestock-heat,
33417275,chicken,exclude,exclude,False,exclude,livestock-heat,
33472054,chicken,exclude,exclude,False,exclude,animal,
33758021,chicken,exclude,exclude,False,exclude,animal,
33764898,chicken,exclude,exclude,False,exclude,livestock-heat,
33823064,chicken,exclude,exclude,False,exclude,animal,
34016336,chicken,exclude,exclude,False,exclude,animal,
34220555,chicken,exclude,exclude,False,exclude,livestock-heat,
34475725,chicken,exclude,exclude,False,exclude,livestock-heat,
34826744,chicken,exclude,exclude,False,exclude,livestock-heat,
35083911,chicken,exclude,exclude,False,exclude,name-only,
35137544,chicken,exclude,exclude,False,exclude,name-only,
35417082,chicken,exclude,exclude,False,exclude,livestock-heat,
35435914,chicken,exclude,exclude,False,exclude,animal,
35453529,chicken,exclude,exclude,False,exclude,animal,
35453746,chicken,exclude,exclude,False,exclude,animal,
35630174,chicken,exclude,exclude,False,exclude,name-only,
35634161,chicken,exclude,exclude,False,exclude,livestock-heat,
35841636,chicken,exclude,exclude,False,exclude,animal,
35910562,chicken,exclude,exclude,False,exclude,animal,
35913614,chicken,exclude,exclude,False,exclude,livestock-heat,
35979430,chicken,exclude,exclude,False,exclude,livestock-heat,
36055023,chicken,exclude,exclude,False,exclude,livestock-heat,
36059721,chicken,exclude,exclude,False,exclude,animal,
36136701,chicken,exclude,exclude,False,exclude,animal,
36688676,chicken,exclude,exclude,False,exclude,animal,
36744229,chicken,exclude,exclude,False,exclude,livestock-heat,
37214233,chicken,exclude,exclude,False,exclude,livestock-heat,
37235396,chicken,exclude,exclude,False,exclude,livestock-heat,
37276745,chicken,exclude,exclude,False,exclude,animal,
37576780,chicken,exclude,exclude,False,exclude,livestock-heat,
37733454,chicken,exclude,exclude,False,exclude,animal,
38033332,chicken,exclude,exclude,False,exclude,livestock-heat,
38440751,chicken,exclude,exclude,False,exclude,animal,
38673954,chicken,exclude,exclude,False,exclude,livestock-heat,
38822378,chicken,exclude,exclude,False,exclude,animal,
38875961,chicken,exclude,exclude,False,exclude,livestock-heat,
38887537,chicken,exclude,exclude,False,exclude,animal,
38997965,chicken,exclude,exclude,False,exclude,animal,
3934027,chicken,exclude,exclude,False,exclude,animal,
39417774,chicken,exclude,exclude,False,exclude,livestock-heat,
3952990,chicken,exclude,exclude,False,exclude,animal,
39553243,chicken,exclude,exclude,False,exclude,animal,
3956598,chicken,exclude,exclude,False,exclude,invitro,
39578253,chicken,exclude,exclude,False,exclude,livestock-heat,
39682400,chicken,exclude,exclude,False,exclude,livestock-heat,
39726215,chicken,exclude,exclude,False,exclude,livestock-heat,
39765456,chicken,exclude,exclude,False,exclude,livestock-heat,
39831037,chicken,exclude,exclude,False,exclude,name-only,
39856460,chicken,exclude,exclude,False,exclude,livestock-heat,
39877350,chicken,exclude,exclude,False,exclude,livestock-heat,
40179544,chicken,exclude,exclude,False,exclude,animal,
40257501,chicken,exclude,exclude,False,exclude,animal,
40281948,chicken,exclude,exclude,False,exclude,animal,
40331234,chicken,exclude,exclude,False,exclude,name-only,
40387054,chicken,exclude,exclude,False,exclude,name-only,
40453950,chicken,exclude,exclude,False,exclude,livestock-heat,
40564230,chicken,exclude,exclude,False,exclude,livestock-heat,
40731384,chicken,exclude,exclude,False,exclude,livestock-heat,
40825272,chicken,exclude,exclude,False,exclude,livestock-heat,
40992326,chicken,exclude,exclude,False,exclude,invitro,
40997594,chicken,exclude,exclude,False,exclude,animal,
41133095,chicken,exclude,exclude,False,exclude,animal,
41227539,chicken,exclude,exclude,False,exclude,animal,
41233998,chicken,exclude,exclude,False,exclude,animal,
41295700,chicken,exclude,exclude,False,exclude,animal,
41349480,chicken,exclude,exclude,False,exclude,livestock-heat,
41367205,chicken,exclude,exclude,False,exclude,animal,
41603980,chicken,exclude,exclude,False,exclude,livestock-heat,
41723955,chicken,exclude,exclude,False,exclude,animal,
41862638,chicken,exclude,exclude,False,exclude,livestock-heat,
41955749,chicken,exclude,exclude,False,exclude,invitro,
42061241,chicken,exclude,exclude,False,exclude,livestock-heat,
42485672,chicken,exclude,exclude,False,exclude,livestock-heat,
4730826,chicken,exclude,exclude,False,exclude,animal,
541663,chicken,exclude,exclude,False,exclude,animal,
5501005,chicken,exclude,exclude,False,exclude,animal,
5597864,chicken,exclude,exclude,False,exclude,animal,
6070396,chicken,exclude,exclude,False,exclude,animal,
6085056,chicken,exclude,exclude,False,exclude,name-only,
6130888,chicken,exclude,exclude,False,exclude,animal,
6177871,chicken,exclude,exclude,False,exclude,invitro,
6322454,chicken,exclude,exclude,False,exclude,animal,
6632475,chicken,exclude,exclude,False,exclude,animal,
674067,chicken,exclude,exclude,False,exclude,animal,
6791150,chicken,exclude,exclude,False,exclude,animal,
6803186,chicken,exclude,exclude,False,exclude,animal,
6952,chicken,exclude,exclude,False,exclude,animal,
7002753,chicken,exclude,exclude,False,exclude,animal,
7034309,chicken,exclude,exclude,False,exclude,animal,
7165828,chicken,exclude,exclude,False,exclude,invitro,
723104,chicken,exclude,exclude,False,exclude,animal,
7317941,chicken,exclude,exclude,False,exclude,animal,
7396038,chicken,exclude,exclude,False,exclude,animal,
7396039,chicken,exclude,exclude,False,exclude,animal,
7435601,chicken,exclude,exclude,False,exclude,animal,
7599196,chicken,exclude,exclude,False,exclude,name-only,
7674307,chicken,exclude,exclude,False,exclude,animal,
781654,chicken,exclude,exclude,False,exclude,animal,
823173,chicken,exclude,exclude,False,exclude,animal,
8434052,chicken,exclude,exclude,False,exclude,animal,
912508,chicken,exclude,exclude,False,exclude,animal,
9219357,chicken,exclude,exclude,False,exclude,animal,
9416837,chicken,exclude,exclude,False,exclude,invitro,
9458922,chicken,exclude,exclude,False,exclude,livestock-heat,
9657529,chicken,exclude,exclude,False,exclude,animal,
9801153,chicken,exclude,exclude,False,exclude,animal,
22285431,chickpea,exclude,exclude,False,exclude,name-only,name-only;animal
10211048,chili pepper,include,include,False,include,human RCT measuring diet-induced thermogenesis after red pepper ingestion with high-fat/high-carb meals,
11227803,chili pepper,include,include,False,include,human study measuring energy expenditure and SNS activity after capsaicin-containing meal,constituent
11676017,chili pepper,include,include,False,include,human study measuring core body temperature and oxygen consumption after oral CH-19 Sweet red pepper,
11767210,chili pepper,exclude,exclude,False,exclude,animal,
12959953,chili pepper,exclude,exclude,False,exclude,animal,
17341828,chili pepper,include,include,False,include,human study measuring body temperature and sympathetic activity after oral CH-19 Sweet red pepper,
20925950,chili pepper,include,include,False,include,human RCT measuring postprandial energy expenditure after oral dihydrocapsiate,constituent
20932337,chili pepper,exclude,exclude,False,exclude,animal,
21093467,chili pepper,include,include,False,include,human RCT measuring energy expenditure and body/skin temperature after red pepper ingestion,
23844093,chili pepper,include,include,False,include,human RCT measuring 24h energy expenditure and DIT after capsaicin ingestion,constituent
26421678,chili pepper,exclude,exclude,False,exclude,name-only,review
26552144,chili pepper,exclude,exclude,False,exclude,animal,
2747924,chili pepper,exclude,exclude,False,exclude,animal,
27899046,chili pepper,exclude,exclude,False,exclude,name-only,review
29568185,chili pepper,exclude,exclude,False,exclude,animal,
31009639,chili pepper,exclude,exclude,False,exclude,animal,
32199999,chili pepper,exclude,exclude,False,exclude,name-only,review
33063385,chili pepper,include,include,False,include,systematic review and meta-analysis of capsaicinoids/capsinoids on thermogenesis (RMR) in healthy adults,review;constituent
33789250,chili pepper,exclude,include,True,include,"review-subject: stated objective is the effect on energy metabolism (§3 review rule), human evidence",review
38379484,chili pepper,exclude,exclude,False,exclude,name-only,
38531438,chili pepper,exclude,exclude,False,exclude,invitro,
38571755,chili pepper,include,include,False,include,human RCT measuring energy expenditure and fat oxidation after oral capsaicinoid formulation,constituent
38895664,chili pepper,exclude,exclude,False,exclude,name-only,
39289273,chili pepper,exclude,exclude,False,exclude,name-only,
3957721,chili pepper,include,include,False,include,human study measuring metabolic rate after chili ingestion,
39958175,chili pepper,exclude,exclude,False,exclude,animal,
40092148,chili pepper,exclude,include,True,exclude,"name-only: broad cold-weather military nutrition review, red pepper not the subject",
42186269,chili pepper,include,include,False,include,meta-analysis of capsaicin/capsinoids on thermogenesis and energy expenditure in humans,review;constituent
5498502,chili pepper,exclude,exclude,False,exclude,animal,
9487017,chili pepper,exclude,exclude,False,exclude,name-only,
30445965,chinese cabbage,exclude,exclude,False,exclude,name-only,
40032097,chinese cabbage,exclude,exclude,False,exclude,agri,
28166943,cinnamon,exclude,exclude,False,exclude,animal,
29046261,cinnamon,exclude,exclude,False,exclude,mechanism-only,
30168574,cinnamon,exclude,exclude,False,exclude,name-only,review
30208750,cinnamon,exclude,exclude,False,exclude,animal,
30846536,cinnamon,exclude,exclude,False,exclude,name-only,
31331525,cinnamon,exclude,exclude,False,exclude,animal,
32641724,cinnamon,exclude,exclude,False,exclude,invitro,
32980484,cinnamon,exclude,exclude,True,exclude,animal: MeSH Animals/Mice; abstract states no species,
33388379,cinnamon,exclude,exclude,True,exclude,animal: MeSH Animals/Mice/Rats; abstract states no species,
34192599,cinnamon,exclude,exclude,False,exclude,animal,
35230374,cinnamon,exclude,exclude,False,exclude,animal,
35830848,cinnamon,include,include,False,include,"human RCT: cinnamon infusion vs water, diet-induced thermogenesis/energy expenditure measured",
40092148,cinnamon,exclude,exclude,False,exclude,name-only,review
41683369,cinnamon,exclude,exclude,False,exclude,name-only,review
41932676,cinnamon,exclude,exclude,False,exclude,animal,
15850966,cocoa,exclude,exclude,False,exclude,animal,
19087439,cocoa,exclude,exclude,False,exclude,no-thermal,
25132363,cocoa,exclude,exclude,False,exclude,animal,
25375880,cocoa,exclude,exclude,False,exclude,animal,
32442090,cocoa,exclude,exclude,False,exclude,name-only,review
32522940,cocoa,exclude,exclude,False,exclude,name-only,
32751867,cocoa,exclude,exclude,False,exclude,animal,
32829241,cocoa,exclude,exclude,False,exclude,name-only,
34405412,cocoa,exclude,exclude,False,exclude,name-only,
35431301,cocoa,exclude,exclude,False,exclude,name-only,
36193485,cocoa,exclude,exclude,False,exclude,name-only,
38694556,cocoa,exclude,exclude,False,exclude,name-only,review
39418138,cocoa,exclude,exclude,False,exclude,name-only,
39642026,cocoa,exclude,exclude,False,exclude,name-only,
41539514,cocoa,exclude,exclude,False,exclude,name-only,
6882506,cocoa,exclude,exclude,False,exclude,animal,
18767348,coffee,exclude,exclude,False,exclude,name-only,
24448391,coffee,exclude,exclude,False,exclude,invitro,
26856274,coffee,include,include,False,include,review of natural thermogenic agents including caffeine with stated objective of thermogenesis,review
2912011,coffee,exclude,exclude,False,exclude,name-only,
29723112,coffee,include,include,False,include,human pilot study measuring REE and body temperature after green coffee consumption,
31235722,coffee,include,include,False,include,human in-vivo study measuring BAT (supraclavicular) temperature after drinking coffee,constituent
31505825,coffee,exclude,exclude,False,exclude,name-only,review
36517893,coffee,exclude,exclude,False,exclude,animal,
36603448,coffee,exclude,exclude,False,exclude,name-only,
36990367,coffee,exclude,exclude,False,exclude,animal,
37596386,coffee,exclude,exclude,False,exclude,invitro,
37764380,coffee,exclude,exclude,False,exclude,name-only,review
38140290,coffee,exclude,exclude,False,exclude,name-only,review
38694556,coffee,exclude,exclude,False,exclude,name-only,review
39519525,coffee,exclude,include,True,exclude,"name-only: bibliometric mapping of the caffeine-in-heat literature, not thermal-ingestion evidence",review
3957721,coffee,exclude,exclude,False,exclude,name-only,
42514427,coffee,exclude,exclude,False,exclude,name-only,
427705,coffee,exclude,exclude,False,exclude,name-only,
7485480,coffee,include,include,False,include,human study measuring coffee-induced thermogenesis and substrate oxidation in respiratory chamber,
7486839,coffee,include,include,False,include,human RCT measuring metabolic rate and skin/internal temperature after caffeine consumption,constituent
7951473,coffee,include,include,False,include,human study measuring coffee-induced thermogenesis and skin temperature,
8873167,coffee,exclude,exclude,False,exclude,animal,
9035968,coffee,exclude,exclude,False,exclude,animal,
9202101,coffee,include,include,False,include,human RCT measuring body temperature after oral caffeine ingestion,constituent
10514030,corn,exclude,exclude,False,exclude,animal,
10647915,corn,exclude,exclude,False,exclude,animal,
10719387,corn,exclude,exclude,False,exclude,invitro,
11876466,corn,exclude,exclude,False,exclude,animal,
1213031,corn,exclude,exclude,False,exclude,animal,
12403052,corn,exclude,exclude,False,exclude,animal,
12521673,corn,exclude,exclude,False,exclude,animal,
12562678,corn,exclude,exclude,False,exclude,animal,
12656217,corn,exclude,exclude,False,exclude,animal,
12706752,corn,exclude,exclude,False,exclude,animal,
12743723,corn,exclude,exclude,False,exclude,animal,
1387461,corn,exclude,exclude,False,exclude,animal,
15348484,corn,exclude,exclude,False,exclude,invitro,
17321720,corn,exclude,exclude,False,exclude,animal,
17418557,corn,exclude,exclude,False,exclude,animal,
17454568,corn,exclude,exclude,False,exclude,animal,
17806538,corn,exclude,exclude,False,exclude,agri,
18928526,corn,exclude,exclude,False,exclude,name-only,
19233786,corn,exclude,exclude,False,exclude,livestock-heat,
19956074,corn,exclude,exclude,False,exclude,name-only,
20663467,corn,exclude,exclude,False,exclude,name-only,
21452473,corn,exclude,exclude,False,exclude,name-only,
21854934,corn,exclude,exclude,False,exclude,livestock-heat,
22443735,corn,exclude,exclude,False,exclude,animal,
22685367,corn,exclude,exclude,False,exclude,invitro,
23063154,corn,exclude,exclude,False,exclude,animal,
23082515,corn,exclude,exclude,False,exclude,animal,
23606193,corn,exclude,exclude,False,exclude,livestock-heat,
23742643,corn,exclude,exclude,False,exclude,livestock-heat,
23941499,corn,include,exclude,True,exclude,"name-only: high-fructose sweeteners are an industrial isomerisation product, not a food-form of corn (cf. corn oil/starch)",review;constituent
24078602,corn,exclude,exclude,False,exclude,agri,
24310401,corn,exclude,exclude,False,exclude,animal,
24361263,corn,exclude,exclude,False,exclude,animal,
2442851,corn,exclude,exclude,False,exclude,animal,
24696031,corn,exclude,exclude,False,exclude,livestock-heat,
25074387,corn,exclude,exclude,False,exclude,no-thermal,
25899738,corn,exclude,exclude,False,exclude,animal,
25930026,corn,exclude,exclude,False,exclude,animal,
27532039,corn,exclude,exclude,False,exclude,animal,
27837979,corn,exclude,exclude,False,exclude,animal,
28434746,corn,exclude,exclude,False,exclude,livestock-heat,
28758166,corn,include,include,False,include,human RCT: TEF/thermogenesis measured via indirect calorimetry after corn-oil test meal vs coconut oil in adolescents,
29128213,corn,exclude,exclude,False,exclude,animal,
29293714,corn,exclude,exclude,False,exclude,animal,
29796791,corn,exclude,exclude,False,exclude,livestock-heat,
30009846,corn,exclude,exclude,False,exclude,animal,
30633898,corn,exclude,exclude,False,exclude,animal,
30722806,corn,exclude,exclude,False,exclude,livestock-heat,
31427021,corn,exclude,exclude,False,exclude,invitro,
31573616,corn,exclude,exclude,False,exclude,animal,
31761207,corn,exclude,exclude,False,exclude,invitro,
32738734,corn,exclude,exclude,False,exclude,animal,
33005684,corn,exclude,exclude,False,exclude,animal,
3320290,corn,exclude,exclude,False,exclude,animal,
3379169,corn,exclude,exclude,False,exclude,animal,
34958946,corn,exclude,exclude,False,exclude,animal,
35636888,corn,exclude,exclude,False,exclude,livestock-heat,
36009623,corn,exclude,exclude,False,exclude,livestock-heat,
3613874,corn,exclude,exclude,False,exclude,animal,
3686553,corn,exclude,exclude,False,exclude,animal,
37041408,corn,exclude,exclude,False,exclude,name-only,
3714828,corn,exclude,exclude,False,exclude,animal,
37616563,corn,exclude,exclude,False,exclude,animal,
37685035,corn,exclude,exclude,False,exclude,livestock-heat,
37926009,corn,exclude,exclude,False,exclude,livestock-heat,
38039598,corn,exclude,exclude,False,exclude,animal,
3827590,corn,exclude,exclude,False,exclude,animal,
38825100,corn,exclude,exclude,False,exclude,livestock-heat,
38999749,corn,exclude,exclude,False,exclude,animal,
40218438,corn,exclude,exclude,False,exclude,livestock-heat,
41012727,corn,exclude,exclude,False,exclude,livestock-heat,
41723955,corn,exclude,exclude,False,exclude,animal,
41757424,corn,exclude,exclude,False,exclude,name-only,
42078523,corn,exclude,exclude,False,exclude,name-only,
6133445,corn,exclude,exclude,False,exclude,no-thermal,
6726479,corn,exclude,exclude,False,exclude,animal,
6882506,corn,exclude,exclude,False,exclude,animal,
7420486,corn,exclude,exclude,False,exclude,animal,
7608025,corn,exclude,exclude,False,exclude,animal,
7929966,corn,exclude,exclude,False,exclude,livestock-heat,
8052148,corn,exclude,exclude,False,exclude,animal,
8508195,corn,exclude,exclude,False,exclude,name-only,
8666131,corn,exclude,exclude,False,exclude,animal,
8747743,corn,exclude,exclude,False,exclude,animal,
8843178,corn,include,include,False,include,human postprandial thermogenesis/EE measured via indirect calorimetry after ingestion of corn starch (one of four test carbohydrates),constituent
9110227,corn,exclude,exclude,False,exclude,animal,
9693744,corn,exclude,exclude,False,exclude,name-only,
10841937,crab,exclude,exclude,False,exclude,animal,
11178419,crab,exclude,exclude,False,exclude,invitro,
11178422,crab,exclude,exclude,False,exclude,invitro,
11253795,crab,exclude,exclude,False,exclude,animal,
12588743,crab,exclude,exclude,False,exclude,animal,
21828997,crab,exclude,exclude,False,exclude,animal,
24068351,crab,exclude,exclude,False,exclude,name-only,
24671541,crab,exclude,exclude,False,exclude,animal,
24997775,crab,exclude,exclude,False,exclude,animal,
26267510,crab,exclude,exclude,False,exclude,animal,
27746024,crab,exclude,exclude,False,exclude,animal,
29801633,crab,exclude,exclude,False,exclude,animal,
30421005,crab,exclude,exclude,False,exclude,animal,
31812521,crab,exclude,exclude,False,exclude,animal,
32125988,crab,exclude,exclude,False,exclude,animal,
32716867,crab,exclude,exclude,False,exclude,animal,
33406524,crab,exclude,exclude,False,exclude,animal,
35350692,crab,exclude,exclude,False,exclude,animal,
36969927,crab,exclude,exclude,False,exclude,animal,
37055101,crab,exclude,exclude,False,exclude,animal,
37437372,crab,exclude,exclude,False,exclude,animal,
37454479,crab,exclude,exclude,False,exclude,animal,
37897842,crab,exclude,exclude,False,exclude,animal,
9634174,crab,exclude,exclude,False,exclude,animal,
11060222,cucumber,exclude,exclude,False,exclude,name-only,
25193009,cucumber,exclude,exclude,False,exclude,animal,
36620208,cucumber,exclude,exclude,False,exclude,name-only,
40853416,cucumber,exclude,exclude,False,exclude,name-only,
11104709,eel,exclude,exclude,False,exclude,animal,animal
13303421,eel,exclude,exclude,False,exclude,animal,animal
17082966,eel,exclude,exclude,False,exclude,animal,animal
29487152,eel,exclude,exclude,False,exclude,animal,animal
35445598,eel,exclude,exclude,False,exclude,name-only,name-only
40408822,eel,exclude,exclude,False,exclude,animal,animal
41418498,eel,exclude,exclude,False,exclude,animal,animal
486014,eel,exclude,exclude,False,exclude,animal,animal
10202104,egg,exclude,exclude,False,exclude,animal,
10326110,egg,exclude,exclude,False,exclude,name-only,
10396183,egg,exclude,exclude,False,exclude,animal,
10447190,egg,exclude,exclude,False,exclude,animal,
10469995,egg,exclude,exclude,False,exclude,animal,
1135123,egg,exclude,exclude,False,exclude,livestock-heat,
11469662,egg,exclude,exclude,False,exclude,livestock-heat,
11522481,egg,exclude,exclude,False,exclude,name-only,
12046651,egg,exclude,exclude,False,exclude,animal,
12306723,egg,exclude,exclude,False,exclude,name-only,
12339767,egg,exclude,exclude,False,exclude,name-only,
12443907,egg,exclude,exclude,False,exclude,animal,
12545241,egg,exclude,exclude,False,exclude,animal,
13774602,egg,exclude,exclude,False,exclude,not-ingestion,
14717540,egg,exclude,exclude,False,exclude,animal,
14984694,egg,exclude,exclude,False,exclude,not-ingestion,
14990542,egg,exclude,exclude,False,exclude,name-only,
15552103,egg,exclude,exclude,False,exclude,invitro,
15941487,egg,exclude,exclude,False,exclude,animal,
16553262,egg,exclude,exclude,False,exclude,animal,
16728059,egg,exclude,exclude,False,exclude,animal,
16892153,egg,exclude,exclude,False,exclude,invitro,
16959865,egg,exclude,exclude,False,exclude,animal,
16977857,egg,exclude,exclude,False,exclude,invitro,
17492962,egg,exclude,exclude,False,exclude,animal,
17626822,egg,exclude,exclude,False,exclude,livestock-heat,
17688171,egg,exclude,exclude,False,exclude,animal,
17704385,egg,exclude,exclude,False,exclude,livestock-heat,
17838883,egg,exclude,exclude,False,exclude,animal,
18402759,egg,exclude,exclude,False,exclude,animal,
18512704,egg,exclude,exclude,False,exclude,animal,
19096078,egg,exclude,exclude,False,exclude,livestock-heat,
19145449,egg,exclude,exclude,False,exclude,animal,
19211536,egg,exclude,exclude,False,exclude,livestock-heat,
19413728,egg,exclude,exclude,False,exclude,animal,
19836936,egg,exclude,exclude,False,exclude,animal,
19837886,egg,exclude,exclude,False,exclude,animal,
20122897,egg,exclude,exclude,False,exclude,invitro,
20511521,egg,exclude,exclude,False,exclude,animal,
20629215,egg,exclude,exclude,False,exclude,livestock-heat,
2087447,egg,exclude,exclude,False,exclude,livestock-heat,
20880882,egg,exclude,exclude,False,exclude,animal,
20958932,egg,exclude,exclude,False,exclude,name-only,
21325235,egg,exclude,exclude,False,exclude,livestock-heat,
21406372,egg,exclude,exclude,False,exclude,livestock-heat,
21606350,egg,exclude,exclude,False,exclude,animal,
22442373,egg,exclude,exclude,False,exclude,animal,
22494978,egg,exclude,exclude,False,exclude,animal,
22512474,egg,exclude,exclude,False,exclude,animal,
22541407,egg,exclude,exclude,False,exclude,animal,
22700497,egg,exclude,exclude,False,exclude,livestock-heat,
22729535,egg,exclude,exclude,False,exclude,animal,
22862292,egg,exclude,exclude,False,exclude,animal,
22959638,egg,exclude,exclude,False,exclude,animal,
23167434,egg,exclude,exclude,False,exclude,name-only,
23170213,egg,exclude,exclude,False,exclude,animal,
23180289,egg,exclude,exclude,False,exclude,animal,
23300292,egg,exclude,exclude,False,exclude,animal,
23436537,egg,exclude,exclude,False,exclude,invitro,
23454629,egg,exclude,exclude,False,exclude,animal,
23472017,egg,exclude,exclude,False,exclude,animal,
23755041,egg,exclude,exclude,False,exclude,animal,
23760168,egg,exclude,exclude,False,exclude,animal,
23826200,egg,exclude,exclude,False,exclude,animal,
23873505,egg,exclude,exclude,False,exclude,name-only,
23909913,egg,exclude,exclude,False,exclude,animal,
24561606,egg,exclude,exclude,False,exclude,animal,
24593133,egg,exclude,exclude,False,exclude,animal,
24696031,egg,exclude,exclude,False,exclude,livestock-heat,
24795321,egg,exclude,exclude,False,exclude,invitro,
25086968,egg,exclude,exclude,False,exclude,animal,
25247267,egg,exclude,exclude,False,exclude,animal,
25289994,egg,exclude,exclude,False,exclude,livestock-heat,
25631995,egg,exclude,exclude,False,exclude,animal,
25650969,egg,exclude,exclude,False,exclude,animal,
25658846,egg,exclude,exclude,False,exclude,animal,
25833889,egg,exclude,exclude,False,exclude,animal,
25955653,egg,exclude,exclude,False,exclude,animal,
26432161,egg,exclude,exclude,False,exclude,animal,
26452639,egg,exclude,exclude,False,exclude,name-only,
26523566,egg,exclude,exclude,False,exclude,livestock-heat,
26609767,egg,exclude,exclude,False,exclude,livestock-heat,
26619826,egg,exclude,exclude,False,exclude,animal,
26724192,egg,exclude,exclude,False,exclude,animal,
26849879,egg,exclude,exclude,False,exclude,animal,
26958034,egg,exclude,exclude,False,exclude,name-only,
26963393,egg,exclude,exclude,False,exclude,animal,
27033041,egg,exclude,exclude,False,exclude,animal,
27040953,egg,exclude,exclude,False,exclude,invitro,
27044873,egg,exclude,exclude,False,exclude,livestock-heat,
27075255,egg,exclude,exclude,False,exclude,animal,
27104989,egg,exclude,exclude,False,exclude,animal,
27152215,egg,exclude,exclude,False,exclude,animal,
27229475,egg,exclude,exclude,False,exclude,animal,
27322129,egg,exclude,exclude,False,exclude,animal,
27347679,egg,exclude,exclude,False,exclude,livestock-heat,
28166941,egg,exclude,exclude,False,exclude,animal,
28306919,egg,exclude,exclude,False,exclude,animal,
28308103,egg,exclude,exclude,False,exclude,animal,
28309742,egg,exclude,exclude,False,exclude,animal,
28309949,egg,exclude,exclude,False,exclude,animal,
28310082,egg,exclude,exclude,False,exclude,animal,
28311829,egg,exclude,exclude,False,exclude,animal,
28312590,egg,exclude,exclude,False,exclude,animal,
28343577,egg,exclude,exclude,False,exclude,animal,
28472451,egg,exclude,exclude,False,exclude,livestock-heat,
28484364,egg,exclude,exclude,False,exclude,animal,
28980236,egg,exclude,exclude,False,exclude,animal,
29018950,egg,exclude,exclude,False,exclude,animal,
29194953,egg,exclude,exclude,False,exclude,animal,
29436759,egg,exclude,exclude,False,exclude,animal,
29566457,egg,exclude,exclude,False,exclude,animal,
29860092,egg,exclude,exclude,False,exclude,name-only,
30092383,egg,exclude,exclude,False,exclude,animal,
30203947,egg,exclude,exclude,False,exclude,animal,
30238515,egg,exclude,exclude,False,exclude,animal,
30250681,egg,exclude,exclude,False,exclude,animal,
30381734,egg,exclude,exclude,False,exclude,livestock-heat,
30489585,egg,exclude,exclude,False,exclude,animal,
30594516,egg,exclude,exclude,False,exclude,animal,
30624709,egg,exclude,exclude,False,exclude,invitro,
30740351,egg,exclude,exclude,False,exclude,name-only,
31247421,egg,exclude,exclude,False,exclude,animal,
31250013,egg,exclude,exclude,False,exclude,animal,
31250116,egg,exclude,exclude,False,exclude,animal,
31323121,egg,exclude,exclude,False,exclude,animal,
31378606,egg,exclude,exclude,False,exclude,animal,
31573614,egg,exclude,exclude,False,exclude,livestock-heat,
31635770,egg,exclude,exclude,False,exclude,livestock-heat,
31659308,egg,exclude,exclude,False,exclude,animal,
31789224,egg,exclude,exclude,False,exclude,animal,
3220987,egg,exclude,exclude,False,exclude,animal,
32725906,egg,exclude,exclude,False,exclude,animal,
33117899,egg,exclude,exclude,False,exclude,animal,
33282929,egg,exclude,exclude,False,exclude,name-only,
3328640,egg,exclude,exclude,False,exclude,livestock-heat,
33396952,egg,exclude,exclude,False,exclude,livestock-heat,
33424413,egg,exclude,exclude,False,exclude,animal,
33515988,egg,exclude,exclude,False,exclude,animal,
33588480,egg,exclude,exclude,False,exclude,livestock-heat,
33663511,egg,exclude,exclude,False,exclude,animal,
33863431,egg,exclude,exclude,False,exclude,livestock-heat,
33939188,egg,exclude,exclude,False,exclude,animal,
34015251,egg,exclude,exclude,False,exclude,animal,
34016345,egg,exclude,exclude,False,exclude,animal,
34193035,egg,exclude,exclude,False,exclude,livestock-heat,
34237550,egg,exclude,exclude,False,exclude,livestock-heat,
34274570,egg,exclude,exclude,False,exclude,livestock-heat,
34412463,egg,exclude,exclude,False,exclude,livestock-heat,
34653427,egg,exclude,exclude,False,exclude,animal,
34759442,egg,exclude,exclude,False,exclude,animal,
34882486,egg,exclude,exclude,False,exclude,animal,
35102175,egg,exclude,exclude,False,exclude,animal,
35156684,egg,exclude,exclude,False,exclude,animal,
35291055,egg,exclude,exclude,False,exclude,animal,
35350692,egg,exclude,exclude,False,exclude,animal,
35393056,egg,exclude,exclude,False,exclude,animal,
35443911,egg,exclude,exclude,False,exclude,animal,
35620597,egg,exclude,exclude,False,exclude,animal,
35634161,egg,exclude,exclude,False,exclude,livestock-heat,
35725898,egg,exclude,exclude,False,exclude,invitro,
3575223,egg,exclude,exclude,False,exclude,animal,
3577796,egg,exclude,exclude,False,exclude,name-only,
35920097,egg,exclude,exclude,False,exclude,animal,
36229624,egg,exclude,exclude,False,exclude,animal,
3628168,egg,exclude,exclude,False,exclude,animal,
37139968,egg,exclude,exclude,False,exclude,animal,
37214233,egg,exclude,exclude,False,exclude,livestock-heat,
37434502,egg,exclude,exclude,False,exclude,animal,
37582884,egg,exclude,exclude,False,exclude,animal,
37616563,egg,exclude,exclude,False,exclude,animal,
3768454,egg,exclude,exclude,False,exclude,animal,
37767738,egg,exclude,exclude,False,exclude,animal,
37829499,egg,exclude,exclude,False,exclude,animal,
38034335,egg,exclude,exclude,False,exclude,animal,
38136861,egg,exclude,exclude,False,exclude,livestock-heat,
38396520,egg,exclude,exclude,False,exclude,animal,
38462029,egg,exclude,exclude,False,exclude,animal,
38525029,egg,exclude,exclude,False,exclude,animal,
38608548,egg,exclude,exclude,False,exclude,animal,
38609007,egg,exclude,exclude,False,exclude,animal,
38702853,egg,exclude,exclude,False,exclude,animal,
38823160,egg,exclude,exclude,False,exclude,livestock-heat,
39067117,egg,exclude,exclude,False,exclude,livestock-heat,
39077462,egg,exclude,exclude,False,exclude,livestock-heat,
39106703,egg,exclude,exclude,False,exclude,livestock-heat,
3913763,egg,include,include,False,include,postprandial thermogenesis after egg-white protein meal,confounded
39511401,egg,exclude,exclude,False,exclude,animal,
39605857,egg,exclude,exclude,False,exclude,animal,
39682400,egg,exclude,exclude,False,exclude,livestock-heat,
3975200,egg,exclude,exclude,False,exclude,animal,
39765456,egg,exclude,exclude,False,exclude,livestock-heat,
39846129,egg,exclude,exclude,False,exclude,animal,
39856460,egg,exclude,exclude,False,exclude,livestock-heat,
3991418,egg,exclude,exclude,False,exclude,animal,
40062432,egg,exclude,exclude,False,exclude,invitro,
40068575,egg,exclude,exclude,False,exclude,livestock-heat,
40281949,egg,exclude,exclude,False,exclude,animal,
40352141,egg,exclude,exclude,False,exclude,livestock-heat,
40432060,egg,exclude,exclude,False,exclude,animal,
40451079,egg,exclude,exclude,False,exclude,livestock-heat,
40482533,egg,exclude,exclude,False,exclude,animal,
40506043,egg,exclude,exclude,False,exclude,livestock-heat,
40607127,egg,exclude,exclude,False,exclude,animal,
40724832,egg,exclude,exclude,False,exclude,invitro,
40860759,egg,exclude,exclude,False,exclude,animal,
40887028,egg,exclude,exclude,False,exclude,name-only,
40985056,egg,exclude,exclude,False,exclude,animal,
41061417,egg,exclude,exclude,False,exclude,animal,
41117406,egg,exclude,exclude,False,exclude,livestock-heat,
41227498,egg,exclude,exclude,False,exclude,animal,
41255352,egg,exclude,exclude,False,exclude,invitro,
41657551,egg,exclude,exclude,False,exclude,livestock-heat,
41678068,egg,exclude,exclude,False,exclude,animal,
42097390,egg,exclude,exclude,False,exclude,animal,
42119804,egg,exclude,exclude,False,exclude,invitro,
42127855,egg,exclude,exclude,False,exclude,livestock-heat,
42202371,egg,exclude,exclude,False,exclude,livestock-heat,
42315144,egg,exclude,exclude,False,exclude,animal,
42494330,egg,exclude,exclude,False,exclude,animal,
42505817,egg,exclude,exclude,False,exclude,animal,
466522,egg,exclude,exclude,False,exclude,livestock-heat,
514954,egg,exclude,exclude,False,exclude,animal,
5326120,egg,exclude,exclude,False,exclude,invitro,
5553470,egg,exclude,exclude,False,exclude,name-only,
6336103,egg,exclude,exclude,False,exclude,name-only,
6402543,egg,exclude,exclude,False,exclude,name-only,
6476790,egg,include,include,False,include,diet-induced thermogenesis of single egg-protein test meal,
6546588,egg,exclude,exclude,False,exclude,name-only,
6552612,egg,exclude,exclude,True,exclude,"name-only: midwifery forum piece, no thermal MeSH indexed",
667985,egg,exclude,exclude,False,exclude,name-only,
6730066,egg,exclude,exclude,False,exclude,name-only,
6733551,egg,exclude,exclude,False,exclude,livestock-heat,
6892177,egg,exclude,exclude,False,exclude,animal,
7115870,egg,exclude,exclude,False,exclude,name-only,
7644414,egg,exclude,exclude,False,exclude,livestock-heat,
7741294,egg,exclude,exclude,False,exclude,name-only,
7777710,egg,exclude,exclude,False,exclude,animal,
8165660,egg,exclude,exclude,False,exclude,animal,
8711221,egg,exclude,exclude,False,exclude,name-only,
8732074,egg,exclude,exclude,False,exclude,animal,
9150492,egg,exclude,exclude,False,exclude,animal,
9395972,egg,exclude,exclude,False,exclude,name-only,
9406775,egg,exclude,exclude,False,exclude,name-only,
9639744,egg,exclude,exclude,False,exclude,name-only,
970475,egg,exclude,exclude,False,exclude,animal,
34444773,flaxseed oil,include,include,False,include,"Human RCT (crossover, n=23): flaxseed oil test meal vs other fat sources; diet-induced thermogenesis measured via postprandial metabolic rate",
38039598,flaxseed oil,exclude,exclude,False,exclude,animal,animal
10024610,garlic,exclude,exclude,False,exclude,animal,
21918057,garlic,exclude,exclude,False,exclude,animal,
24679773,garlic,exclude,exclude,False,exclude,name-only,
29380376,garlic,exclude,exclude,False,exclude,animal,
30168574,garlic,exclude,exclude,False,exclude,name-only,review
30504007,garlic,exclude,exclude,False,exclude,animal,
31891502,garlic,exclude,exclude,False,exclude,name-only,
36936145,garlic,exclude,exclude,False,exclude,mechanism-only,
36998289,garlic,include,include,False,include,"human RCT: fortified garlic extract (Gallecina) as COVID-19 adjuvant therapy, body temperature significantly lower vs placebo at discharge (borderline: clinical/antipyretic context)",constituent
37511809,garlic,exclude,exclude,False,exclude,invitro,
37764380,garlic,exclude,exclude,False,exclude,name-only,review
37835191,garlic,exclude,exclude,False,exclude,animal,
39067117,garlic,exclude,exclude,False,exclude,livestock-heat,
41912621,garlic,exclude,exclude,False,exclude,animal,
8877475,garlic,exclude,exclude,False,exclude,animal,
1330955,ginger,exclude,exclude,False,exclude,animal,
16580033,ginger,include,include,False,include,review of thermogenic effects of spices including ginger,review
17176640,ginger,exclude,exclude,False,exclude,animal,
18295202,ginger,exclude,exclude,False,exclude,animal,
2070449,ginger,exclude,exclude,False,exclude,animal,
21185236,ginger,exclude,exclude,False,exclude,species-mismatch,species-mismatch;sensu-lato
22538118,ginger,include,include,False,include,human RCT measuring thermic effect of food after ginger beverage (Z. officinale),
23021155,ginger,include,include,False,include,human RCT measuring postprandial DIT after oral ginger ingestion (Z. officinale),
23308394,ginger,exclude,exclude,False,exclude,species-mismatch,species-mismatch;sensu-lato
25875447,ginger,include,include,False,include,human controlled study measuring thermoregulatory function after oral dried ginger (Z. officinale),
27831646,ginger,exclude,exclude,False,exclude,animal,
28154330,ginger,exclude,exclude,False,exclude,name-only,review
29193411,ginger,exclude,exclude,False,exclude,name-only,review
29259648,ginger,include,exclude,True,exclude,animal: 33 rabbits per PMC full text (IACUC BUCM-3-2015032502-1002); abstract states no species,
30168574,ginger,exclude,exclude,False,exclude,name-only,review
30402121,ginger,include,include,False,include,human crossover measuring peripheral skin temperature after oral Z. officinale beverage,
30477855,ginger,exclude,exclude,False,exclude,name-only,
31369153,ginger,exclude,exclude,False,exclude,animal,
31505825,ginger,exclude,exclude,False,exclude,name-only,review
31586693,ginger,exclude,exclude,False,exclude,animal,
33789250,ginger,exclude,include,True,include,"review-subject: stated objective is the effect on energy metabolism (§3 review rule), human evidence",review
33952741,ginger,exclude,exclude,False,exclude,species-mismatch,species-mismatch;sensu-lato
34192599,ginger,exclude,exclude,False,exclude,animal,
34814768,ginger,exclude,exclude,False,exclude,name-only,
36058007,ginger,include,include,False,include,human RCT measuring REE after Z. officinale extract (3-month),
36424723,ginger,exclude,exclude,False,exclude,animal,
39023772,ginger,exclude,exclude,False,exclude,species-mismatch,species-mismatch;sensu-lato
39259072,ginger,exclude,include,True,exclude,"no-thermal: ginger RCT in COVID-19 outpatients, outcomes are viral clearance and symptoms",
39366495,ginger,exclude,exclude,False,exclude,animal,
40092148,ginger,exclude,include,True,exclude,"name-only: broad cold-weather military nutrition review, ginger not the subject",
40313435,ginger,exclude,exclude,False,exclude,species-mismatch,species-mismatch;sensu-lato
40577283,ginger,exclude,exclude,False,exclude,invitro,
41007640,ginger,exclude,exclude,False,exclude,animal,
42271377,ginger,exclude,exclude,False,exclude,species-mismatch,species-mismatch;sensu-lato
42308737,ginger,exclude,exclude,False,exclude,animal,
35050566,glutinous rice,exclude,exclude,False,exclude,name-only,name-only
17314686,grape,exclude,exclude,False,exclude,animal,
20439553,grape,exclude,exclude,False,exclude,no-thermal,
21439945,grape,exclude,exclude,False,exclude,animal,
28307862,grape,exclude,exclude,False,exclude,animal,
32235716,grape,exclude,exclude,False,exclude,name-only,
32248640,grape,exclude,exclude,False,exclude,animal,
34296715,grape,exclude,exclude,False,exclude,animal,
34399516,grape,exclude,exclude,False,exclude,name-only,review
34523169,grape,exclude,exclude,False,exclude,invitro,
37685184,grape,exclude,exclude,False,exclude,animal,
39202797,grape,exclude,exclude,False,exclude,invitro,
39771590,grape,exclude,exclude,False,exclude,invitro,
40706860,grape,exclude,exclude,False,exclude,livestock-heat,
42341055,grape,exclude,exclude,False,exclude,animal,
16168968,grapefruit,exclude,exclude,False,exclude,animal,animal
17175102,grapefruit,exclude,exclude,False,exclude,animal,animal
17376592,grapefruit,exclude,exclude,False,exclude,animal,animal
18514405,grapefruit,exclude,exclude,False,exclude,animal,animal
25002406,grapefruit,exclude,exclude,False,exclude,animal,animal
10584049,green tea,include,include,False,include,RCT: efficacy of green tea extract rich in catechin polyphenols and caffeine in increasing 24-h energy expenditure and fat oxidation in humans,constituent
10702779,green tea,include,exclude,True,exclude,"animal: MeSH Animals/Rats (Dulloo 2000); the abstract states no species, so coder 2's uncertain-species hold was right",review
11516225,green tea,exclude,exclude,False,exclude,name-only,
11924761,green tea,include,exclude,True,exclude,"name-only: review whose stated objective is obesity/weight-loss, thermogenesis only a listed mechanism (§3)",constituent
14629899,green tea,exclude,exclude,False,exclude,animal,
15134155,green tea,exclude,exclude,False,exclude,no-thermal,
15738931,green tea,exclude,exclude,False,exclude,animal,
15895207,green tea,exclude,exclude,False,exclude,animal,
16076989,green tea,include,include,False,include,"RCT: body weight loss and maintenance with green tea-caffeine mixture in relation to habitual caffeine intake, thermogenesis measured",constituent;confounded
16366740,green tea,exclude,exclude,False,exclude,species-mismatch,
16436103,green tea,exclude,exclude,False,exclude,name-only,
16470636,green tea,exclude,exclude,False,exclude,name-only,
16580033,green tea,include,include,False,include,"review: metabolic effects of spices, teas (incl. green tea), and caffeine",review
16840650,green tea,include,include,False,include,"review: obesity and thermogenesis related to consumption of caffeine, ephedrine, capsaicin, and green tea",review
17201629,green tea,include,include,False,include,review: green tea extract thermogenesis-induced weight loss via EGCG inhibition of catechol-O-methyltransferase,review;constituent
17211965,green tea,exclude,exclude,False,exclude,no-thermal,
17882140,green tea,include,include,False,include,"RCT: effect of caffeine, green tea extract and tyrosine on thermogenesis and energy intake",constituent
17906192,green tea,include,include,False,include,RCT pilot: EGCG effects on thermogenesis and fat oxidation in obese men,constituent
18377102,green tea,exclude,exclude,False,exclude,animal,
18386253,green tea,exclude,exclude,False,exclude,animal,
19176733,green tea,include,include,False,include,"RCT: green tea catechin plus caffeine supplementation to a high-protein diet, body weight maintenance",constituent;confounded
19202275,green tea,exclude,exclude,False,exclude,invitro,
19390166,green tea,exclude,exclude,False,exclude,animal,
19932867,green tea,exclude,exclude,False,exclude,animal,
20156466,green tea,include,exclude,True,exclude,"name-only: review whose stated objective is obesity/weight-loss, thermogenesis only a listed mechanism (§3)",review
21383482,green tea,exclude,exclude,False,exclude,name-only,
21810286,green tea,exclude,exclude,False,exclude,name-only,
22254119,green tea,include,include,False,include,RCT: milk-protein combined with green tea modulates diet-induced thermogenesis,constituent;confounded
22465867,green tea,exclude,exclude,False,exclude,name-only,
23179202,green tea,exclude,exclude,False,exclude,name-only,
23237788,green tea,include,include,False,include,RCT: green tea extract (EGCG+caffeine) effects on non-shivering thermogenesis during mild cold exposure in young men,constituent;confounded;supradose
25074392,green tea,exclude,exclude,False,exclude,name-only,
26091183,green tea,include,include,False,include,minireview: effects of green tea (caffeine and catechin) on energy expenditure,review
26280202,green tea,exclude,exclude,False,exclude,name-only,
26421678,green tea,exclude,include,True,exclude,"name-only: review whose stated objective is obesity/weight-loss, thermogenesis only a listed mechanism (§3)",review;constituent
26602570,green tea,include,include,False,include,review: capsaicin and related food ingredients (incl. green tea catechins) reducing body fat through TRP and brown fat thermogenesis,review;constituent
26856274,green tea,include,include,False,include,review: natural stimulant and non-stimulant thermogenic agents incl. green tea,review
27044838,green tea,exclude,exclude,False,exclude,animal,
27288729,green tea,exclude,exclude,False,exclude,name-only,
28166943,green tea,exclude,exclude,False,exclude,animal,
28275131,green tea,include,include,False,include,RCT: tea catechin and caffeine activate brown adipose tissue and increase cold-induced thermogenic capacity in humans,constituent;confounded
28507012,green tea,include,include,False,include,review: dietary factors (incl. green tea) promoting brown/beige fat development and thermogenesis,review;constituent
28659734,green tea,exclude,exclude,False,exclude,animal,
29238244,green tea,include,include,False,include,"RCT: multi-ingredient thermogenic supplement incl. green tea extract, resting energy expenditure/body composition",constituent;confounded
30400620,green tea,exclude,exclude,False,exclude,animal,
30414469,green tea,include,include,False,include,review: dietary polyphenols (incl. green tea catechins) and their roles in adipose tissue browning/thermogenesis,review;constituent
30504007,green tea,exclude,exclude,False,exclude,animal,
31336539,green tea,exclude,exclude,False,exclude,name-only,
31505825,green tea,exclude,exclude,False,exclude,name-only,
32120266,green tea,exclude,exclude,False,exclude,animal,
32199999,green tea,exclude,exclude,False,exclude,name-only,
33768486,green tea,exclude,exclude,False,exclude,not-ingestion,
34485365,green tea,exclude,exclude,False,exclude,invitro,
35179170,green tea,exclude,exclude,False,exclude,animal,
35241108,green tea,exclude,exclude,False,exclude,animal,
37450930,green tea,exclude,include,True,exclude,"name-only: review whose stated objective is obesity/weight-loss, thermogenesis only a listed mechanism (§3)",review;constituent
37647585,green tea,exclude,exclude,False,exclude,animal,
37764380,green tea,exclude,exclude,False,exclude,name-only,
39511670,green tea,exclude,exclude,False,exclude,species-mismatch,
39772427,green tea,exclude,exclude,False,exclude,name-only,
40086964,green tea,exclude,exclude,False,exclude,animal,
41019326,green tea,exclude,exclude,False,exclude,name-only,
22561181,hijiki,exclude,exclude,False,exclude,animal,
35907465,hijiki,exclude,exclude,False,exclude,animal,
10501692,honey,exclude,exclude,False,exclude,animal,
10772844,honey,exclude,exclude,False,exclude,animal,
10818246,honey,exclude,exclude,False,exclude,animal,
11166303,honey,exclude,exclude,False,exclude,animal,
14373622,honey,exclude,exclude,False,exclude,not-ingestion,
14758704,honey,exclude,exclude,False,exclude,name-only,
15218093,honey,exclude,exclude,False,exclude,animal,
16691511,honey,exclude,exclude,False,exclude,animal,
17013621,honey,exclude,exclude,False,exclude,animal,
18364310,honey,exclude,exclude,False,exclude,animal,
18696260,honey,exclude,exclude,False,exclude,animal,
19365634,honey,exclude,exclude,False,exclude,animal,
19425349,honey,exclude,exclude,False,exclude,animal,
20968089,honey,exclude,exclude,False,exclude,animal,
21504975,honey,include,include,False,include,"RCT: honey vs sucrose breakfast meal, postmeal thermogenesis measured by indirect calorimetry in healthy women",
22126904,honey,exclude,exclude,False,exclude,animal,
23799099,honey,exclude,exclude,False,exclude,animal,
26004722,honey,exclude,exclude,False,exclude,animal,
26028022,honey,exclude,exclude,False,exclude,animal,
26466631,honey,exclude,exclude,False,exclude,animal,
27320240,honey,exclude,exclude,False,exclude,animal,
27445400,honey,exclude,exclude,False,exclude,animal,
27568395,honey,exclude,exclude,False,exclude,animal,
28089395,honey,exclude,exclude,False,exclude,animal,
28314750,honey,exclude,exclude,False,exclude,animal,
28398581,honey,exclude,exclude,False,exclude,animal,
28404729,honey,exclude,exclude,False,exclude,animal,
28650988,honey,exclude,exclude,False,exclude,animal,
29133226,honey,exclude,exclude,False,exclude,animal,
29844964,honey,exclude,exclude,False,exclude,animal,
30083885,honey,exclude,exclude,False,exclude,animal,
30550746,honey,exclude,exclude,False,exclude,animal,
30921332,honey,exclude,exclude,False,exclude,animal,
30927358,honey,exclude,exclude,False,exclude,animal,
31118302,honey,exclude,exclude,False,exclude,name-only,
31356997,honey,exclude,exclude,False,exclude,animal,
32619422,honey,exclude,exclude,False,exclude,animal,
33424413,honey,exclude,exclude,False,exclude,animal,
33463488,honey,exclude,exclude,False,exclude,name-only,
33730051,honey,exclude,exclude,False,exclude,animal,
34125216,honey,exclude,exclude,False,exclude,animal,
34931657,honey,exclude,exclude,False,exclude,animal,
35051760,honey,exclude,exclude,False,exclude,animal,
36091597,honey,exclude,exclude,False,exclude,name-only,
36135546,honey,exclude,exclude,False,exclude,animal,
36235834,honey,exclude,exclude,False,exclude,name-only,
36570736,honey,exclude,exclude,False,exclude,animal,
36715155,honey,exclude,exclude,False,exclude,animal,
36973325,honey,exclude,exclude,False,exclude,animal,
37130064,honey,exclude,exclude,False,exclude,animal,
37481663,honey,exclude,exclude,False,exclude,animal,
37791764,honey,exclude,exclude,False,exclude,animal,
37832840,honey,exclude,exclude,False,exclude,animal,
38227669,honey,exclude,exclude,False,exclude,animal,
38487901,honey,exclude,exclude,False,exclude,animal,
38609007,honey,exclude,exclude,False,exclude,animal,
38805651,honey,exclude,exclude,False,exclude,animal,
39108870,honey,exclude,exclude,False,exclude,animal,
39150220,honey,exclude,exclude,False,exclude,animal,
39508248,honey,exclude,exclude,False,exclude,animal,
40788334,honey,exclude,exclude,False,exclude,invitro,
40887287,honey,exclude,exclude,False,exclude,animal,
41724608,honey,exclude,exclude,False,exclude,invitro,
41746796,honey,exclude,exclude,False,exclude,animal,
41865076,honey,exclude,exclude,False,exclude,animal,
41878,honey,exclude,exclude,False,exclude,name-only,
41946440,honey,exclude,exclude,False,exclude,animal,
42120429,honey,exclude,exclude,False,exclude,animal,
42171784,honey,exclude,exclude,False,exclude,animal,
42338412,honey,exclude,exclude,False,exclude,animal,
42377896,honey,exclude,exclude,False,exclude,animal,
42484010,honey,exclude,exclude,False,exclude,animal,
506590,honey,exclude,exclude,False,exclude,animal,
8904764,honey,exclude,exclude,False,exclude,animal,
9714464,honey,exclude,exclude,False,exclude,animal,
40179544,horse meat,exclude,exclude,False,exclude,animal,
2070449,jujube,exclude,exclude,False,exclude,animal,animal
34685001,jujube,exclude,exclude,False,exclude,invitro,invitro
25179904,kimchi,exclude,exclude,False,exclude,no-thermal,
39239457,kimchi,exclude,exclude,False,exclude,invitro,
27349510,kiwi,exclude,exclude,False,exclude,animal,
8544083,kiwi,exclude,exclude,False,exclude,animal,
17368475,kombu,exclude,exclude,False,exclude,name-only,
26488493,kombu,exclude,exclude,False,exclude,name-only,
34164130,kombu,exclude,exclude,False,exclude,name-only,
37535173,konjac,exclude,exclude,False,exclude,animal,animal
38970495,konjac,exclude,exclude,False,exclude,animal,animal
1025839,lamb,exclude,exclude,False,exclude,animal,
10355685,lamb,exclude,exclude,False,exclude,animal,
10520135,lamb,exclude,exclude,False,exclude,animal,
10564708,lamb,exclude,exclude,False,exclude,animal,
10642361,lamb,exclude,exclude,False,exclude,animal,
11084575,lamb,exclude,exclude,False,exclude,animal,
1130505,lamb,exclude,exclude,False,exclude,animal,
11429621,lamb,exclude,exclude,False,exclude,animal,
11796695,lamb,exclude,exclude,False,exclude,animal,
11890410,lamb,exclude,exclude,False,exclude,animal,
12205040,lamb,exclude,exclude,False,exclude,animal,
1245947,lamb,exclude,exclude,False,exclude,animal,
1250646,lamb,exclude,exclude,False,exclude,animal,
12817502,lamb,exclude,exclude,False,exclude,livestock-heat,
1427612,lamb,exclude,exclude,False,exclude,animal,
1484361,lamb,exclude,exclude,False,exclude,animal,
15505802,lamb,exclude,exclude,False,exclude,animal,
1568984,lamb,exclude,exclude,False,exclude,animal,
1612014,lamb,exclude,exclude,False,exclude,animal,
1645013,lamb,exclude,exclude,False,exclude,animal,
16612011,lamb,exclude,exclude,False,exclude,animal,
17182799,lamb,exclude,exclude,False,exclude,animal,
17267002,lamb,exclude,exclude,False,exclude,animal,
173075,lamb,exclude,exclude,False,exclude,animal,
17425433,lamb,exclude,exclude,False,exclude,animal,
1779128,lamb,exclude,exclude,False,exclude,animal,
18567730,lamb,exclude,exclude,False,exclude,animal,
20135905,lamb,exclude,exclude,False,exclude,animal,
20299144,lamb,exclude,exclude,False,exclude,animal,
21036376,lamb,exclude,exclude,False,exclude,animal,
21719079,lamb,exclude,exclude,False,exclude,animal,
21742943,lamb,exclude,exclude,False,exclude,animal,
2277186,lamb,exclude,exclude,False,exclude,animal,
2322604,lamb,exclude,exclude,False,exclude,animal,
24110548,lamb,exclude,exclude,False,exclude,animal,
24146153,lamb,exclude,exclude,False,exclude,animal,
24909360,lamb,exclude,exclude,False,exclude,animal,
2514244,lamb,exclude,exclude,False,exclude,animal,
2614034,lamb,exclude,exclude,False,exclude,animal,
26254071,lamb,exclude,exclude,False,exclude,animal,
26310559,lamb,exclude,exclude,False,exclude,name-only,
26434788,lamb,exclude,exclude,False,exclude,animal,
2712124,lamb,exclude,exclude,False,exclude,animal,
28741831,lamb,exclude,exclude,False,exclude,animal,
28968573,lamb,exclude,exclude,False,exclude,animal,
29995944,lamb,exclude,exclude,False,exclude,animal,
30017055,lamb,exclude,exclude,False,exclude,livestock-heat,
31208177,lamb,exclude,exclude,False,exclude,animal,
32283549,lamb,exclude,exclude,False,exclude,animal,
32993073,lamb,exclude,exclude,False,exclude,animal,
33077120,lamb,exclude,exclude,False,exclude,animal,
33205209,lamb,exclude,exclude,False,exclude,animal,
33517067,lamb,exclude,exclude,False,exclude,animal,
33571748,lamb,exclude,exclude,False,exclude,animal,
33728866,lamb,exclude,exclude,False,exclude,invitro,
34000686,lamb,exclude,exclude,False,exclude,animal,
34235199,lamb,exclude,exclude,False,exclude,invitro,
35571385,lamb,exclude,exclude,False,exclude,name-only,
35681860,lamb,exclude,exclude,False,exclude,livestock-heat,
35701030,lamb,exclude,exclude,False,exclude,animal,
3590587,lamb,exclude,exclude,False,exclude,animal,
35919858,lamb,exclude,exclude,False,exclude,animal,
36290148,lamb,exclude,exclude,False,exclude,animal,
36295898,lamb,exclude,exclude,False,exclude,animal,
36338953,lamb,exclude,exclude,False,exclude,animal,
365502,lamb,exclude,exclude,False,exclude,animal,
3693819,lamb,exclude,exclude,False,exclude,animal,
37107590,lamb,exclude,exclude,False,exclude,invitro,
37255997,lamb,exclude,exclude,False,exclude,animal,
3796790,lamb,exclude,exclude,False,exclude,animal,
38884796,lamb,exclude,exclude,False,exclude,animal,
39003576,lamb,exclude,exclude,False,exclude,animal,
39272390,lamb,exclude,exclude,False,exclude,animal,
39374919,lamb,exclude,exclude,False,exclude,animal,
40154773,lamb,exclude,exclude,False,exclude,animal,
40225763,lamb,exclude,exclude,False,exclude,animal,
40243116,lamb,exclude,exclude,False,exclude,animal,
40900315,lamb,exclude,exclude,False,exclude,livestock-heat,
41320560,lamb,exclude,exclude,False,exclude,animal,
41375984,lamb,exclude,exclude,False,exclude,animal,
42046677,lamb,exclude,exclude,False,exclude,animal,
42067591,lamb,exclude,exclude,False,exclude,animal,
42274792,lamb,exclude,exclude,False,exclude,animal,
42322829,lamb,exclude,exclude,False,exclude,livestock-heat,
42434796,lamb,exclude,exclude,False,exclude,animal,
4766222,lamb,exclude,exclude,False,exclude,animal,
5684039,lamb,exclude,exclude,False,exclude,animal,
5698273,lamb,exclude,exclude,False,exclude,animal,
575906,lamb,exclude,exclude,False,exclude,animal,
5767242,lamb,exclude,exclude,False,exclude,animal,
6403332,lamb,exclude,exclude,False,exclude,invitro,
6481110,lamb,exclude,exclude,False,exclude,animal,
6626631,lamb,exclude,exclude,False,exclude,animal,
6715545,lamb,exclude,exclude,False,exclude,animal,
7244377,lamb,exclude,exclude,False,exclude,animal,
7322667,lamb,exclude,exclude,False,exclude,animal,
7711779,lamb,exclude,exclude,False,exclude,animal,
8342366,lamb,exclude,exclude,False,exclude,animal,
8454539,lamb,exclude,exclude,False,exclude,animal,
8567520,lamb,exclude,exclude,False,exclude,animal,
8624710,lamb,exclude,exclude,False,exclude,animal,
8848594,lamb,exclude,exclude,False,exclude,animal,
9028587,lamb,exclude,exclude,False,exclude,animal,
9413733,lamb,exclude,exclude,False,exclude,animal,
9793785,lamb,exclude,exclude,False,exclude,animal,
9799463,lamb,exclude,exclude,False,exclude,animal,
994031,lamb,exclude,exclude,False,exclude,animal,
10219103,lettuce,exclude,exclude,False,exclude,animal,
39456373,lettuce,exclude,exclude,False,exclude,agri,
40887028,lettuce,exclude,exclude,False,exclude,name-only,
11247835,mackerel,exclude,exclude,False,exclude,animal,
12547935,mackerel,exclude,exclude,False,exclude,animal,
27614233,mackerel,exclude,exclude,False,exclude,animal,
37273070,mackerel,exclude,exclude,False,exclude,animal,
38782254,mackerel,exclude,exclude,False,exclude,animal,
2334438,mango,exclude,exclude,False,exclude,agri,
24493889,mango,exclude,exclude,False,exclude,name-only,
24848064,mango,exclude,exclude,False,exclude,animal,
29568185,mango,exclude,exclude,False,exclude,animal,
40970554,mango,exclude,exclude,False,exclude,name-only,
12775122,mayonnaise,include,include,False,include,human RCT: MCT-containing mayonnaise/margarine increases diet-induced thermogenesis vs LCT,constituent
15371474,melon,exclude,exclude,False,exclude,name-only,
18537696,melon,exclude,exclude,False,exclude,species-mismatch,
22623391,melon,exclude,exclude,False,exclude,species-mismatch,
31551470,melon,exclude,exclude,False,exclude,animal,
32853971,melon,exclude,exclude,False,exclude,name-only,
10207889,milk,exclude,exclude,False,exclude,animal,
10368932,milk,exclude,exclude,False,exclude,invitro,
10656540,milk,exclude,exclude,False,exclude,mechanism-only,
10942264,milk,exclude,exclude,False,exclude,animal,
11003235,milk,exclude,exclude,False,exclude,animal,
11036778,milk,exclude,exclude,False,exclude,animal,
11098340,milk,exclude,exclude,False,exclude,name-only,
11156940,milk,exclude,exclude,False,exclude,animal,
11206394,milk,exclude,exclude,False,exclude,livestock-heat,
1142016,milk,exclude,exclude,False,exclude,animal,
11429621,milk,exclude,exclude,False,exclude,animal,
11506196,milk,exclude,exclude,False,exclude,no-thermal,
11526434,milk,exclude,exclude,False,exclude,animal,
11572449,milk,exclude,exclude,False,exclude,animal,
11641128,milk,exclude,exclude,False,exclude,animal,
11669321,milk,exclude,exclude,False,exclude,animal,
11777078,milk,exclude,exclude,False,exclude,name-only,
11857330,milk,exclude,exclude,False,exclude,animal,
11890410,milk,exclude,exclude,False,exclude,animal,
11916113,milk,exclude,exclude,False,exclude,animal,
11964069,milk,exclude,exclude,False,exclude,animal,
11999543,milk,exclude,exclude,False,exclude,name-only,
12018421,milk,exclude,exclude,False,exclude,animal,
12213497,milk,exclude,exclude,False,exclude,animal,
12529848,milk,exclude,exclude,False,exclude,animal,
12613867,milk,exclude,exclude,False,exclude,livestock-heat,
12730415,milk,exclude,exclude,False,exclude,no-thermal,
12825417,milk,exclude,exclude,False,exclude,no-thermal,
12827418,milk,exclude,exclude,False,exclude,animal,
12836950,milk,exclude,exclude,False,exclude,livestock-heat,
14115557,milk,exclude,exclude,True,exclude,"name-only: body temperature is the febrile response to measles vaccine, not a thermal effect of the milk",
1430483,milk,exclude,exclude,False,exclude,livestock-heat,
14314552,milk,exclude,exclude,True,exclude,"name-only: brain temperature and arousal, unrelated to milk ingestion",
1443109,milk,exclude,exclude,False,exclude,no-thermal,
14527963,milk,exclude,exclude,False,exclude,animal,
1452834,milk,exclude,exclude,False,exclude,animal,
14558043,milk,exclude,exclude,False,exclude,animal,
1455920,milk,exclude,exclude,False,exclude,animal,
14605003,milk,exclude,exclude,False,exclude,animal,
14765807,milk,exclude,exclude,False,exclude,animal,
15145589,milk,exclude,exclude,False,exclude,name-only,
15282738,milk,exclude,exclude,False,exclude,animal,
15519714,milk,exclude,exclude,False,exclude,animal,
15890815,milk,exclude,exclude,False,exclude,livestock-heat,
15967631,milk,exclude,exclude,False,exclude,animal,
15970335,milk,exclude,exclude,False,exclude,animal,
15996692,milk,exclude,exclude,False,exclude,animal,
16027199,milk,exclude,exclude,False,exclude,animal,
16283556,milk,exclude,exclude,False,exclude,animal,
16290259,milk,exclude,exclude,False,exclude,animal,
16291628,milk,exclude,exclude,False,exclude,animal,
1638961,milk,exclude,exclude,False,exclude,animal,
16425042,milk,exclude,exclude,False,exclude,name-only,
16699118,milk,exclude,exclude,False,exclude,animal,
16725628,milk,exclude,exclude,False,exclude,livestock-heat,
16726635,milk,exclude,exclude,False,exclude,animal,
1703749,milk,exclude,exclude,False,exclude,name-only,
17047394,milk,exclude,exclude,False,exclude,animal,
17183102,milk,exclude,exclude,False,exclude,livestock-heat,
17235174,milk,exclude,exclude,False,exclude,livestock-heat,
17267002,milk,exclude,exclude,False,exclude,animal,
17297103,milk,exclude,exclude,False,exclude,livestock-heat,
17473095,milk,exclude,exclude,False,exclude,no-thermal,
17482669,milk,exclude,exclude,False,exclude,livestock-heat,
17638987,milk,exclude,exclude,False,exclude,animal,
17699046,milk,exclude,exclude,False,exclude,animal,
1777101,milk,exclude,exclude,False,exclude,animal,
17788306,milk,exclude,exclude,False,exclude,animal,
17954747,milk,exclude,exclude,False,exclude,animal,
17954768,milk,exclude,exclude,False,exclude,animal,
180283,milk,exclude,exclude,False,exclude,animal,
18588554,milk,exclude,exclude,False,exclude,animal,
18641175,milk,exclude,exclude,False,exclude,animal,
18675835,milk,exclude,exclude,False,exclude,animal,
18814802,milk,exclude,exclude,False,exclude,animal,
1887557,milk,exclude,exclude,False,exclude,animal,
18986597,milk,exclude,exclude,False,exclude,animal,
19038934,milk,exclude,exclude,False,exclude,animal,
1906487,milk,exclude,exclude,False,exclude,livestock-heat,
19164677,milk,exclude,exclude,False,exclude,animal,
19174531,milk,exclude,exclude,False,exclude,name-only,
19188266,milk,exclude,exclude,False,exclude,name-only,
19203071,milk,exclude,exclude,False,exclude,name-only,
1920938,milk,exclude,exclude,False,exclude,name-only,
19233786,milk,exclude,exclude,False,exclude,livestock-heat,
19233799,milk,exclude,exclude,False,exclude,animal,
19263087,milk,exclude,exclude,False,exclude,livestock-heat,
19267243,milk,exclude,exclude,False,exclude,invitro,
19307653,milk,exclude,exclude,False,exclude,animal,
19410620,milk,exclude,exclude,False,exclude,animal,
1945066,milk,exclude,exclude,False,exclude,not-ingestion,
19459452,milk,exclude,exclude,False,exclude,name-only,
1951148,milk,exclude,exclude,False,exclude,not-ingestion,
19520831,milk,exclude,exclude,False,exclude,animal,
19578095,milk,exclude,exclude,False,exclude,animal,
1958828,milk,exclude,exclude,False,exclude,animal,
19648398,milk,exclude,exclude,False,exclude,animal,
19825215,milk,exclude,exclude,False,exclude,animal,
19874634,milk,include,include,False,include,"diet-induced thermogenesis, breakfast yoghurt with whey/alpha-lactalbumin, human RCT",constituent
19919726,milk,exclude,exclude,False,exclude,animal,
19925269,milk,exclude,exclude,False,exclude,animal,
20197053,milk,exclude,exclude,False,exclude,animal,
20437842,milk,exclude,exclude,False,exclude,name-only,
20494147,milk,exclude,exclude,False,exclude,livestock-heat,
20629215,milk,exclude,exclude,False,exclude,livestock-heat,
20723687,milk,exclude,exclude,False,exclude,livestock-heat,
20723699,milk,exclude,exclude,False,exclude,animal,
20869822,milk,exclude,exclude,False,exclude,animal,
20965340,milk,exclude,exclude,False,exclude,animal,
2104335,milk,exclude,exclude,False,exclude,name-only,
21251954,milk,exclude,exclude,False,exclude,animal,
21346127,milk,exclude,exclude,False,exclude,animal,
21366701,milk,exclude,exclude,False,exclude,name-only,
21543529,milk,exclude,exclude,False,exclude,mechanism-only,
21631748,milk,exclude,exclude,False,exclude,no-thermal,
21700044,milk,exclude,exclude,False,exclude,animal,
21762973,milk,exclude,exclude,False,exclude,animal,
21798047,milk,exclude,exclude,False,exclude,no-thermal,
21854934,milk,exclude,exclude,False,exclude,livestock-heat,
21990573,milk,exclude,exclude,False,exclude,animal,
22116758,milk,exclude,exclude,False,exclude,animal,
22151700,milk,exclude,exclude,False,exclude,name-only,
22152154,milk,exclude,exclude,False,exclude,animal,
22214367,milk,exclude,exclude,False,exclude,animal,
22254119,milk,include,include,False,include,"diet-induced thermogenesis, milk-protein consumption modulates green-tea DIT, human RCT",confounded;constituent
22274550,milk,include,include,False,include,"diet-induced thermogenesis, milk protein (whey/casein/milk) meal test, human RCT",constituent
22281318,milk,exclude,exclude,False,exclude,animal,
22433402,milk,exclude,exclude,False,exclude,name-only,
22444615,milk,exclude,exclude,False,exclude,livestock-heat,
22444616,milk,exclude,exclude,False,exclude,animal,
22444820,milk,exclude,exclude,False,exclude,animal,
22580965,milk,exclude,exclude,False,exclude,livestock-heat,
22612945,milk,exclude,exclude,False,exclude,livestock-heat,
22612974,milk,exclude,exclude,False,exclude,livestock-heat,
22682313,milk,exclude,exclude,False,exclude,name-only,
22704581,milk,exclude,exclude,False,exclude,name-only,
22717153,milk,exclude,exclude,False,exclude,animal,
2283417,milk,exclude,exclude,False,exclude,livestock-heat,
22863093,milk,exclude,exclude,False,exclude,animal,
22972361,milk,exclude,exclude,False,exclude,animal,
23043945,milk,exclude,exclude,False,exclude,livestock-heat,
23063154,milk,exclude,exclude,False,exclude,animal,
23200473,milk,exclude,exclude,False,exclude,animal,
23213430,milk,exclude,exclude,False,exclude,animal,
23352834,milk,exclude,exclude,False,exclude,animal,
23357017,milk,exclude,exclude,False,exclude,animal,
23403759,milk,exclude,exclude,False,exclude,animal,
23445853,milk,exclude,exclude,False,exclude,no-thermal,
23497993,milk,exclude,exclude,False,exclude,animal,
23618900,milk,exclude,exclude,False,exclude,animal,
23676500,milk,exclude,exclude,False,exclude,animal,
23684043,milk,exclude,exclude,False,exclude,livestock-heat,
23711568,milk,exclude,exclude,False,exclude,animal,
2372052,milk,exclude,exclude,False,exclude,animal,
23720804,milk,exclude,exclude,False,exclude,animal,
23742643,milk,exclude,exclude,False,exclude,livestock-heat,
23761377,milk,exclude,exclude,False,exclude,no-thermal,
23769360,milk,exclude,exclude,False,exclude,livestock-heat,
23842680,milk,exclude,exclude,False,exclude,animal,
23997194,milk,exclude,exclude,False,exclude,animal,
24040161,milk,exclude,exclude,False,exclude,animal,
24042145,milk,exclude,exclude,False,exclude,name-only,
24054286,milk,exclude,exclude,False,exclude,livestock-heat,
24126964,milk,exclude,exclude,False,exclude,animal,
2428285,milk,exclude,exclude,True,exclude,"name-only: review of low-birthweight infant care, no thermal outcome indexed",
24410782,milk,exclude,exclude,False,exclude,animal,
24742963,milk,exclude,exclude,False,exclude,animal,
24762853,milk,exclude,exclude,False,exclude,animal,
24767883,milk,exclude,exclude,False,exclude,animal,
24792802,milk,exclude,exclude,False,exclude,animal,
24881789,milk,exclude,exclude,False,exclude,livestock-heat,
24913644,milk,exclude,exclude,False,exclude,animal,
24952001,milk,exclude,exclude,False,exclude,no-thermal,
24996281,milk,exclude,exclude,False,exclude,livestock-heat,
25049856,milk,exclude,exclude,False,exclude,animal,
25103694,milk,exclude,exclude,False,exclude,animal,
2514244,milk,exclude,exclude,False,exclude,animal,
25306274,milk,exclude,exclude,False,exclude,animal,
25438529,milk,exclude,exclude,False,exclude,no-thermal,
25464865,milk,exclude,exclude,False,exclude,animal,
25465551,milk,exclude,exclude,False,exclude,animal,
25804104,milk,exclude,exclude,False,exclude,animal,
25807462,milk,exclude,exclude,False,exclude,animal,
2582287,milk,exclude,exclude,False,exclude,animal,
2585235,milk,exclude,exclude,False,exclude,no-thermal,
25874778,milk,exclude,exclude,False,exclude,name-only,
2594926,milk,exclude,exclude,False,exclude,animal,
25955653,milk,exclude,exclude,False,exclude,animal,
25962010,milk,exclude,exclude,False,exclude,name-only,
25965015,milk,exclude,exclude,False,exclude,animal,
26062431,milk,exclude,exclude,False,exclude,animal,
26198991,milk,exclude,exclude,False,exclude,livestock-heat,
26409968,milk,exclude,exclude,False,exclude,livestock-heat,
26547657,milk,exclude,exclude,False,exclude,animal,
2667730,milk,exclude,exclude,False,exclude,animal,
26732455,milk,exclude,exclude,False,exclude,animal,
26752173,milk,exclude,exclude,False,exclude,animal,
26785945,milk,exclude,exclude,False,exclude,animal,
26834634,milk,exclude,exclude,False,exclude,name-only,
26963393,milk,exclude,exclude,False,exclude,animal,
2696561,milk,exclude,exclude,False,exclude,animal,
27047203,milk,exclude,exclude,False,exclude,animal,
27050556,milk,exclude,exclude,False,exclude,animal,
27060833,milk,exclude,exclude,False,exclude,livestock-heat,
27065645,milk,exclude,exclude,False,exclude,animal,
27157478,milk,exclude,exclude,False,exclude,animal,
2721816,milk,exclude,exclude,False,exclude,animal,
27316445,milk,exclude,exclude,False,exclude,animal,
2745811,milk,exclude,exclude,False,exclude,livestock-heat,
27554919,milk,exclude,exclude,False,exclude,animal,
27583294,milk,exclude,exclude,False,exclude,livestock-heat,
27622583,milk,exclude,exclude,False,exclude,name-only,
27691991,milk,exclude,exclude,False,exclude,animal,
27837979,milk,exclude,exclude,False,exclude,animal,
27992668,milk,exclude,exclude,False,exclude,animal,
28096610,milk,exclude,exclude,False,exclude,animal,
28109599,milk,exclude,exclude,False,exclude,animal,
28290594,milk,exclude,exclude,False,exclude,animal,
28380539,milk,exclude,exclude,False,exclude,livestock-heat,
28396356,milk,exclude,exclude,False,exclude,animal,
28434746,milk,exclude,exclude,False,exclude,livestock-heat,
28503821,milk,exclude,exclude,False,exclude,animal,
28558732,milk,exclude,exclude,False,exclude,no-thermal,
28566122,milk,exclude,exclude,False,exclude,no-thermal,
28569202,milk,exclude,exclude,False,exclude,not-ingestion,
28755940,milk,exclude,exclude,False,exclude,animal,
28760665,milk,exclude,exclude,False,exclude,animal,
28780109,milk,exclude,exclude,False,exclude,animal,
28803016,milk,exclude,exclude,False,exclude,livestock-heat,
28805919,milk,exclude,exclude,False,exclude,livestock-heat,
28807076,milk,exclude,exclude,False,exclude,animal,
28918147,milk,exclude,exclude,False,exclude,livestock-heat,
28982287,milk,exclude,exclude,False,exclude,animal,
29021893,milk,exclude,exclude,False,exclude,animal,
29065950,milk,exclude,exclude,False,exclude,animal,
29128210,milk,exclude,exclude,False,exclude,livestock-heat,
29128213,milk,exclude,exclude,False,exclude,animal,
29150763,milk,exclude,exclude,False,exclude,livestock-heat,
29178459,milk,exclude,exclude,False,exclude,animal,
29374521,milk,exclude,exclude,False,exclude,invitro,
29428748,milk,exclude,exclude,False,exclude,animal,
29518286,milk,exclude,exclude,False,exclude,animal,
29571821,milk,exclude,exclude,False,exclude,name-only,
29605310,milk,exclude,exclude,False,exclude,animal,
29627253,milk,exclude,exclude,False,exclude,livestock-heat,
29699104,milk,exclude,exclude,False,exclude,livestock-heat,
29702046,milk,exclude,exclude,False,exclude,invitro,
29738462,milk,include,include,False,include,"human RCT: acidified milk protein drink vs placebo, measured body temperature and heart rate variability among physiological outcomes (no significant thermal difference found)",constituent
29778472,milk,exclude,exclude,False,exclude,animal,
29796791,milk,exclude,exclude,False,exclude,livestock-heat,
29882303,milk,exclude,exclude,False,exclude,animal,
30007668,milk,exclude,exclude,False,exclude,name-only,
30017740,milk,exclude,exclude,False,exclude,not-ingestion,
30134245,milk,exclude,exclude,False,exclude,not-ingestion,
30169828,milk,exclude,exclude,False,exclude,livestock-heat,
30215863,milk,exclude,exclude,False,exclude,not-ingestion,
30228156,milk,exclude,exclude,False,exclude,animal,
30238515,milk,exclude,exclude,False,exclude,animal,
30268603,milk,exclude,exclude,False,exclude,livestock-heat,
30343920,milk,exclude,exclude,False,exclude,livestock-heat,
30356286,milk,exclude,exclude,False,exclude,animal,
30383843,milk,exclude,exclude,False,exclude,livestock-heat,
30408249,milk,exclude,exclude,False,exclude,animal,
30598673,milk,exclude,exclude,False,exclude,name-only,
30622972,milk,exclude,exclude,False,exclude,animal,
30720333,milk,exclude,exclude,False,exclude,name-only,
30722806,milk,exclude,exclude,False,exclude,livestock-heat,
30740351,milk,exclude,exclude,False,exclude,name-only,
30744345,milk,exclude,exclude,False,exclude,livestock-heat,
30827539,milk,exclude,exclude,False,exclude,animal,
30945370,milk,exclude,exclude,False,exclude,animal,
31115285,milk,exclude,exclude,False,exclude,animal,
31147777,milk,exclude,exclude,False,exclude,livestock-heat,
31218396,milk,exclude,exclude,False,exclude,livestock-heat,
31247222,milk,exclude,exclude,False,exclude,animal,
31259333,milk,exclude,exclude,False,exclude,name-only,
31352280,milk,exclude,exclude,False,exclude,animal,
31420065,milk,exclude,exclude,False,exclude,animal,
31494102,milk,exclude,exclude,False,exclude,invitro,
31499245,milk,exclude,exclude,False,exclude,animal,
31536861,milk,exclude,exclude,False,exclude,animal,
31606220,milk,exclude,exclude,False,exclude,livestock-heat,
31700124,milk,exclude,exclude,False,exclude,animal,
31701132,milk,exclude,exclude,False,exclude,livestock-heat,
31738574,milk,exclude,exclude,False,exclude,not-ingestion,
31853788,milk,exclude,exclude,False,exclude,livestock-heat,
31910910,milk,exclude,exclude,False,exclude,animal,
31980225,milk,exclude,exclude,False,exclude,animal,
32020679,milk,exclude,exclude,False,exclude,animal,
32031763,milk,exclude,exclude,False,exclude,animal,
32089303,milk,exclude,exclude,False,exclude,animal,
32113780,milk,exclude,exclude,False,exclude,livestock-heat,
32164993,milk,exclude,exclude,False,exclude,animal,
32173067,milk,exclude,exclude,False,exclude,livestock-heat,
32193484,milk,exclude,exclude,False,exclude,livestock-heat,
32253038,milk,exclude,exclude,False,exclude,livestock-heat,
32253039,milk,exclude,exclude,False,exclude,animal,
32278558,milk,exclude,exclude,False,exclude,livestock-heat,
32298727,milk,exclude,exclude,False,exclude,animal,
32349549,milk,exclude,exclude,False,exclude,animal,
32373986,milk,exclude,exclude,False,exclude,not-ingestion,
32384084,milk,exclude,exclude,False,exclude,animal,
32429603,milk,exclude,exclude,False,exclude,livestock-heat,
32442726,milk,exclude,exclude,False,exclude,animal,
32470705,milk,exclude,exclude,False,exclude,livestock-heat,
32473296,milk,exclude,exclude,False,exclude,animal,
32474756,milk,exclude,exclude,False,exclude,livestock-heat,
32475670,milk,exclude,exclude,False,exclude,animal,
32480187,milk,exclude,exclude,False,exclude,livestock-heat,
32595967,milk,exclude,exclude,False,exclude,animal,
32665446,milk,exclude,exclude,False,exclude,animal,
32704978,milk,exclude,exclude,False,exclude,livestock-heat,
32710787,milk,exclude,exclude,False,exclude,no-thermal,
32773305,milk,exclude,exclude,False,exclude,livestock-heat,
32784759,milk,exclude,exclude,False,exclude,animal,
32823331,milk,exclude,exclude,False,exclude,animal,
32848304,milk,exclude,exclude,False,exclude,animal,
32915053,milk,exclude,exclude,False,exclude,no-thermal,
32943327,milk,exclude,exclude,False,exclude,name-only,
33027513,milk,exclude,exclude,False,exclude,animal,
33030349,milk,exclude,exclude,False,exclude,not-ingestion,
33135728,milk,exclude,exclude,False,exclude,mechanism-only,
33145618,milk,exclude,exclude,False,exclude,animal,
33154392,milk,exclude,exclude,False,exclude,livestock-heat,
3318138,milk,exclude,exclude,False,exclude,no-thermal,
33195582,milk,exclude,exclude,False,exclude,livestock-heat,
33197037,milk,exclude,exclude,False,exclude,invitro,
3320533,milk,exclude,exclude,False,exclude,name-only,
33246618,milk,exclude,exclude,False,exclude,livestock-heat,
33292972,milk,exclude,exclude,False,exclude,livestock-heat,
33358803,milk,exclude,exclude,False,exclude,livestock-heat,
33392325,milk,exclude,exclude,False,exclude,not-ingestion,
33396812,milk,exclude,exclude,False,exclude,animal,
33401687,milk,exclude,exclude,False,exclude,livestock-heat,
33506432,milk,exclude,exclude,False,exclude,livestock-heat,
33518489,milk,exclude,exclude,False,exclude,livestock-heat,
33741167,milk,exclude,exclude,False,exclude,animal,
33746954,milk,exclude,exclude,False,exclude,animal,
3379169,milk,exclude,exclude,False,exclude,animal,
33807815,milk,exclude,exclude,False,exclude,animal,
33829059,milk,exclude,exclude,False,exclude,animal,
33895955,milk,exclude,exclude,False,exclude,livestock-heat,
33922252,milk,exclude,exclude,False,exclude,animal,
3392302,milk,exclude,exclude,False,exclude,livestock-heat,
33996872,milk,exclude,exclude,False,exclude,no-thermal,
33996959,milk,exclude,exclude,False,exclude,livestock-heat,
34040083,milk,exclude,exclude,False,exclude,animal,
34071561,milk,exclude,exclude,False,exclude,animal,
34096500,milk,exclude,exclude,False,exclude,not-ingestion,
34099636,milk,exclude,exclude,False,exclude,animal,
34106331,milk,exclude,exclude,False,exclude,livestock-heat,
34144282,milk,exclude,exclude,False,exclude,animal,
34175616,milk,exclude,exclude,False,exclude,invitro,
3419282,milk,exclude,exclude,False,exclude,name-only,
34200323,milk,exclude,exclude,False,exclude,name-only,
34203705,milk,exclude,exclude,False,exclude,name-only,
34264388,milk,exclude,exclude,False,exclude,livestock-heat,
34267762,milk,exclude,exclude,False,exclude,animal,
34303805,milk,exclude,exclude,False,exclude,animal,
34444651,milk,exclude,exclude,False,exclude,animal,
34454761,milk,exclude,exclude,False,exclude,livestock-heat,
34500018,milk,exclude,exclude,False,exclude,animal,
34518931,milk,exclude,exclude,False,exclude,livestock-heat,
34524531,milk,exclude,exclude,False,exclude,livestock-heat,
34532644,milk,exclude,exclude,False,exclude,livestock-heat,
34593232,milk,exclude,exclude,False,exclude,animal,
34617488,milk,exclude,exclude,False,exclude,animal,
34679931,milk,exclude,exclude,False,exclude,animal,
34688970,milk,exclude,exclude,False,exclude,animal,
34780727,milk,exclude,exclude,False,exclude,invitro,
3478916,milk,exclude,exclude,True,exclude,"name-only: neonatal care service report, no thermal outcome indexed",
34827840,milk,exclude,exclude,False,exclude,livestock-heat,
34882486,milk,exclude,exclude,False,exclude,name-only,
34897186,milk,exclude,exclude,False,exclude,animal,
34932814,milk,exclude,exclude,False,exclude,livestock-heat,
34944264,milk,exclude,exclude,False,exclude,name-only,
34959820,milk,exclude,exclude,False,exclude,animal,
35009359,milk,exclude,exclude,False,exclude,animal,
35033349,milk,exclude,exclude,False,exclude,animal,
35189702,milk,exclude,exclude,False,exclude,name-only,
35282457,milk,exclude,exclude,False,exclude,name-only,
35282917,milk,exclude,exclude,False,exclude,animal,
35339732,milk,exclude,exclude,False,exclude,livestock-heat,
35343224,milk,exclude,exclude,False,exclude,animal,
35393038,milk,exclude,exclude,False,exclude,livestock-heat,
35460115,milk,exclude,exclude,False,exclude,animal,
35465989,milk,exclude,exclude,False,exclude,animal,
35581442,milk,exclude,exclude,False,exclude,invitro,
35625657,milk,exclude,exclude,False,exclude,name-only,
35631238,milk,exclude,exclude,False,exclude,no-thermal,
3564323,milk,exclude,exclude,False,exclude,animal,
3570867,milk,include,include,False,include,"diet-induced thermogenesis, preterm infants fed banked breast milk vs preterm formula, human trial",
3576010,milk,exclude,exclude,False,exclude,name-only,
35844957,milk,exclude,exclude,False,exclude,animal,
35872746,milk,exclude,exclude,False,exclude,name-only,
35873827,milk,exclude,exclude,False,exclude,animal,
35879162,milk,exclude,exclude,False,exclude,livestock-heat,
35885248,milk,exclude,exclude,False,exclude,animal,
35920097,milk,exclude,exclude,False,exclude,animal,
35931478,milk,exclude,exclude,False,exclude,animal,
36009623,milk,exclude,exclude,False,exclude,livestock-heat,
36048839,milk,exclude,exclude,False,exclude,not-ingestion,
36055830,milk,exclude,exclude,False,exclude,livestock-heat,
36307240,milk,exclude,exclude,False,exclude,livestock-heat,
36327798,milk,exclude,exclude,False,exclude,livestock-heat,
36400618,milk,exclude,exclude,False,exclude,animal,
36424316,milk,exclude,exclude,False,exclude,livestock-heat,
36428407,milk,exclude,exclude,False,exclude,livestock-heat,
36543647,milk,exclude,exclude,False,exclude,livestock-heat,
36592976,milk,exclude,exclude,False,exclude,livestock-heat,
3672900,milk,exclude,exclude,False,exclude,animal,
36899722,milk,exclude,exclude,False,exclude,livestock-heat,
36935239,milk,exclude,exclude,False,exclude,animal,
37028972,milk,exclude,exclude,False,exclude,livestock-heat,
37055110,milk,exclude,exclude,False,exclude,livestock-heat,
37154934,milk,exclude,exclude,False,exclude,animal,
37199821,milk,exclude,exclude,False,exclude,livestock-heat,
37423044,milk,exclude,exclude,False,exclude,animal,
37483284,milk,exclude,exclude,False,exclude,livestock-heat,
37508037,milk,exclude,exclude,False,exclude,livestock-heat,
37520770,milk,exclude,exclude,False,exclude,name-only,
37521064,milk,exclude,exclude,False,exclude,animal,
3756253,milk,include,include,False,include,"postprandial thermogenesis, human-milk-fed very low birth weight infants",
37567679,milk,exclude,exclude,False,exclude,livestock-heat,
3757515,milk,exclude,exclude,False,exclude,animal,
3757516,milk,exclude,exclude,False,exclude,animal,
37576750,milk,exclude,exclude,False,exclude,livestock-heat,
37641257,milk,exclude,exclude,False,exclude,livestock-heat,
37652156,milk,exclude,exclude,False,exclude,animal,
37653765,milk,exclude,exclude,False,exclude,not-ingestion,
37685035,milk,exclude,exclude,False,exclude,livestock-heat,
37767758,milk,exclude,exclude,False,exclude,animal,
37823089,milk,exclude,exclude,False,exclude,animal,
37935407,milk,exclude,exclude,False,exclude,animal,
37939840,milk,exclude,exclude,False,exclude,animal,
37958157,milk,exclude,exclude,False,exclude,livestock-heat,
37964187,milk,exclude,exclude,False,exclude,not-ingestion,
37978351,milk,exclude,exclude,False,exclude,name-only,
3802827,milk,exclude,exclude,False,exclude,animal,
38136860,milk,exclude,exclude,False,exclude,livestock-heat,
38186211,milk,exclude,exclude,False,exclude,livestock-heat,
38261022,milk,exclude,exclude,False,exclude,livestock-heat,
38284617,milk,exclude,exclude,False,exclude,name-only,
38414407,milk,exclude,exclude,False,exclude,animal,
38452857,milk,exclude,exclude,False,exclude,no-thermal,
38486985,milk,exclude,exclude,True,exclude,"name-only: commentary on mammary beige-adipocyte biology, not milk ingestion",
38501388,milk,exclude,exclude,False,exclude,animal,
38535782,milk,exclude,exclude,False,exclude,animal,
38544805,milk,exclude,exclude,False,exclude,animal,
38608948,milk,exclude,exclude,False,exclude,livestock-heat,
38612369,milk,exclude,exclude,False,exclude,animal,
38672399,milk,exclude,exclude,False,exclude,animal,
38785376,milk,exclude,exclude,False,exclude,invitro,
38822422,milk,exclude,exclude,False,exclude,animal,
38825100,milk,exclude,exclude,False,exclude,livestock-heat,
38851569,milk,exclude,exclude,False,exclude,livestock-heat,
38876216,milk,exclude,exclude,False,exclude,animal,
38905777,milk,exclude,exclude,False,exclude,animal,
38908697,milk,exclude,exclude,False,exclude,livestock-heat,
38917166,milk,exclude,exclude,False,exclude,animal,
3899343,milk,exclude,exclude,False,exclude,no-thermal,
38998026,milk,exclude,exclude,False,exclude,livestock-heat,
39017681,milk,exclude,exclude,False,exclude,animal,
39044743,milk,exclude,exclude,False,exclude,livestock-heat,
39045471,milk,exclude,exclude,False,exclude,not-ingestion,
39149000,milk,exclude,exclude,False,exclude,animal,
39178648,milk,exclude,exclude,False,exclude,livestock-heat,
39199322,milk,exclude,exclude,False,exclude,name-only,
39218072,milk,exclude,exclude,False,exclude,livestock-heat,
39230108,milk,exclude,exclude,False,exclude,animal,
39310829,milk,exclude,exclude,False,exclude,livestock-heat,
39390269,milk,exclude,exclude,False,exclude,livestock-heat,
39455442,milk,exclude,exclude,False,exclude,livestock-heat,
39475246,milk,exclude,exclude,False,exclude,animal,
39521426,milk,exclude,exclude,False,exclude,livestock-heat,
39647619,milk,exclude,exclude,False,exclude,animal,
39662815,milk,exclude,exclude,False,exclude,livestock-heat,
39683558,milk,exclude,exclude,False,exclude,name-only,
39710295,milk,exclude,exclude,False,exclude,animal,
39744957,milk,exclude,exclude,False,exclude,animal,
39814371,milk,exclude,exclude,False,exclude,livestock-heat,
39829665,milk,exclude,exclude,False,exclude,invitro,
39951183,milk,exclude,exclude,False,exclude,animal,
39958454,milk,exclude,exclude,False,exclude,animal,
40025858,milk,exclude,exclude,False,exclude,animal,
4002723,milk,exclude,include,True,exclude,"no-thermal: neonatal feeding RCT on drinking behaviour/weight; body temperature is routine monitoring, no thermal MeSH",
40218438,milk,exclude,exclude,False,exclude,livestock-heat,
40255100,milk,exclude,exclude,False,exclude,animal,
40362048,milk,exclude,exclude,False,exclude,invitro,
40395076,milk,exclude,exclude,False,exclude,animal,
4040535,milk,exclude,exclude,False,exclude,livestock-heat,
40405991,milk,exclude,exclude,False,exclude,animal,
40509081,milk,exclude,exclude,False,exclude,livestock-heat,
40573128,milk,exclude,exclude,False,exclude,mechanism-only,
40573910,milk,exclude,exclude,False,exclude,animal,
40576269,milk,exclude,exclude,False,exclude,livestock-heat,
40646788,milk,exclude,exclude,False,exclude,animal,
40706860,milk,exclude,exclude,False,exclude,livestock-heat,
40752617,milk,exclude,exclude,False,exclude,animal,
40758567,milk,exclude,exclude,False,exclude,name-only,
40794275,milk,exclude,exclude,False,exclude,livestock-heat,
40808309,milk,exclude,exclude,False,exclude,livestock-heat,
40810347,milk,exclude,exclude,False,exclude,animal,
40847069,milk,exclude,exclude,False,exclude,animal,
40892747,milk,exclude,exclude,False,exclude,animal,
40951467,milk,exclude,exclude,False,exclude,animal,
41053413,milk,exclude,exclude,False,exclude,animal,
41080168,milk,exclude,exclude,False,exclude,invitro,
41185283,milk,exclude,exclude,False,exclude,animal,
41212779,milk,exclude,exclude,False,exclude,livestock-heat,
41220985,milk,exclude,exclude,False,exclude,animal,
41223062,milk,exclude,exclude,False,exclude,animal,
41275840,milk,exclude,exclude,False,exclude,livestock-heat,
41294733,milk,exclude,exclude,False,exclude,animal,
41296605,milk,exclude,exclude,False,exclude,animal,
41346810,milk,exclude,exclude,False,exclude,animal,
41380350,milk,exclude,exclude,False,exclude,animal,
41414836,milk,exclude,exclude,False,exclude,livestock-heat,
41417620,milk,exclude,exclude,False,exclude,animal,
41453310,milk,exclude,exclude,False,exclude,livestock-heat,
41482030,milk,exclude,exclude,False,exclude,livestock-heat,
41557153,milk,exclude,exclude,False,exclude,livestock-heat,
41575071,milk,exclude,exclude,False,exclude,name-only,
41592080,milk,exclude,exclude,False,exclude,animal,
41629996,milk,exclude,exclude,False,exclude,no-thermal,
41651373,milk,exclude,exclude,False,exclude,animal,
41695456,milk,exclude,exclude,False,exclude,not-ingestion,
41737740,milk,exclude,exclude,False,exclude,livestock-heat,
41791483,milk,exclude,exclude,False,exclude,animal,
41810124,milk,exclude,exclude,False,exclude,animal,
41822588,milk,exclude,exclude,False,exclude,livestock-heat,
41857082,milk,exclude,exclude,False,exclude,livestock-heat,
41937061,milk,exclude,exclude,False,exclude,animal,
41976084,milk,exclude,exclude,False,exclude,animal,
42092551,milk,exclude,exclude,False,exclude,livestock-heat,
42202371,milk,exclude,exclude,False,exclude,livestock-heat,
42211229,milk,exclude,exclude,False,exclude,animal,
42264356,milk,exclude,exclude,False,exclude,livestock-heat,
42296700,milk,exclude,exclude,False,exclude,animal,
42494682,milk,exclude,exclude,False,exclude,livestock-heat,
42514633,milk,exclude,exclude,False,exclude,livestock-heat,
42556265,milk,exclude,exclude,False,exclude,invitro,
443411,milk,exclude,exclude,False,exclude,animal,
4990584,milk,exclude,exclude,False,exclude,invitro,
5169378,milk,exclude,exclude,False,exclude,livestock-heat,
5557072,milk,exclude,exclude,False,exclude,animal,
575033,milk,exclude,exclude,False,exclude,name-only,
6284821,milk,exclude,exclude,False,exclude,livestock-heat,
6284822,milk,exclude,exclude,False,exclude,livestock-heat,
6348004,milk,exclude,exclude,False,exclude,animal,
6466825,milk,exclude,exclude,False,exclude,animal,
6514091,milk,exclude,exclude,False,exclude,animal,
6522821,milk,exclude,exclude,False,exclude,animal,
6538077,milk,exclude,exclude,False,exclude,animal,
6667188,milk,exclude,exclude,False,exclude,name-only,
6736397,milk,exclude,exclude,False,exclude,animal,
6743634,milk,exclude,exclude,False,exclude,animal,
7079345,milk,exclude,exclude,False,exclude,animal,
7079383,milk,exclude,exclude,False,exclude,animal,
7190054,milk,exclude,exclude,False,exclude,animal,
7195083,milk,exclude,exclude,False,exclude,animal,
7344526,milk,exclude,exclude,False,exclude,animal,
7443097,milk,exclude,exclude,False,exclude,not-ingestion,
7603419,milk,exclude,exclude,False,exclude,name-only,
7625294,milk,exclude,exclude,False,exclude,invitro,
7676914,milk,exclude,exclude,False,exclude,animal,
7810639,milk,exclude,exclude,False,exclude,animal,
7929966,milk,exclude,exclude,False,exclude,livestock-heat,
7971143,milk,exclude,exclude,False,exclude,animal,
8214055,milk,exclude,exclude,False,exclude,animal,
8354852,milk,exclude,exclude,False,exclude,animal,
842915,milk,exclude,exclude,False,exclude,animal,
8546876,milk,exclude,exclude,False,exclude,animal,
8598406,milk,exclude,exclude,False,exclude,livestock-heat,
8778096,milk,exclude,exclude,False,exclude,animal,
8827786,milk,exclude,exclude,False,exclude,animal,
8872723,milk,exclude,exclude,False,exclude,animal,
8922355,milk,exclude,exclude,False,exclude,no-thermal,
9079131,milk,exclude,exclude,False,exclude,animal,
9090137,milk,exclude,exclude,False,exclude,animal,
9240917,milk,exclude,exclude,False,exclude,not-ingestion,
9447755,milk,exclude,exclude,False,exclude,name-only,
9557810,milk,exclude,exclude,False,exclude,animal,
9594388,milk,exclude,exclude,False,exclude,animal,
9710761,milk,exclude,exclude,False,exclude,animal,
9817586,milk,exclude,exclude,False,exclude,animal,
1612960,miso,exclude,exclude,False,exclude,name-only,
6466544,miso,exclude,exclude,False,exclude,name-only,
6469751,miso,exclude,exclude,False,exclude,name-only,
6615699,miso,exclude,exclude,False,exclude,name-only,
30814418,mugicha,include,include,False,include,human RCT: roasted barley extract ingestion prevents skin temperature decrease in cold conditions,
12231983,mung bean,exclude,exclude,False,exclude,invitro,invitro
39553243,natto,exclude,exclude,False,exclude,animal,
16287251,octopus,exclude,exclude,False,exclude,name-only,
31352387,octopus,exclude,exclude,False,exclude,name-only,
31572212,octopus,exclude,exclude,False,exclude,animal,
35735578,octopus,exclude,exclude,False,exclude,name-only,
3613444,octopus,exclude,exclude,False,exclude,name-only,
36598579,octopus,exclude,exclude,False,exclude,name-only,
30168574,onion,exclude,exclude,False,exclude,name-only,
36790275,onion,exclude,exclude,False,exclude,animal,
20142827,oolong tea,exclude,include,True,exclude,"name-only: review whose stated objective is obesity/weight-loss, thermogenesis only the proposed mechanism (§3)",name-only;review
33260552,oolong tea,include,include,False,include,"Human RCT (crossover, n=12 males): subacute oolong tea ingestion; energy expenditure and fat oxidation measured via 24-h indirect calorimetry",
35179170,oolong tea,exclude,exclude,False,exclude,animal,animal
37744823,oolong tea,exclude,exclude,False,exclude,animal,animal
10331848,orange,exclude,exclude,False,exclude,name-only,
11556962,orange,exclude,exclude,False,exclude,not-ingestion,
15895207,orange,exclude,exclude,False,exclude,animal,
15984967,orange,exclude,exclude,False,exclude,name-only,
16888078,orange,exclude,exclude,False,exclude,name-only,
18386253,orange,exclude,exclude,False,exclude,animal,
18489274,orange,exclude,exclude,False,exclude,name-only,
1885267,orange,include,exclude,True,exclude,"name-only: the food is the comparator/vehicle arm, not the exposure of interest (§2 criterion 4)",
19154362,orange,exclude,exclude,False,exclude,name-only,
19317164,orange,exclude,exclude,False,exclude,name-only,
22521485,orange,exclude,exclude,False,exclude,animal,
22685367,orange,exclude,exclude,False,exclude,not-ingestion,
23397375,orange,exclude,exclude,False,exclude,animal,
24666911,orange,exclude,exclude,False,exclude,name-only,
26497173,orange,exclude,exclude,False,exclude,name-only,
26856274,orange,include,exclude,True,exclude,"species-mismatch: the thermogenic agent reviewed is bitter orange (Citrus aurantium/p-synephrine), not sweet orange",review
28251699,orange,exclude,exclude,False,exclude,animal,
28478216,orange,exclude,exclude,False,exclude,name-only,
28951027,orange,exclude,exclude,False,exclude,name-only,
29023720,orange,exclude,exclude,False,exclude,name-only,
29601496,orange,exclude,exclude,False,exclude,name-only,
30917246,orange,exclude,exclude,False,exclude,name-only,
31443565,orange,exclude,exclude,False,exclude,animal,
31482404,orange,exclude,exclude,False,exclude,not-ingestion,
31538333,orange,exclude,exclude,False,exclude,name-only,
32640265,orange,exclude,exclude,False,exclude,name-only,
32760178,orange,exclude,exclude,False,exclude,name-only,
3356361,orange,exclude,exclude,False,exclude,name-only,
34132583,orange,exclude,exclude,False,exclude,name-only,
34409177,orange,include,exclude,True,exclude,"name-only: review whose stated objective is obesity/weight-loss, thermogenesis only a listed mechanism (§3)",review;constituent
34420613,orange,exclude,exclude,False,exclude,name-only,
34947315,orange,exclude,exclude,False,exclude,name-only,
35460494,orange,exclude,exclude,False,exclude,name-only,
35837855,orange,exclude,exclude,False,exclude,name-only,
35866015,orange,exclude,exclude,False,exclude,name-only,
35910771,orange,exclude,exclude,False,exclude,name-only,
36535160,orange,exclude,exclude,False,exclude,name-only,
36796918,orange,exclude,exclude,False,exclude,name-only,
37055135,orange,exclude,exclude,False,exclude,name-only,
37242720,orange,exclude,exclude,False,exclude,name-only,
37702528,orange,include,include,False,include,"review: roles of citrus fruits (incl. orange) on energy expenditure, body weight management, and metabolic biomarkers",review
37874789,orange,exclude,exclude,False,exclude,name-only,
37884464,orange,exclude,exclude,False,exclude,name-only,
42259132,orange,exclude,exclude,False,exclude,name-only,
42393164,orange,exclude,exclude,False,exclude,name-only,
7202755,orange,exclude,exclude,False,exclude,name-only,
7816004,orange,include,exclude,True,exclude,"name-only: the food is the comparator/vehicle arm, not the exposure of interest (§2 criterion 4)",
8332088,orange,exclude,exclude,False,exclude,animal,
8897037,orange,exclude,exclude,False,exclude,name-only,
9715042,orange,exclude,exclude,False,exclude,name-only,
2030812,oyster,exclude,exclude,False,exclude,not-ingestion,
20403746,oyster,exclude,exclude,False,exclude,animal,
26790505,oyster,exclude,exclude,False,exclude,name-only,
2708291,oyster,exclude,exclude,False,exclude,animal,
3169217,oyster,exclude,exclude,False,exclude,not-ingestion,
32970470,oyster,exclude,exclude,False,exclude,animal,
33718284,oyster,exclude,exclude,False,exclude,animal,
33810107,oyster,exclude,exclude,False,exclude,animal,
39219677,oyster,exclude,exclude,False,exclude,animal,
40023310,oyster,exclude,exclude,False,exclude,animal,
26863235,pasta,include,include,False,include,Human pilot study (n=8): whole-grain vs refined-grain pasta meals; meal-induced thermogenesis and postprandial energy expenditure measured,
30098403,pasta,include,include,False,include,Human RCT: cod/veal+wholegrain-pasta test meals; diet-induced thermogenesis measured; pasta's effect confounded with protein source (mixed intervention),confounded
30744149,pasta,include,include,False,include,Human RCT: salmon+wholegrain-pasta test meal vs salmon+potato; diet-induced thermogenesis measured; pasta's effect confounded with protein source (mixed intervention),confounded
31291451,pasta,exclude,exclude,False,exclude,no-thermal,no-thermal
34273874,pasta,exclude,exclude,False,exclude,name-only,name-only
19317164,peach,exclude,exclude,False,exclude,no-thermal,
28586170,peach,exclude,exclude,False,exclude,animal,
34887884,peach,exclude,exclude,False,exclude,name-only,
36732575,peach,exclude,exclude,False,exclude,animal,
31263322,pear,exclude,exclude,False,exclude,name-only,
35114899,pear,exclude,exclude,False,exclude,name-only,
35161316,pear,exclude,exclude,False,exclude,name-only,
10211048,pepper,include,exclude,True,exclude,species-mismatch: Capsicum study; `pepper` is Piper nigrum and chili/bell pepper are separate food_keys (§3),
10518405,pepper,exclude,exclude,False,exclude,name-only,
11227803,pepper,include,exclude,True,exclude,species-mismatch: Capsicum study; `pepper` is Piper nigrum and chili/bell pepper are separate food_keys (§3),constituent
11676017,pepper,include,exclude,True,exclude,species-mismatch: Capsicum study; `pepper` is Piper nigrum and chili/bell pepper are separate food_keys (§3),
11767210,pepper,exclude,exclude,False,exclude,animal,
11826971,pepper,exclude,exclude,False,exclude,animal,
12959953,pepper,exclude,exclude,False,exclude,animal,
16580033,pepper,include,include,False,include,"review: metabolic effects of spices (incl. black pepper), teas and caffeine on thermogenesis",review
17341828,pepper,include,exclude,True,exclude,species-mismatch: Capsicum study; `pepper` is Piper nigrum and chili/bell pepper are separate food_keys (§3),
20925950,pepper,include,exclude,True,exclude,species-mismatch: Capsicum study; `pepper` is Piper nigrum and chili/bell pepper are separate food_keys (§3),constituent;supradose
20932337,pepper,exclude,exclude,False,exclude,animal,
21093467,pepper,include,exclude,True,exclude,species-mismatch: Capsicum study; `pepper` is Piper nigrum and chili/bell pepper are separate food_keys (§3),
21258172,pepper,exclude,exclude,False,exclude,name-only,
21297348,pepper,exclude,exclude,False,exclude,animal,
22129860,pepper,exclude,exclude,False,exclude,name-only,
23021155,pepper,include,include,False,include,RCT: black pepper (and other spices) acute effect on postprandial diet-induced thermogenesis in healthy men,
23179202,pepper,include,exclude,True,exclude,species-mismatch: Capsicum study; `pepper` is Piper nigrum and chili/bell pepper are separate food_keys (§3),confounded
23196561,pepper,exclude,exclude,False,exclude,name-only,
23623790,pepper,exclude,exclude,False,exclude,animal,
23844093,pepper,include,exclude,True,exclude,species-mismatch: Capsicum study; `pepper` is Piper nigrum and chili/bell pepper are separate food_keys (§3),constituent
24100669,pepper,include,exclude,True,exclude,species-mismatch: Capsicum study; `pepper` is Piper nigrum and chili/bell pepper are separate food_keys (§3),review
24267043,pepper,include,exclude,True,exclude,species-mismatch: Capsicum study; `pepper` is Piper nigrum and chili/bell pepper are separate food_keys (§3),constituent
24525095,pepper,exclude,exclude,False,exclude,animal,
26421678,pepper,exclude,exclude,False,exclude,name-only,
26552144,pepper,exclude,exclude,False,exclude,animal,
26913157,pepper,exclude,exclude,False,exclude,not-ingestion,
2747924,pepper,exclude,exclude,False,exclude,animal,
27831646,pepper,exclude,exclude,False,exclude,animal,
27899046,pepper,exclude,exclude,False,exclude,name-only,
28166943,pepper,exclude,exclude,False,exclude,animal,
29568185,pepper,exclude,exclude,False,exclude,animal,
29686821,pepper,exclude,exclude,False,exclude,not-ingestion,
30168574,pepper,exclude,exclude,False,exclude,name-only,
30208750,pepper,exclude,exclude,False,exclude,animal,
30579138,pepper,exclude,exclude,False,exclude,name-only,
31009639,pepper,exclude,exclude,False,exclude,animal,
32199999,pepper,exclude,exclude,False,exclude,name-only,
32272547,pepper,exclude,exclude,False,exclude,name-only,
32704978,pepper,exclude,exclude,False,exclude,livestock-heat,
33063385,pepper,include,exclude,True,exclude,species-mismatch: Capsicum study; `pepper` is Piper nigrum and chili/bell pepper are separate food_keys (§3),review;constituent
33789250,pepper,include,exclude,True,exclude,species-mismatch: Capsicum study; `pepper` is Piper nigrum and chili/bell pepper are separate food_keys (§3),review
33951968,pepper,exclude,exclude,False,exclude,name-only,
34969590,pepper,exclude,exclude,False,exclude,not-ingestion,
36307240,pepper,exclude,exclude,False,exclude,livestock-heat,
36428407,pepper,exclude,exclude,False,exclude,livestock-heat,
37188283,pepper,exclude,exclude,False,exclude,animal,
37414405,pepper,exclude,exclude,False,exclude,name-only,
37493973,pepper,exclude,exclude,False,exclude,name-only,
37892544,pepper,exclude,exclude,False,exclude,name-only,
38379484,pepper,exclude,exclude,False,exclude,not-ingestion,
38531438,pepper,exclude,exclude,False,exclude,animal,
38571755,pepper,include,exclude,True,exclude,species-mismatch: Capsicum study; `pepper` is Piper nigrum and chili/bell pepper are separate food_keys (§3),constituent;supradose
38895664,pepper,exclude,exclude,False,exclude,name-only,
39067117,pepper,exclude,exclude,False,exclude,livestock-heat,
39289273,pepper,exclude,exclude,False,exclude,name-only,
3957721,pepper,include,exclude,True,exclude,species-mismatch: Capsicum study; `pepper` is Piper nigrum and chili/bell pepper are separate food_keys (§3),
39958175,pepper,exclude,exclude,False,exclude,animal,
39998081,pepper,exclude,exclude,False,exclude,name-only,
40092148,pepper,exclude,exclude,False,exclude,name-only,
41007640,pepper,exclude,exclude,False,exclude,animal,
42186269,pepper,include,exclude,True,exclude,species-mismatch: Capsicum study; `pepper` is Piper nigrum and chili/bell pepper are separate food_keys (§3),review;constituent
5498502,pepper,exclude,exclude,False,exclude,animal,
9487017,pepper,exclude,exclude,False,exclude,name-only,
33463488,perilla,exclude,exclude,False,exclude,name-only,name-only;no-thermal
38893341,perilla,exclude,exclude,False,exclude,invitro,invitro
12619669,persimmon,include,include,False,include,human trial: kaki ingestion lowers peripheral (foot/wrist) body temperature vs water/cookie control,
35925894,pine nut,exclude,exclude,False,exclude,name-only,name-only;agri
12265792,pineapple,exclude,exclude,False,exclude,name-only,
25313936,pineapple,exclude,exclude,False,exclude,animal,
16282623,pork,exclude,exclude,False,exclude,name-only,
18608589,pork,exclude,exclude,False,exclude,invitro,
20723946,pork,exclude,exclude,False,exclude,animal,
23806854,pork,exclude,exclude,False,exclude,animal,
24010567,pork,exclude,exclude,False,exclude,animal,
26821042,pork,include,include,False,include,"RCT: beef/pork vs soy protein source and quantity, thermic effect of feeding (TEF) measured during energy restriction in overweight/obese adults",confounded
28208689,pork,exclude,exclude,False,exclude,livestock-heat,
29149900,pork,exclude,exclude,False,exclude,animal,
29617863,pork,exclude,exclude,False,exclude,livestock-heat,
30423983,pork,exclude,exclude,False,exclude,livestock-heat,
30642586,pork,exclude,exclude,False,exclude,animal,
30854374,pork,exclude,exclude,False,exclude,animal,
31875799,pork,exclude,exclude,False,exclude,animal,
32148030,pork,exclude,exclude,False,exclude,animal,
32853971,pork,exclude,exclude,False,exclude,animal,
33096723,pork,exclude,exclude,False,exclude,livestock-heat,
33924224,pork,exclude,exclude,False,exclude,animal,
34034363,pork,exclude,exclude,False,exclude,animal,
34696956,pork,exclude,exclude,False,exclude,name-only,
36420675,pork,exclude,exclude,False,exclude,livestock-heat,
36766323,pork,exclude,exclude,False,exclude,animal,
38014105,pork,exclude,exclude,False,exclude,animal,
38390396,pork,exclude,exclude,False,exclude,animal,
38428151,pork,exclude,exclude,False,exclude,animal,
38891708,pork,exclude,exclude,False,exclude,livestock-heat,
39504801,pork,exclude,exclude,False,exclude,animal,
39846129,pork,exclude,exclude,False,exclude,name-only,
39943101,pork,exclude,exclude,False,exclude,animal,
40179544,pork,exclude,exclude,False,exclude,animal,
40371116,pork,exclude,exclude,False,exclude,animal,
41463391,pork,exclude,exclude,False,exclude,animal,
42299096,pork,exclude,exclude,False,exclude,animal,
42380882,pork,exclude,exclude,False,exclude,animal,
906006,pork,exclude,exclude,False,exclude,livestock-heat,
10486573,potato,exclude,exclude,False,exclude,agri,
10635118,potato,exclude,exclude,False,exclude,invitro,
1867761,potato,exclude,exclude,False,exclude,animal,
19308240,potato,exclude,exclude,False,exclude,animal,
2483603,potato,exclude,exclude,False,exclude,name-only,
36017979,potato,exclude,exclude,False,exclude,animal,
37659784,potato,exclude,exclude,False,exclude,name-only,
41095239,potato,exclude,exclude,False,exclude,agri,
7733031,potato,include,include,False,include,"human RCT: raw (resistant) vs pregelatinized potato starch, postprandial diet-induced thermogenesis measured by indirect calorimetry",constituent
7766565,potato,include,include,False,include,human RCT: replacement of digestible potato starch by resistant starch lowered diet-induced thermogenesis in healthy men,constituent
8955108,potato,exclude,exclude,False,exclude,invitro,
9693744,potato,exclude,exclude,False,exclude,name-only,review
35971989,prune,exclude,exclude,False,exclude,name-only,
25193009,pumpkin,exclude,exclude,False,exclude,animal,
38397839,pumpkin,exclude,exclude,False,exclude,animal,
11756059,rapeseed oil,include,exclude,True,exclude,"name-only: the food is the comparator/vehicle arm, not the exposure of interest (§2 criterion 4)",
12775122,rapeseed oil,include,exclude,True,exclude,"name-only: the food is the comparator/vehicle arm, not the exposure of interest (§2 criterion 4)",
14718746,rapeseed oil,include,exclude,True,exclude,"name-only: the food is the comparator/vehicle arm, not the exposure of interest (§2 criterion 4)",
19087439,rapeseed oil,exclude,exclude,False,exclude,name-only,
27430386,rapeseed oil,include,exclude,True,exclude,"name-only: the food is the comparator/vehicle arm, not the exposure of interest (§2 criterion 4)",
29902225,rapeseed oil,include,include,False,include,"human RCT: meal rich in rapeseed oil increased 24-h fat oxidation vs meal rich in palm oil, measured by whole-room indirect calorimetry",
31389518,rapeseed oil,include,include,False,include,systematic review of fatty acid composition effects on postprandial diet-induced thermogenesis in humans; reports rapeseed oil vs olive oil comparison,review
38039598,rapeseed oil,exclude,exclude,False,exclude,animal,
22129860,red wine,exclude,exclude,False,exclude,name-only,
30336572,red wine,exclude,exclude,False,exclude,name-only,
37110530,red wine,exclude,exclude,False,exclude,name-only,
39598748,red wine,exclude,exclude,False,exclude,name-only,
38476667,rice cake,exclude,exclude,False,exclude,name-only,name-only
1998174,sake,exclude,exclude,False,exclude,name-only,
21840131,sake,exclude,exclude,False,exclude,name-only,
24211433,sake,exclude,exclude,False,exclude,name-only,
34675261,sake,exclude,exclude,False,exclude,animal,
3576010,sake,exclude,exclude,False,exclude,name-only,
38912281,sake,exclude,exclude,False,exclude,animal,
7167421,sake,exclude,exclude,False,exclude,name-only,
10821740,salmon,exclude,exclude,False,exclude,animal,
14671713,salmon,exclude,exclude,False,exclude,animal,
15887081,salmon,exclude,exclude,False,exclude,animal,
16041566,salmon,exclude,exclude,False,exclude,animal,
16251963,salmon,exclude,exclude,False,exclude,animal,
18346817,salmon,exclude,exclude,False,exclude,animal,
20735654,salmon,exclude,exclude,False,exclude,animal,
20738700,salmon,exclude,exclude,False,exclude,animal,
21401593,salmon,exclude,exclude,False,exclude,animal,
24279277,salmon,exclude,exclude,False,exclude,animal,
25660625,salmon,exclude,exclude,False,exclude,animal,
25844925,salmon,exclude,exclude,False,exclude,name-only,
27729980,salmon,exclude,exclude,False,exclude,animal,
28640588,salmon,exclude,exclude,False,exclude,animal,
28904762,salmon,exclude,exclude,False,exclude,animal,
29023720,salmon,exclude,exclude,False,exclude,animal,
29514891,salmon,exclude,exclude,False,exclude,no-thermal,
30559717,salmon,exclude,exclude,False,exclude,animal,
30612677,salmon,exclude,exclude,False,exclude,animal,
30744149,salmon,include,include,False,include,"diet-induced thermogenesis, salmon meal vs veal meal, human RCT",
33424124,salmon,exclude,exclude,False,exclude,animal,
33898904,salmon,exclude,exclude,False,exclude,animal,
35069244,salmon,exclude,exclude,False,exclude,animal,
35703021,salmon,exclude,exclude,False,exclude,name-only,
36685329,salmon,exclude,exclude,False,exclude,animal,
39130751,salmon,exclude,exclude,False,exclude,animal,
39178056,salmon,exclude,exclude,False,exclude,name-only,
39439419,salmon,exclude,exclude,False,exclude,animal,
40878923,salmon,exclude,exclude,False,exclude,animal,
41810563,salmon,exclude,exclude,False,exclude,animal,
42400026,salmon,exclude,exclude,False,exclude,animal,
8358621,salmon,exclude,exclude,False,exclude,animal,
9274967,salmon,exclude,exclude,False,exclude,animal,
9378269,salmon,exclude,exclude,False,exclude,animal,
10529491,salt,exclude,exclude,False,exclude,no-thermal,
10679499,salt,exclude,exclude,False,exclude,animal,
10771232,salt,exclude,exclude,False,exclude,name-only,
10963751,salt,exclude,exclude,False,exclude,animal,
10985488,salt,exclude,exclude,False,exclude,name-only,
11094595,salt,exclude,exclude,False,exclude,no-thermal,
11244349,salt,exclude,exclude,False,exclude,name-only,
1125491,salt,exclude,exclude,False,exclude,animal,
1128176,salt,exclude,exclude,False,exclude,animal,
11282148,salt,exclude,exclude,False,exclude,animal,
11328747,salt,exclude,exclude,False,exclude,animal,
11492952,salt,exclude,exclude,False,exclude,no-thermal,
11505864,salt,exclude,exclude,False,exclude,no-thermal,
1152464,salt,exclude,exclude,False,exclude,name-only,
11599713,salt,exclude,exclude,False,exclude,agri,
11824399,salt,exclude,exclude,False,exclude,animal,
11910349,salt,exclude,exclude,False,exclude,animal,
11923264,salt,exclude,exclude,False,exclude,invitro,
12020645,salt,exclude,exclude,False,exclude,animal,
12040536,salt,exclude,exclude,False,exclude,animal,
12062317,salt,exclude,exclude,False,exclude,animal,
12065738,salt,exclude,exclude,False,exclude,name-only,
12108312,salt,exclude,exclude,False,exclude,name-only,
12321237,salt,exclude,exclude,False,exclude,no-thermal,
12396476,salt,exclude,exclude,False,exclude,invitro,
12433968,salt,exclude,exclude,False,exclude,animal,
12562678,salt,exclude,exclude,False,exclude,animal,
12610739,salt,exclude,exclude,False,exclude,name-only,
12745969,salt,exclude,exclude,False,exclude,no-thermal,
14032816,salt,exclude,exclude,False,exclude,no-thermal,
14639100,salt,exclude,exclude,False,exclude,animal,
14736778,salt,exclude,exclude,False,exclude,invitro,
14917618,salt,exclude,exclude,False,exclude,no-thermal,
15206271,salt,exclude,exclude,False,exclude,no-thermal,
15361896,salt,exclude,exclude,False,exclude,name-only,
15901050,salt,exclude,exclude,False,exclude,name-only,
15912679,salt,exclude,exclude,False,exclude,no-thermal,
16043883,salt,exclude,exclude,False,exclude,animal,
16055158,salt,exclude,exclude,False,exclude,name-only,
16092446,salt,exclude,exclude,False,exclude,name-only,
16409401,salt,exclude,exclude,False,exclude,animal,
16487908,salt,exclude,exclude,False,exclude,no-thermal,
16787847,salt,exclude,exclude,False,exclude,livestock-heat,
16908023,salt,exclude,exclude,False,exclude,animal,
17204068,salt,exclude,exclude,False,exclude,name-only,
17310641,salt,exclude,exclude,False,exclude,name-only,
17379285,salt,exclude,exclude,False,exclude,name-only,
17385431,salt,exclude,exclude,False,exclude,animal,
17569993,salt,exclude,exclude,False,exclude,animal,
18323038,salt,exclude,exclude,False,exclude,no-thermal,
18333658,salt,exclude,exclude,False,exclude,no-thermal,
18369660,salt,exclude,exclude,False,exclude,animal,
18495183,salt,exclude,exclude,False,exclude,animal,
1858802,salt,exclude,exclude,False,exclude,name-only,
18672929,salt,exclude,exclude,False,exclude,name-only,
18677901,salt,exclude,exclude,False,exclude,no-thermal,
18801926,salt,exclude,exclude,False,exclude,no-thermal,
18997076,salt,exclude,exclude,False,exclude,livestock-heat,
190383,salt,exclude,exclude,False,exclude,animal,
19393479,salt,exclude,exclude,False,exclude,no-thermal,
19684207,salt,exclude,exclude,False,exclude,animal,
19712477,salt,exclude,exclude,False,exclude,name-only,
19769528,salt,exclude,exclude,False,exclude,name-only,
19867238,salt,exclude,exclude,False,exclude,name-only,
19868742,salt,exclude,exclude,False,exclude,name-only,
20301512,salt,exclude,exclude,False,exclude,no-thermal,
20303218,salt,exclude,exclude,False,exclude,no-thermal,
20405255,salt,exclude,exclude,False,exclude,name-only,
20566061,salt,exclude,exclude,False,exclude,name-only,
20832700,salt,exclude,exclude,False,exclude,no-thermal,
20877688,salt,exclude,exclude,False,exclude,no-thermal,
21035471,salt,exclude,exclude,False,exclude,name-only,
21073325,salt,exclude,exclude,False,exclude,name-only,
21139431,salt,exclude,exclude,False,exclude,agri,
21143657,salt,exclude,exclude,False,exclude,animal,
21310891,salt,exclude,exclude,False,exclude,no-thermal,
2148191,salt,exclude,exclude,False,exclude,no-thermal,
21490606,salt,include,include,False,include,human-oral-salt-core-temperature,
21628384,salt,exclude,exclude,False,exclude,animal,
21694690,salt,exclude,exclude,False,exclude,animal,
21708694,salt,exclude,exclude,False,exclude,animal,
21798047,salt,exclude,exclude,False,exclude,no-thermal,
22359936,salt,exclude,exclude,False,exclude,animal,
2240751,salt,exclude,exclude,False,exclude,no-thermal,
22690601,salt,exclude,exclude,False,exclude,no-thermal,
22696485,salt,exclude,exclude,False,exclude,name-only,
22922106,salt,exclude,exclude,False,exclude,name-only,
23049236,salt,exclude,exclude,False,exclude,name-only,
23181762,salt,exclude,exclude,False,exclude,name-only,
23212455,salt,exclude,exclude,False,exclude,name-only,
23246203,salt,exclude,exclude,False,exclude,name-only,
23253191,salt,include,exclude,True,include,"human RCT, 10 cyclists: oral sodium+water, forearm skin blood flow and sweat rate measured [constituent]",
23500835,salt,exclude,exclude,False,exclude,animal,
23931727,salt,exclude,exclude,False,exclude,name-only,
2397155,salt,exclude,exclude,False,exclude,name-only,
24109554,salt,exclude,exclude,False,exclude,animal,
24136220,salt,exclude,exclude,False,exclude,animal,
2447412,salt,exclude,exclude,False,exclude,animal,
24601805,salt,exclude,exclude,False,exclude,name-only,
24666911,salt,exclude,exclude,False,exclude,name-only,
2479034,salt,exclude,exclude,False,exclude,animal,
24829987,salt,exclude,exclude,False,exclude,no-thermal,
24860681,salt,exclude,exclude,False,exclude,no-thermal,
24886177,salt,exclude,exclude,False,exclude,agri,
24970740,salt,exclude,exclude,False,exclude,name-only,
24997775,salt,exclude,exclude,False,exclude,animal,
2506334,salt,exclude,exclude,False,exclude,animal,
25158789,salt,exclude,exclude,False,exclude,name-only,
25217954,salt,exclude,exclude,False,exclude,name-only,
2525974,salt,exclude,exclude,False,exclude,no-thermal,
25434233,salt,exclude,exclude,False,exclude,animal,
25562998,salt,exclude,exclude,False,exclude,animal,
25729305,salt,include,exclude,True,include,"human, 11 endurance athletes: oral sodium supplementation, thermoregulation indices [constituent]",
26011164,salt,exclude,exclude,False,exclude,animal,
26282014,salt,exclude,exclude,False,exclude,name-only,
26317057,salt,exclude,exclude,False,exclude,animal,
26621332,salt,exclude,exclude,False,exclude,animal,
26675143,salt,exclude,exclude,False,exclude,name-only,
26769917,salt,exclude,exclude,False,exclude,name-only,
2677571,salt,exclude,exclude,False,exclude,animal,
26834351,salt,exclude,exclude,False,exclude,name-only,
27163523,salt,exclude,exclude,False,exclude,animal,
27766854,salt,exclude,exclude,False,exclude,name-only,
28057583,salt,exclude,exclude,False,exclude,name-only,
28130590,salt,exclude,exclude,False,exclude,mechanism-only,
28233123,salt,exclude,exclude,False,exclude,name-only,
28368063,salt,exclude,exclude,False,exclude,name-only,
28415519,salt,exclude,exclude,False,exclude,name-only,
28427995,salt,exclude,exclude,False,exclude,animal,
2850337,salt,exclude,exclude,False,exclude,no-thermal,
28614955,salt,exclude,exclude,False,exclude,animal,
2864298,salt,exclude,exclude,False,exclude,animal,
28824113,salt,exclude,exclude,False,exclude,name-only,
28874461,salt,exclude,exclude,False,exclude,animal,
29066461,salt,exclude,exclude,False,exclude,animal,
29246871,salt,exclude,exclude,False,exclude,name-only,
29496376,salt,exclude,exclude,False,exclude,no-thermal,
29549987,salt,exclude,exclude,False,exclude,animal,
29702046,salt,exclude,exclude,False,exclude,name-only,
30030465,salt,exclude,exclude,False,exclude,name-only,
3012812,salt,exclude,exclude,False,exclude,no-thermal,
3013361,salt,exclude,exclude,False,exclude,animal,
30203947,salt,exclude,exclude,False,exclude,animal,
30580967,salt,exclude,exclude,False,exclude,animal,
30596233,salt,exclude,exclude,False,exclude,name-only,
30691114,salt,exclude,exclude,False,exclude,name-only,
3086509,salt,exclude,exclude,False,exclude,name-only,
30960719,salt,exclude,exclude,False,exclude,name-only,
30980948,salt,exclude,exclude,False,exclude,animal,
31233688,salt,exclude,exclude,False,exclude,no-thermal,
31409767,salt,exclude,exclude,False,exclude,animal,
31413064,salt,exclude,exclude,False,exclude,no-thermal,
31647140,salt,exclude,exclude,False,exclude,name-only,
32018318,salt,exclude,exclude,False,exclude,name-only,
32148404,salt,exclude,exclude,False,exclude,no-thermal,
32183465,salt,exclude,exclude,False,exclude,name-only,
32225028,salt,exclude,exclude,False,exclude,name-only,
32320392,salt,exclude,exclude,False,exclude,name-only,
32539347,salt,exclude,exclude,False,exclude,name-only,
32641825,salt,exclude,exclude,False,exclude,name-only,
32892212,salt,exclude,exclude,False,exclude,no-thermal,
33340110,salt,exclude,exclude,False,exclude,animal,
3349990,salt,include,exclude,True,exclude,"name-only: the exposure of interest is forced water intake (phase II is water alone), not salt (§2 criterion 4)",confounded
33591965,salt,exclude,exclude,False,exclude,animal,
33672348,salt,exclude,exclude,False,exclude,name-only,
33738628,salt,exclude,exclude,False,exclude,name-only,
33918907,salt,exclude,exclude,False,exclude,name-only,
34175819,salt,exclude,exclude,False,exclude,name-only,
3425760,salt,exclude,exclude,False,exclude,animal,
34391123,salt,exclude,exclude,False,exclude,no-thermal,
34971893,salt,exclude,exclude,False,exclude,name-only,
35057434,salt,include,include,False,include,human-oral-salt-DIT,
35152028,salt,exclude,exclude,False,exclude,name-only,
35598095,salt,exclude,exclude,False,exclude,name-only,
35669471,salt,exclude,exclude,False,exclude,no-thermal,
35739571,salt,exclude,exclude,False,exclude,animal,
36394305,salt,exclude,exclude,False,exclude,name-only,
36451714,salt,exclude,exclude,False,exclude,no-thermal,
36547535,salt,exclude,exclude,False,exclude,name-only,
36615578,salt,exclude,exclude,False,exclude,animal,
36655379,salt,include,include,False,include,review-salt-thermogenesis-body-temperature,review
36670439,salt,exclude,exclude,False,exclude,animal,
36896681,salt,exclude,exclude,False,exclude,name-only,
36932281,salt,exclude,exclude,False,exclude,no-thermal,
37055619,salt,exclude,exclude,False,exclude,animal,
37092025,salt,exclude,exclude,False,exclude,name-only,
37321371,salt,exclude,exclude,False,exclude,name-only,
37447205,salt,exclude,exclude,False,exclude,name-only,
37509434,salt,exclude,exclude,False,exclude,name-only,
37766697,salt,exclude,exclude,False,exclude,livestock-heat,
37897264,salt,exclude,exclude,False,exclude,name-only,
380780,salt,exclude,exclude,False,exclude,animal,
38200784,salt,exclude,exclude,False,exclude,livestock-heat,
38228179,salt,exclude,exclude,False,exclude,animal,
38548071,salt,exclude,exclude,False,exclude,name-only,
38574849,salt,exclude,exclude,False,exclude,animal,
38675229,salt,exclude,exclude,False,exclude,animal,
38991264,salt,exclude,exclude,False,exclude,animal,
39005140,salt,exclude,exclude,False,exclude,animal,
39163753,salt,exclude,exclude,False,exclude,animal,
39233784,salt,exclude,exclude,False,exclude,animal,
39433680,salt,exclude,exclude,False,exclude,animal,
39446394,salt,exclude,exclude,False,exclude,name-only,
39654710,salt,exclude,exclude,False,exclude,invitro,
39721191,salt,exclude,exclude,False,exclude,agri,
40286097,salt,exclude,exclude,False,exclude,name-only,
40384110,salt,exclude,exclude,False,exclude,name-only,
40858171,salt,exclude,exclude,False,exclude,animal,
40926793,salt,exclude,exclude,False,exclude,no-thermal,
41248711,salt,exclude,exclude,False,exclude,name-only,
41381461,salt,exclude,exclude,False,exclude,animal,
41460707,salt,exclude,exclude,False,exclude,name-only,
41542595,salt,exclude,exclude,False,exclude,name-only,
41553686,salt,exclude,exclude,False,exclude,animal,
41752125,salt,exclude,exclude,False,exclude,name-only,
4196699,salt,exclude,exclude,False,exclude,animal,
42036509,salt,exclude,exclude,False,exclude,name-only,
42054132,salt,exclude,exclude,False,exclude,name-only,
42077798,salt,exclude,exclude,False,exclude,name-only,
42146207,salt,exclude,exclude,False,exclude,name-only,
42159404,salt,exclude,exclude,False,exclude,name-only,
5499027,salt,exclude,exclude,False,exclude,animal,
5548019,salt,exclude,exclude,False,exclude,animal,
6137492,salt,exclude,exclude,False,exclude,invitro,
6247920,salt,exclude,exclude,False,exclude,animal,
6479887,salt,exclude,exclude,False,exclude,name-only,
6719468,salt,exclude,exclude,False,exclude,animal,
6791602,salt,exclude,exclude,False,exclude,animal,
6862696,salt,exclude,exclude,False,exclude,no-thermal,
7197539,salt,exclude,exclude,False,exclude,name-only,
7396038,salt,exclude,exclude,False,exclude,animal,
7422900,salt,exclude,exclude,False,exclude,animal,
7610127,salt,exclude,exclude,False,exclude,animal,
7623291,salt,exclude,exclude,False,exclude,animal,
7643821,salt,exclude,exclude,False,exclude,name-only,
7721440,salt,exclude,exclude,False,exclude,animal,
773568,salt,exclude,exclude,False,exclude,no-thermal,
780382,salt,exclude,exclude,False,exclude,livestock-heat,
7965735,salt,exclude,exclude,False,exclude,name-only,
7991311,salt,exclude,exclude,False,exclude,animal,
8141152,salt,exclude,exclude,False,exclude,animal,
814941,salt,exclude,exclude,False,exclude,animal,
8180703,salt,exclude,exclude,False,exclude,name-only,
8254119,salt,exclude,exclude,False,exclude,animal,
8266293,salt,exclude,exclude,False,exclude,no-thermal,
8505832,salt,exclude,exclude,False,exclude,name-only,
8622815,salt,exclude,exclude,False,exclude,animal,
8800478,salt,exclude,exclude,False,exclude,animal,
9063878,salt,exclude,exclude,False,exclude,animal,
9329157,salt,exclude,exclude,False,exclude,name-only,
9392840,salt,exclude,exclude,False,exclude,animal,
94237,salt,exclude,exclude,False,exclude,invitro,
9502766,salt,exclude,exclude,False,exclude,animal,
964392,salt,exclude,exclude,False,exclude,name-only,
9728490,salt,exclude,exclude,False,exclude,name-only,
9852554,salt,exclude,exclude,False,exclude,name-only,
1126312,sesame,exclude,exclude,False,exclude,animal,
1598027,sesame,exclude,exclude,False,exclude,animal,
19758570,sesame,exclude,exclude,False,exclude,animal,
26830545,sesame,exclude,exclude,False,exclude,animal,
30415772,sesame,exclude,exclude,False,exclude,animal,
34652500,sesame,exclude,exclude,False,exclude,animal,
8486914,sesame,exclude,exclude,False,exclude,animal,
1126312,sesame oil,exclude,exclude,False,exclude,animal,animal
19758570,sesame oil,exclude,exclude,False,exclude,animal,animal
26830545,sesame oil,exclude,exclude,False,exclude,animal,animal
34652500,sesame oil,exclude,exclude,False,exclude,animal,animal
8486914,sesame oil,exclude,exclude,False,exclude,animal,animal
10396183,shrimp,exclude,exclude,False,exclude,animal,
15619571,shrimp,exclude,exclude,False,exclude,animal,
30796582,shrimp,exclude,exclude,False,exclude,animal,
31073901,shrimp,exclude,exclude,False,exclude,animal,
37511332,shrimp,exclude,exclude,False,exclude,animal,
37865676,shrimp,exclude,exclude,False,exclude,animal,
441455,shrimp,exclude,exclude,False,exclude,animal,
11731173,soybean,exclude,exclude,False,exclude,animal,
12231983,soybean,exclude,exclude,False,exclude,name-only,
12656217,soybean,exclude,exclude,False,exclude,animal,
12775122,soybean,include,exclude,True,exclude,"name-only: the food is the comparator/vehicle arm, not the exposure of interest (§2 criterion 4)",confounded
14718746,soybean,exclude,exclude,False,exclude,no-thermal,
15702593,soybean,exclude,exclude,False,exclude,name-only,
15769117,soybean,exclude,exclude,False,exclude,no-thermal,
16379571,soybean,exclude,exclude,False,exclude,no-thermal,
16508253,soybean,exclude,exclude,False,exclude,not-ingestion,
17703780,soybean,exclude,exclude,False,exclude,animal,
18177980,soybean,exclude,exclude,False,exclude,name-only,
19793640,soybean,exclude,exclude,False,exclude,animal,
20404537,soybean,exclude,exclude,False,exclude,name-only,
21050137,soybean,exclude,exclude,False,exclude,not-ingestion,
2187945,soybean,exclude,exclude,False,exclude,no-thermal,
21894990,soybean,exclude,exclude,False,exclude,animal,
22443735,soybean,exclude,exclude,False,exclude,animal,
22623391,soybean,exclude,exclude,False,exclude,animal,
23510583,soybean,exclude,exclude,False,exclude,animal,
23768185,soybean,exclude,exclude,False,exclude,name-only,
2441419,soybean,exclude,exclude,False,exclude,animal,
24534841,soybean,exclude,exclude,False,exclude,animal,
24882411,soybean,exclude,exclude,False,exclude,animal,
25772907,soybean,exclude,exclude,False,exclude,animal,
25956662,soybean,exclude,exclude,False,exclude,animal,
26044955,soybean,exclude,exclude,False,exclude,animal,
2632063,soybean,exclude,exclude,False,exclude,animal,
26621556,soybean,exclude,exclude,False,exclude,name-only,
27251982,soybean,exclude,exclude,False,exclude,not-ingestion,
27984496,soybean,exclude,exclude,False,exclude,not-ingestion,
28990262,soybean,exclude,exclude,False,exclude,animal,
29037407,soybean,exclude,exclude,False,exclude,livestock-heat,
29473916,soybean,exclude,exclude,False,exclude,animal,
30275870,soybean,exclude,exclude,False,exclude,animal,
3063836,soybean,exclude,exclude,False,exclude,not-ingestion,
30689908,soybean,exclude,exclude,False,exclude,livestock-heat,
31825421,soybean,exclude,exclude,False,exclude,animal,
32704895,soybean,exclude,exclude,False,exclude,animal,
33059446,soybean,exclude,exclude,False,exclude,animal,
3379169,soybean,exclude,exclude,False,exclude,animal,
34226974,soybean,exclude,exclude,False,exclude,livestock-heat,
34617488,soybean,exclude,exclude,False,exclude,animal,
35872746,soybean,exclude,exclude,False,exclude,not-ingestion,
35920097,soybean,exclude,exclude,False,exclude,animal,
3596936,soybean,exclude,exclude,False,exclude,animal,
36297768,soybean,exclude,exclude,False,exclude,agri,
3702607,soybean,exclude,exclude,False,exclude,animal,
37114142,soybean,exclude,exclude,False,exclude,animal,
3737642,soybean,exclude,exclude,False,exclude,animal,
37685035,soybean,exclude,exclude,False,exclude,livestock-heat,
38219255,soybean,exclude,exclude,False,exclude,livestock-heat,
38521331,soybean,exclude,exclude,False,exclude,not-ingestion,
39553243,soybean,exclude,exclude,False,exclude,animal,
39705913,soybean,exclude,exclude,False,exclude,animal,
40527065,soybean,exclude,exclude,False,exclude,not-ingestion,
41251140,soybean,exclude,exclude,False,exclude,animal,
42176584,soybean,exclude,exclude,False,exclude,animal,
42188172,soybean,exclude,exclude,False,exclude,animal,
7197668,soybean,exclude,exclude,False,exclude,animal,
7552772,soybean,exclude,exclude,False,exclude,animal,
7929966,soybean,exclude,exclude,False,exclude,livestock-heat,
8379216,soybean,exclude,exclude,False,exclude,animal,
8525647,soybean,exclude,exclude,False,exclude,animal,
874566,soybean,exclude,exclude,False,exclude,animal,
9227804,soybean,exclude,exclude,False,exclude,animal,
9414560,soybean,exclude,exclude,False,exclude,name-only,
9542107,soybean,exclude,exclude,False,exclude,name-only,
9688065,soybean,exclude,exclude,False,exclude,not-ingestion,
1745900,spinach,exclude,exclude,True,exclude,"name-only: iron deficiency review, no thermal outcome indexed",
22083897,spinach,exclude,exclude,False,exclude,animal,
36626122,spinach,exclude,exclude,False,exclude,name-only,
21373198,squid,exclude,exclude,False,exclude,name-only,name-only;animal
30133086,squid,exclude,exclude,False,exclude,name-only,name-only
30796915,squid,exclude,exclude,False,exclude,animal,animal
31036806,squid,exclude,exclude,False,exclude,name-only,name-only
32264399,squid,exclude,exclude,False,exclude,name-only,name-only
34703062,squid,exclude,exclude,False,exclude,name-only,name-only;animal
38124793,squid,exclude,exclude,False,exclude,name-only,name-only
23607016,strawberry,exclude,exclude,False,exclude,name-only,name-only
40431382,sweet potato,exclude,exclude,False,exclude,animal,
30133249,tofu,exclude,exclude,False,exclude,name-only,
31825421,tofu,exclude,exclude,False,exclude,animal,
22253737,tomato,exclude,exclude,False,exclude,agri,
22317491,tomato,exclude,exclude,False,exclude,name-only,
27570829,tomato,exclude,exclude,False,exclude,name-only,
28103254,tomato,exclude,exclude,False,exclude,name-only,
37849842,tomato,exclude,exclude,False,exclude,name-only,
41710513,tomato,exclude,exclude,False,exclude,agri,
10518994,tuna,exclude,exclude,False,exclude,invitro,
11247835,tuna,exclude,exclude,False,exclude,invitro,
11509729,tuna,exclude,exclude,False,exclude,animal,
15579559,tuna,exclude,exclude,False,exclude,invitro,
16041566,tuna,exclude,exclude,False,exclude,animal,
1641023,tuna,exclude,exclude,False,exclude,animal,
19880733,tuna,exclude,exclude,False,exclude,animal,
21779352,tuna,exclude,exclude,False,exclude,animal,
27614233,tuna,exclude,exclude,False,exclude,animal,
27859170,tuna,exclude,exclude,False,exclude,animal,
30364966,tuna,exclude,exclude,False,exclude,animal,
30735702,tuna,exclude,exclude,False,exclude,animal,
32942994,tuna,exclude,exclude,False,exclude,animal,
34703062,tuna,exclude,exclude,False,exclude,animal,
36060676,tuna,exclude,exclude,False,exclude,animal,
37273070,tuna,exclude,exclude,False,exclude,animal,
37637216,tuna,exclude,exclude,False,exclude,name-only,
38782254,tuna,exclude,exclude,False,exclude,animal,
39958691,tuna,exclude,exclude,False,exclude,animal,
40510265,tuna,exclude,exclude,False,exclude,animal,
40878923,tuna,exclude,exclude,False,exclude,animal,
41329773,tuna,exclude,exclude,False,exclude,animal,
5219763,tuna,exclude,exclude,False,exclude,animal,
5777368,tuna,exclude,exclude,False,exclude,animal,
7505227,tuna,exclude,exclude,False,exclude,name-only,
9310366,tuna,exclude,exclude,False,exclude,invitro,
9317282,tuna,exclude,exclude,False,exclude,animal,
9317376,tuna,exclude,exclude,False,exclude,animal,
28309838,turnip,exclude,exclude,False,exclude,name-only,name-only;animal
10720985,vinegar,exclude,exclude,False,exclude,name-only,
15930480,vinegar,exclude,exclude,False,exclude,name-only,
29399720,vinegar,exclude,exclude,False,exclude,livestock-heat,
37037372,vinegar,exclude,exclude,False,exclude,name-only,
40376962,vinegar,exclude,exclude,False,exclude,name-only,
11365014,wakame,exclude,exclude,True,exclude,"uncertain-species: seaweed-extract product notice; no MeSH, no species, no study design stated",
15896707,wakame,exclude,exclude,False,exclude,animal,
32315653,wakame,exclude,exclude,False,exclude,name-only,
37175909,wakame,exclude,exclude,False,exclude,name-only,
21093029,walnut,exclude,exclude,False,exclude,animal,
33857511,walnut,exclude,exclude,False,exclude,animal,
8928952,walnut,exclude,exclude,False,exclude,animal,
25193009,watermelon,exclude,exclude,False,exclude,animal,
25276066,watermelon,exclude,exclude,False,exclude,animal,
32055198,watermelon,exclude,exclude,False,exclude,livestock-heat,
32174763,watermelon,exclude,exclude,False,exclude,livestock-heat,
11016840,wheat,exclude,exclude,False,exclude,invitro,
12743723,wheat,exclude,exclude,False,exclude,animal,
1612196,wheat,exclude,exclude,False,exclude,name-only,
17626808,wheat,exclude,exclude,False,exclude,name-only,
18177980,wheat,exclude,exclude,False,exclude,name-only,
18481133,wheat,exclude,exclude,False,exclude,invitro,
18939650,wheat,exclude,exclude,False,exclude,animal,
19233799,wheat,exclude,exclude,False,exclude,animal,
2123594,wheat,exclude,exclude,False,exclude,animal,
21307596,wheat,exclude,exclude,False,exclude,animal,
21832834,wheat,exclude,exclude,False,exclude,animal,
22841850,wheat,exclude,exclude,False,exclude,invitro,
23482576,wheat,exclude,exclude,False,exclude,animal,
2361524,wheat,exclude,exclude,False,exclude,animal,
24078602,wheat,exclude,exclude,False,exclude,name-only,
24229797,wheat,exclude,exclude,False,exclude,livestock-heat,
25772223,wheat,exclude,exclude,False,exclude,livestock-heat,
26443339,wheat,exclude,exclude,False,exclude,animal,
27461561,wheat,exclude,exclude,False,exclude,animal,
28002684,wheat,exclude,exclude,False,exclude,name-only,
28990262,wheat,exclude,exclude,False,exclude,animal,
29037407,wheat,exclude,exclude,False,exclude,livestock-heat,
29471400,wheat,exclude,exclude,False,exclude,livestock-heat,
29605310,wheat,exclude,exclude,False,exclude,animal,
29635346,wheat,exclude,exclude,False,exclude,livestock-heat,
29796791,wheat,exclude,exclude,False,exclude,livestock-heat,
30689908,wheat,exclude,exclude,False,exclude,livestock-heat,
32141798,wheat,exclude,exclude,False,exclude,name-only,
32704895,wheat,exclude,exclude,False,exclude,livestock-heat,
33027513,wheat,exclude,exclude,False,exclude,animal,
35681860,wheat,exclude,exclude,False,exclude,livestock-heat,
36009623,wheat,exclude,exclude,False,exclude,livestock-heat,
36289576,wheat,exclude,exclude,False,exclude,agri,
37940578,wheat,exclude,exclude,False,exclude,animal,
38219255,wheat,exclude,exclude,False,exclude,livestock-heat,
38613012,wheat,exclude,exclude,False,exclude,animal,
39026559,wheat,exclude,exclude,False,exclude,animal,
40218438,wheat,exclude,exclude,False,exclude,livestock-heat,
40414810,wheat,exclude,exclude,False,exclude,animal,
41485974,wheat,exclude,exclude,False,exclude,animal,
42108873,wheat,exclude,exclude,False,exclude,animal,
575906,wheat,exclude,exclude,False,exclude,animal,
6720614,wheat,exclude,exclude,False,exclude,name-only,
7502542,wheat,exclude,exclude,False,exclude,animal,
8525647,wheat,exclude,exclude,False,exclude,animal,
9511005,wheat,exclude,exclude,False,exclude,animal,
24176228,white bread,exclude,exclude,False,exclude,name-only,name-only
15447894,white rice,exclude,exclude,False,exclude,no-thermal,
10451566,white sugar,exclude,exclude,False,exclude,invitro,
10490784,white sugar,include,include,False,include,carbohydrate(sucrose)-induced thermogenesis measured before/after weight loss in obese adolescents,
10751749,white sugar,exclude,exclude,False,exclude,animal,
10818246,white sugar,exclude,exclude,False,exclude,animal,
10888287,white sugar,include,include,False,include,sucrose ingestion increases early postprandial energy expenditure vs isocaloric aspartame/maltodextrin control (RCT),
11156940,white sugar,exclude,exclude,False,exclude,animal,
11166303,white sugar,exclude,exclude,False,exclude,animal,
11456216,white sugar,exclude,exclude,False,exclude,invitro,
11742841,white sugar,exclude,exclude,False,exclude,animal,
12183482,white sugar,exclude,exclude,False,exclude,animal,
12208304,white sugar,exclude,exclude,False,exclude,animal,
12569166,white sugar,exclude,exclude,False,exclude,animal,
12714358,white sugar,exclude,exclude,False,exclude,animal,
12770387,white sugar,exclude,exclude,False,exclude,animal,
12803607,white sugar,exclude,exclude,False,exclude,species-mismatch,
12827417,white sugar,exclude,exclude,False,exclude,animal,
1379490,white sugar,exclude,exclude,False,exclude,animal,
1443420,white sugar,exclude,exclude,False,exclude,animal,
1461139,white sugar,exclude,exclude,False,exclude,animal,
1468306,white sugar,exclude,exclude,False,exclude,animal,
15355879,white sugar,exclude,exclude,False,exclude,invitro,
15621063,white sugar,exclude,exclude,False,exclude,name-only,
15906244,white sugar,exclude,exclude,False,exclude,name-only,
16385748,white sugar,exclude,exclude,False,exclude,name-only,
16558151,white sugar,exclude,exclude,False,exclude,name-only,
16822824,white sugar,include,include,False,include,sucrose solution ingestion significantly increases energy expenditure used as positive control in water-thermogenesis study,
17141367,white sugar,exclude,exclude,False,exclude,name-only,
17325683,white sugar,exclude,exclude,False,exclude,animal,
17569993,white sugar,exclude,exclude,False,exclude,not-ingestion,
1867761,white sugar,exclude,exclude,False,exclude,animal,
19356682,white sugar,exclude,exclude,False,exclude,animal,
1943261,white sugar,exclude,exclude,False,exclude,not-ingestion,
19591880,white sugar,exclude,exclude,False,exclude,animal,
19619303,white sugar,exclude,exclude,False,exclude,invitro,
1973620,white sugar,exclude,exclude,False,exclude,invitro,
19956074,white sugar,exclude,exclude,False,exclude,name-only,
20153418,white sugar,exclude,exclude,False,exclude,animal,
20399195,white sugar,exclude,exclude,False,exclude,invitro,
20478328,white sugar,exclude,exclude,False,exclude,animal,
20663467,white sugar,exclude,exclude,False,exclude,name-only,
20708081,white sugar,exclude,exclude,False,exclude,animal,
2079362,white sugar,exclude,exclude,False,exclude,animal,
20881250,white sugar,exclude,exclude,False,exclude,animal,
21504975,white sugar,include,include,False,include,postprandial (meal-induced) thermogenesis after sucrose- vs honey-containing meal (RCT),
21628384,white sugar,exclude,exclude,False,exclude,invitro,
22723718,white sugar,exclude,exclude,False,exclude,animal,
2276854,white sugar,include,include,False,include,sucrose-containing hypocaloric diet effect on resting metabolic rate vs protein/fat diets (human RCT),
2281951,white sugar,include,include,False,include,sucrose-induced postprandial thermogenesis and effect of palatability variation (human RCT),
23257930,white sugar,exclude,exclude,False,exclude,animal,
23902913,white sugar,exclude,exclude,False,exclude,animal,
23941499,white sugar,include,include,False,include,review of diet-induced thermogenesis/REE after sucrose (FCCS) ingestion vs glucose in human trials,review
24534841,white sugar,exclude,exclude,False,exclude,animal,
25013504,white sugar,exclude,exclude,False,exclude,invitro,
25061558,white sugar,exclude,exclude,False,exclude,animal,
25285641,white sugar,exclude,exclude,False,exclude,animal,
25626534,white sugar,exclude,exclude,False,exclude,invitro,
2573470,white sugar,exclude,exclude,False,exclude,animal,
26286881,white sugar,exclude,exclude,False,exclude,animal,
26855774,white sugar,exclude,exclude,False,exclude,name-only,
27085778,white sugar,exclude,exclude,False,exclude,animal,
27320240,white sugar,exclude,exclude,False,exclude,animal,
2759936,white sugar,exclude,exclude,False,exclude,animal,
27681312,white sugar,exclude,exclude,False,exclude,animal,
2793063,white sugar,exclude,exclude,False,exclude,animal,
28103254,white sugar,exclude,exclude,False,exclude,invitro,
2827501,white sugar,exclude,exclude,False,exclude,animal,
2827677,white sugar,exclude,exclude,False,exclude,invitro,
28580279,white sugar,exclude,exclude,False,exclude,animal,
28595152,white sugar,exclude,exclude,False,exclude,invitro,
2859937,white sugar,exclude,exclude,False,exclude,animal,
29298809,white sugar,exclude,exclude,False,exclude,name-only,
29351420,white sugar,exclude,exclude,False,exclude,animal,
29482048,white sugar,exclude,exclude,False,exclude,animal,
29844200,white sugar,exclude,exclude,False,exclude,animal,
30083885,white sugar,exclude,exclude,False,exclude,animal,
30084652,white sugar,exclude,exclude,False,exclude,animal,
30196900,white sugar,include,include,False,include,pre-exercise sucrose ingestion effect on thermoregulatory response during running (RCT vs placebo),
30212233,white sugar,exclude,exclude,False,exclude,animal,
3024508,white sugar,exclude,exclude,False,exclude,animal,
30301195,white sugar,exclude,exclude,False,exclude,animal,
3042931,white sugar,exclude,exclude,False,exclude,animal,
30504007,white sugar,exclude,exclude,False,exclude,animal,
30678223,white sugar,exclude,exclude,False,exclude,mechanism-only,
31158357,white sugar,exclude,exclude,False,exclude,animal,
31412267,white sugar,exclude,exclude,False,exclude,animal,
31467421,white sugar,exclude,exclude,False,exclude,animal,
31843339,white sugar,exclude,exclude,False,exclude,animal,
31950846,white sugar,exclude,exclude,False,exclude,animal,
32237456,white sugar,exclude,exclude,False,exclude,animal,
32393053,white sugar,exclude,exclude,False,exclude,animal,
32857478,white sugar,exclude,exclude,False,exclude,animal,
3304593,white sugar,include,include,False,include,oral sucrose ingestion induces increases in oxygen consumption/thermogenesis in nonobese and obese subjects at different ambient temperatures,
33066498,white sugar,include,include,False,include,sucrose ingestion induces body core temperature rise modulated by sweet taste receptor blockade,
33451856,white sugar,exclude,exclude,False,exclude,animal,
3348154,white sugar,exclude,exclude,False,exclude,animal,
3365944,white sugar,exclude,exclude,False,exclude,animal,
33727125,white sugar,exclude,exclude,False,exclude,animal,
33794225,white sugar,exclude,exclude,False,exclude,animal,
33878302,white sugar,exclude,exclude,False,exclude,animal,
3396515,white sugar,exclude,exclude,False,exclude,animal,
33991450,white sugar,exclude,exclude,False,exclude,animal,
34004342,white sugar,exclude,exclude,False,exclude,animal,
34072006,white sugar,include,include,False,include,sucrose ingestion effect on thermoregulatory responses during exercise in heat (RCT vs isomaltulose/water),
3429025,white sugar,exclude,exclude,False,exclude,animal,
34361015,white sugar,exclude,exclude,False,exclude,name-only,
3500199,white sugar,exclude,exclude,False,exclude,animal,
35033724,white sugar,exclude,exclude,False,exclude,animal,
35142428,white sugar,exclude,exclude,False,exclude,animal,
3514568,white sugar,exclude,exclude,False,exclude,animal,
3524617,white sugar,exclude,exclude,False,exclude,name-only,
35354056,white sugar,exclude,exclude,False,exclude,animal,
35396846,white sugar,exclude,exclude,False,exclude,animal,
35643066,white sugar,exclude,exclude,False,exclude,animal,
3588348,white sugar,exclude,exclude,False,exclude,animal,
35961609,white sugar,exclude,exclude,False,exclude,no-thermal,
3605381,white sugar,exclude,exclude,False,exclude,animal,
36060961,white sugar,exclude,exclude,False,exclude,animal,
36176772,white sugar,exclude,exclude,False,exclude,animal,
36270573,white sugar,exclude,exclude,False,exclude,animal,
36419345,white sugar,exclude,exclude,False,exclude,animal,
36432396,white sugar,exclude,exclude,False,exclude,animal,
36532532,white sugar,exclude,exclude,False,exclude,invitro,
3668686,white sugar,exclude,exclude,False,exclude,animal,
36745510,white sugar,exclude,exclude,True,exclude,"no-thermal: the exposure is a whole obesogenic diet, with no sugar-specific thermal readout (§3 whole-diet rule)",
3683345,white sugar,exclude,exclude,False,exclude,animal,
3688276,white sugar,exclude,exclude,False,exclude,animal,
37422170,white sugar,exclude,exclude,False,exclude,animal,
37499977,white sugar,exclude,exclude,False,exclude,animal,
37640271,white sugar,exclude,exclude,False,exclude,animal,
3766775,white sugar,exclude,exclude,False,exclude,animal,
37790401,white sugar,include,include,False,include,postprandial metabolic rate response to sucrose ingestion (whole-room calorimeter validation),
3855564,white sugar,exclude,exclude,False,exclude,invitro,
38574849,white sugar,exclude,exclude,False,exclude,animal,
39286269,white sugar,exclude,exclude,False,exclude,animal,
39417925,white sugar,exclude,exclude,False,exclude,animal,
3952171,white sugar,exclude,exclude,False,exclude,animal,
39591960,white sugar,exclude,exclude,False,exclude,name-only,
39605925,white sugar,exclude,exclude,False,exclude,animal,
39759072,white sugar,exclude,exclude,False,exclude,animal,
39771046,white sugar,exclude,exclude,False,exclude,animal,
40094220,white sugar,exclude,exclude,False,exclude,animal,
4010466,white sugar,exclude,exclude,False,exclude,animal,
40246053,white sugar,exclude,exclude,False,exclude,animal,
4025193,white sugar,exclude,exclude,False,exclude,animal,
40275300,white sugar,exclude,exclude,False,exclude,animal,
40349341,white sugar,exclude,exclude,False,exclude,animal,
4037080,white sugar,exclude,exclude,False,exclude,animal,
40371876,white sugar,exclude,exclude,False,exclude,name-only,
4046838,white sugar,exclude,exclude,False,exclude,invitro,
40472198,white sugar,include,include,False,include,sucrose-containing hyperhydration beverage effect on thermoregulation during exercise in heat,confounded
40571632,white sugar,exclude,exclude,False,exclude,animal,
40585527,white sugar,exclude,exclude,False,exclude,animal,
40645373,white sugar,exclude,exclude,False,exclude,animal,
40686183,white sugar,exclude,exclude,False,exclude,animal,
40754228,white sugar,exclude,exclude,False,exclude,animal,
40755251,white sugar,exclude,exclude,False,exclude,animal,
41308745,white sugar,exclude,exclude,False,exclude,animal,
41373963,white sugar,exclude,exclude,False,exclude,name-only,
41412277,white sugar,exclude,exclude,False,exclude,animal,
41611008,white sugar,exclude,exclude,False,exclude,animal,
41629996,white sugar,exclude,exclude,False,exclude,name-only,
521943,white sugar,exclude,exclude,False,exclude,animal,
6141877,white sugar,exclude,exclude,False,exclude,animal,
6271618,white sugar,exclude,exclude,False,exclude,animal,
6365657,white sugar,exclude,exclude,False,exclude,no-thermal,
6416320,white sugar,exclude,exclude,False,exclude,animal,
6421232,white sugar,exclude,exclude,False,exclude,invitro,
6431449,white sugar,exclude,exclude,False,exclude,animal,
6439442,white sugar,exclude,exclude,False,exclude,animal,
6466443,white sugar,exclude,exclude,False,exclude,animal,
6615467,white sugar,exclude,exclude,False,exclude,animal,
6645964,white sugar,include,include,False,include,case report - sucrose/carbohydrate intake associated with resolution of hypothermia in anorexia nervosa patient,confounded
6693990,white sugar,exclude,exclude,False,exclude,animal,
6732877,white sugar,exclude,exclude,False,exclude,animal,
6748950,white sugar,exclude,exclude,False,exclude,animal,
6801959,white sugar,include,include,False,include,dietary-induced thermogenesis after sucrose vs glucose ingestion in normal-weight and overweight men (RCT),
6827991,white sugar,exclude,exclude,False,exclude,animal,
6874952,white sugar,exclude,exclude,False,exclude,animal,
6891078,white sugar,exclude,exclude,False,exclude,animal,
7126285,white sugar,exclude,exclude,False,exclude,animal,
7862916,white sugar,exclude,exclude,False,exclude,animal,
7868052,white sugar,exclude,exclude,False,exclude,animal,
8315557,white sugar,include,include,False,include,food-induced thermogenesis after oral sucrose load in obese vs normal-weight children,
8475254,white sugar,exclude,exclude,False,exclude,animal,
8508195,white sugar,include,exclude,True,exclude,"name-only: the food is the comparator/vehicle arm, not the exposure of interest (§2 criterion 4)",confounded
8648434,white sugar,exclude,exclude,False,exclude,animal,
8836952,white sugar,exclude,exclude,False,exclude,name-only,
8843178,white sugar,include,include,False,include,postprandial thermogenesis after sucrose (cane sugar) ingestion compared with fructose/glucose/starch,
9063878,white sugar,exclude,exclude,False,exclude,invitro,
9087645,white sugar,exclude,exclude,False,exclude,animal,
9383124,white sugar,exclude,exclude,False,exclude,name-only,
9401646,white sugar,exclude,exclude,False,exclude,no-thermal,
9486297,white sugar,exclude,exclude,False,exclude,animal,
9852554,white sugar,exclude,exclude,False,exclude,name-only,
9925348,white sugar,exclude,exclude,False,exclude,name-only,
40020808,yam,exclude,exclude,False,exclude,not-ingestion,
17686017,zucchini,exclude,exclude,False,exclude,name-only,name-only;agri
